6.1735 	INFO 	Loaded monitor calibration from ['2025_08_19 09:48']
6.3002 	INFO 	Using renderer 'Intel(R) UHD Graphics' for graphics
6.3002 	INFO 	OpenGL version supported by driver is 4..
6.3152 	EXP 	Created window1 = Window(allowGUI=True, allowStencil=False, autoLog=True, backendConf=UNKNOWN, backgroundFit=<method-wrapper '__getattribute__' of attributeSetter object at 0x0000027560712B30>, backgroundImage=<method-wrapper '__getattribute__' of attributeSetter object at 0x0000027560712B90>, bitsMode=UNKNOWN, blendMode='avg', bpc=(8, 8, 8), color=array([0, 0, 0]), colorSpace='rgb', depthBits=8, fullscr=False, gamma=None, gammaErrorPolicy='raise', infoMsg=UNKNOWN, lms=UNKNOWN, monitor=<psychopy.monitors.calibTools.Monitor object at 0x000002755FCEDD50>, multiSample=False, name='window1', numSamples=2, pos=[np.float64(320.0), np.float64(180.0)], screen=0, size=array([1280,  720]), stencilBits=0, stereo=False, title='PsychoPy', units='height', useFBO=True, useRetina=False, viewOri=0.0, viewPos=None, viewScale=None, waitBlanking=True, winType='pyglet')
6.3153 	EXP 	window1: backgroundImage = ''
6.3153 	EXP 	window1: backgroundFit = 'none'
6.6499 	EXP 	window1: Attempting to measure frame rate of screen (0) ...
6.6499 	EXP 	window1: recordFrameIntervals = False
6.8243 	EXP 	window1: recordFrameIntervals = True
7.0073 	EXP 	Screen (0) actual frame rate measured at 60.17Hz
7.0073 	EXP 	window1: recordFrameIntervals = False
7.2064 	INFO 	keyboard.Keyboard is using ptb backend.
7.2065 	EXP 	untitled: status = STARTED
7.2091 	EXP 	Created fixation = ShapeStim(__class__=<class 'psychopy.visual.shape.ShapeStim'>, anchor=('center', 'center'), autoDraw=False, autoLog=True, closeShape=True, color=method-wrapper(...), colorSpace='rgb', contrast=None, depth=0.0, draggable=False, fillColor=array([1, 1, 1]), fillColorSpace='rgb', fillRGB=array([1, 1, 1]), interpolate=True, lineColor=array([1., 1., 1.]), lineColorSpace='rgb', lineRGB=array([1, 1, 1]), lineWidth=1.0, name='fixation', opacity=1, ori=0.0, pos=array([0., 0.]), size=array([0.1, 0.1]), units='height', vertices=ndarray(...), win=Window(...), windingRule=None)
7.2783 	EXP 	Created target = TextStim(__class__=<class 'psychopy.visual.text.TextStim'>, alignHoriz=method-wrapper(...), alignText='center', alignVert=method-wrapper(...), anchorHoriz='center', anchorVert='center', antialias=True, autoDraw=False, autoLog=True, bold=False, color=array([1., 1., 1.]), colorSpace='rgb', contrast=1.0, depth=-1.0, draggable=False, flipHoriz=False, flipVert=False, font='Arial', fontFiles=[], height=np.float64(0.05), italic=False, languageStyle='LTR', name='target', opacity=1, ori=0.0, pos=array([0., 0.]), rgb=UNKNOWN, text='T', units='height', win=Window(...), wrapWidth=1)
0.0114 	EXP 	New trial (rep=0, index=0): <Trial 0 (0 in rep 0) data={'thisN': 0, 'thisTrialN': 0, 'thisRepN': 0}>
0.0168 	EXP 	Created distr = TextStim(__class__=<class 'psychopy.visual.text.TextStim'>, alignHoriz=method-wrapper(...), alignText='center', alignVert=method-wrapper(...), anchorHoriz='center', anchorVert='center', antialias=True, autoDraw=False, autoLog=True, bold=False, color=array([1., 1., 1.]), colorSpace='rgb', contrast=1.0, depth=0, draggable=False, flipHoriz=False, flipVert=False, font='Open Sans', fontFiles=[], height=np.float64(0.1), italic=False, languageStyle='LTR', name='distr', opacity=1.0, ori=94, pos=array([ 0.44471086, -0.0655864 ]), rgb=UNKNOWN, text='L', units='height', win=Window(...), wrapWidth=1)
0.0186 	EXP 	Created distr = TextStim(__class__=<class 'psychopy.visual.text.TextStim'>, alignHoriz=method-wrapper(...), alignText='center', alignVert=method-wrapper(...), anchorHoriz='center', anchorVert='center', antialias=True, autoDraw=False, autoLog=True, bold=False, color=array([1., 1., 1.]), colorSpace='rgb', contrast=1.0, depth=0, draggable=False, flipHoriz=False, flipVert=False, font='Open Sans', fontFiles=[], height=np.float64(0.1), italic=False, languageStyle='LTR', name='distr', opacity=1.0, ori=224, pos=array([ 0.19059979, -0.08139202]), rgb=UNKNOWN, text='L', units='height', win=Window(...), wrapWidth=1)
0.0201 	EXP 	Created distr = TextStim(__class__=<class 'psychopy.visual.text.TextStim'>, alignHoriz=method-wrapper(...), alignText='center', alignVert=method-wrapper(...), anchorHoriz='center', anchorVert='center', antialias=True, autoDraw=False, autoLog=True, bold=False, color=array([1., 1., 1.]), colorSpace='rgb', contrast=1.0, depth=0, draggable=False, flipHoriz=False, flipVert=False, font='Open Sans', fontFiles=[], height=np.float64(0.1), italic=False, languageStyle='LTR', name='distr', opacity=1.0, ori=334, pos=array([0.47188195, 0.01304681]), rgb=UNKNOWN, text='L', units='height', win=Window(...), wrapWidth=1)
0.0217 	EXP 	Created distr = TextStim(__class__=<class 'psychopy.visual.text.TextStim'>, alignHoriz=method-wrapper(...), alignText='center', alignVert=method-wrapper(...), anchorHoriz='center', anchorVert='center', antialias=True, autoDraw=False, autoLog=True, bold=False, color=array([1., 1., 1.]), colorSpace='rgb', contrast=1.0, depth=0, draggable=False, flipHoriz=False, flipVert=False, font='Open Sans', fontFiles=[], height=np.float64(0.1), italic=False, languageStyle='LTR', name='distr', opacity=1.0, ori=195, pos=array([-0.22102365,  0.28810746]), rgb=UNKNOWN, text='L', units='height', win=Window(...), wrapWidth=1)
0.0235 	EXP 	Created distr = TextStim(__class__=<class 'psychopy.visual.text.TextStim'>, alignHoriz=method-wrapper(...), alignText='center', alignVert=method-wrapper(...), anchorHoriz='center', anchorVert='center', antialias=True, autoDraw=False, autoLog=True, bold=False, color=array([1., 1., 1.]), colorSpace='rgb', contrast=1.0, depth=0, draggable=False, flipHoriz=False, flipVert=False, font='Open Sans', fontFiles=[], height=np.float64(0.1), italic=False, languageStyle='LTR', name='distr', opacity=1.0, ori=170, pos=array([ 0.25734463, -0.43965368]), rgb=UNKNOWN, text='L', units='height', win=Window(...), wrapWidth=1)
0.0250 	EXP 	Created distr = TextStim(__class__=<class 'psychopy.visual.text.TextStim'>, alignHoriz=method-wrapper(...), alignText='center', alignVert=method-wrapper(...), anchorHoriz='center', anchorVert='center', antialias=True, autoDraw=False, autoLog=True, bold=False, color=array([1., 1., 1.]), colorSpace='rgb', contrast=1.0, depth=0, draggable=False, flipHoriz=False, flipVert=False, font='Open Sans', fontFiles=[], height=np.float64(0.1), italic=False, languageStyle='LTR', name='distr', opacity=1.0, ori=202, pos=array([-0.4412568 , -0.15196221]), rgb=UNKNOWN, text='L', units='height', win=Window(...), wrapWidth=1)
0.0275 	EXP 	Created distr = TextStim(__class__=<class 'psychopy.visual.text.TextStim'>, alignHoriz=method-wrapper(...), alignText='center', alignVert=method-wrapper(...), anchorHoriz='center', anchorVert='center', antialias=True, autoDraw=False, autoLog=True, bold=False, color=array([1., 1., 1.]), colorSpace='rgb', contrast=1.0, depth=0, draggable=False, flipHoriz=False, flipVert=False, font='Open Sans', fontFiles=[], height=np.float64(0.1), italic=False, languageStyle='LTR', name='distr', opacity=1.0, ori=175, pos=array([0.34076928, 0.32530525]), rgb=UNKNOWN, text='L', units='height', win=Window(...), wrapWidth=1)
0.0292 	EXP 	Created distr = TextStim(__class__=<class 'psychopy.visual.text.TextStim'>, alignHoriz=method-wrapper(...), alignText='center', alignVert=method-wrapper(...), anchorHoriz='center', anchorVert='center', antialias=True, autoDraw=False, autoLog=True, bold=False, color=array([1., 1., 1.]), colorSpace='rgb', contrast=1.0, depth=0, draggable=False, flipHoriz=False, flipVert=False, font='Open Sans', fontFiles=[], height=np.float64(0.1), italic=False, languageStyle='LTR', name='distr', opacity=1.0, ori=167, pos=array([-0.34583334,  0.38485517]), rgb=UNKNOWN, text='L', units='height', win=Window(...), wrapWidth=1)
0.0309 	EXP 	Created distr = TextStim(__class__=<class 'psychopy.visual.text.TextStim'>, alignHoriz=method-wrapper(...), alignText='center', alignVert=method-wrapper(...), anchorHoriz='center', anchorVert='center', antialias=True, autoDraw=False, autoLog=True, bold=False, color=array([1., 1., 1.]), colorSpace='rgb', contrast=1.0, depth=0, draggable=False, flipHoriz=False, flipVert=False, font='Open Sans', fontFiles=[], height=np.float64(0.1), italic=False, languageStyle='LTR', name='distr', opacity=1.0, ori=106, pos=array([-0.367765  ,  0.39995373]), rgb=UNKNOWN, text='L', units='height', win=Window(...), wrapWidth=1)
0.0325 	EXP 	Created distr = TextStim(__class__=<class 'psychopy.visual.text.TextStim'>, alignHoriz=method-wrapper(...), alignText='center', alignVert=method-wrapper(...), anchorHoriz='center', anchorVert='center', antialias=True, autoDraw=False, autoLog=True, bold=False, color=array([1., 1., 1.]), colorSpace='rgb', contrast=1.0, depth=0, draggable=False, flipHoriz=False, flipVert=False, font='Open Sans', fontFiles=[], height=np.float64(0.1), italic=False, languageStyle='LTR', name='distr', opacity=1.0, ori=1, pos=array([-0.01313237,  0.05905106]), rgb=UNKNOWN, text='L', units='height', win=Window(...), wrapWidth=1)
0.0440 	EXP 	distr: autoDraw = True
0.0440 	EXP 	distr: autoDraw = True
0.0440 	EXP 	distr: autoDraw = True
0.0440 	EXP 	distr: autoDraw = True
0.0440 	EXP 	distr: autoDraw = True
0.0440 	EXP 	distr: autoDraw = True
0.0440 	EXP 	distr: autoDraw = True
0.0440 	EXP 	distr: autoDraw = True
0.0440 	EXP 	distr: autoDraw = True
0.0440 	EXP 	distr: autoDraw = True
0.0440 	EXP 	fixation: autoDraw = True
0.0440 	EXP 	target: autoDraw = True
1.0441 	EXP 	fixation: autoDraw = False
1.4281 	DATA 	Mouse: Left button down, pos=(770,576)
1.4291 	EXP 	New trial (rep=1, index=0): <Trial 1 (0 in rep 1) data={'thisN': 1, 'thisTrialN': 0, 'thisRepN': 1}>
1.4314 	EXP 	Created distr = TextStim(__class__=<class 'psychopy.visual.text.TextStim'>, alignHoriz=method-wrapper(...), alignText='center', alignVert=method-wrapper(...), anchorHoriz='center', anchorVert='center', antialias=True, autoDraw=False, autoLog=True, bold=False, color=array([1., 1., 1.]), colorSpace='rgb', contrast=1.0, depth=0, draggable=False, flipHoriz=False, flipVert=False, font='Open Sans', fontFiles=[], height=np.float64(0.1), italic=False, languageStyle='LTR', name='distr', opacity=1.0, ori=350, pos=array([-0.00228249,  0.16847828]), rgb=UNKNOWN, text='L', units='height', win=Window(...), wrapWidth=1)
1.4333 	EXP 	Created distr = TextStim(__class__=<class 'psychopy.visual.text.TextStim'>, alignHoriz=method-wrapper(...), alignText='center', alignVert=method-wrapper(...), anchorHoriz='center', anchorVert='center', antialias=True, autoDraw=False, autoLog=True, bold=False, color=array([1., 1., 1.]), colorSpace='rgb', contrast=1.0, depth=0, draggable=False, flipHoriz=False, flipVert=False, font='Open Sans', fontFiles=[], height=np.float64(0.1), italic=False, languageStyle='LTR', name='distr', opacity=1.0, ori=215, pos=array([-0.24205153,  0.35190346]), rgb=UNKNOWN, text='L', units='height', win=Window(...), wrapWidth=1)
1.4354 	EXP 	Created distr = TextStim(__class__=<class 'psychopy.visual.text.TextStim'>, alignHoriz=method-wrapper(...), alignText='center', alignVert=method-wrapper(...), anchorHoriz='center', anchorVert='center', antialias=True, autoDraw=False, autoLog=True, bold=False, color=array([1., 1., 1.]), colorSpace='rgb', contrast=1.0, depth=0, draggable=False, flipHoriz=False, flipVert=False, font='Open Sans', fontFiles=[], height=np.float64(0.1), italic=False, languageStyle='LTR', name='distr', opacity=1.0, ori=55, pos=array([-0.06982217,  0.08678017]), rgb=UNKNOWN, text='L', units='height', win=Window(...), wrapWidth=1)
1.4373 	EXP 	Created distr = TextStim(__class__=<class 'psychopy.visual.text.TextStim'>, alignHoriz=method-wrapper(...), alignText='center', alignVert=method-wrapper(...), anchorHoriz='center', anchorVert='center', antialias=True, autoDraw=False, autoLog=True, bold=False, color=array([1., 1., 1.]), colorSpace='rgb', contrast=1.0, depth=0, draggable=False, flipHoriz=False, flipVert=False, font='Open Sans', fontFiles=[], height=np.float64(0.1), italic=False, languageStyle='LTR', name='distr', opacity=1.0, ori=279, pos=array([-0.41068735, -0.45968756]), rgb=UNKNOWN, text='L', units='height', win=Window(...), wrapWidth=1)
1.4391 	EXP 	Created distr = TextStim(__class__=<class 'psychopy.visual.text.TextStim'>, alignHoriz=method-wrapper(...), alignText='center', alignVert=method-wrapper(...), anchorHoriz='center', anchorVert='center', antialias=True, autoDraw=False, autoLog=True, bold=False, color=array([1., 1., 1.]), colorSpace='rgb', contrast=1.0, depth=0, draggable=False, flipHoriz=False, flipVert=False, font='Open Sans', fontFiles=[], height=np.float64(0.1), italic=False, languageStyle='LTR', name='distr', opacity=1.0, ori=225, pos=array([-0.20544889,  0.08985985]), rgb=UNKNOWN, text='L', units='height', win=Window(...), wrapWidth=1)
1.4600 	EXP 	fixation: autoDraw = False
1.4600 	EXP 	target: autoDraw = False
1.4600 	EXP 	distr: autoDraw = False
1.4600 	EXP 	distr: autoDraw = False
1.4600 	EXP 	distr: autoDraw = False
1.4600 	EXP 	distr: autoDraw = False
1.4600 	EXP 	distr: autoDraw = False
1.4600 	EXP 	distr: autoDraw = False
1.4600 	EXP 	distr: autoDraw = False
1.4600 	EXP 	distr: autoDraw = False
1.4600 	EXP 	distr: autoDraw = False
1.4600 	EXP 	distr: autoDraw = False
1.4600 	EXP 	distr: autoDraw = True
1.4600 	EXP 	distr: autoDraw = True
1.4600 	EXP 	distr: autoDraw = True
1.4600 	EXP 	distr: autoDraw = True
1.4600 	EXP 	distr: autoDraw = True
1.4600 	EXP 	fixation: autoDraw = True
1.4600 	EXP 	target: autoDraw = True
1.6455 	DATA 	Mouse:  Left button up, pos=(770,576)
2.4599 	EXP 	fixation: autoDraw = False
2.8767 	DATA 	Mouse: Left button down, pos=(372,409)
2.8776 	EXP 	New trial (rep=2, index=0): <Trial 2 (0 in rep 2) data={'thisN': 2, 'thisTrialN': 0, 'thisRepN': 2}>
2.8799 	EXP 	Created distr = TextStim(__class__=<class 'psychopy.visual.text.TextStim'>, alignHoriz=method-wrapper(...), alignText='center', alignVert=method-wrapper(...), anchorHoriz='center', anchorVert='center', antialias=True, autoDraw=False, autoLog=True, bold=False, color=array([1., 1., 1.]), colorSpace='rgb', contrast=1.0, depth=0, draggable=False, flipHoriz=False, flipVert=False, font='Open Sans', fontFiles=[], height=np.float64(0.1), italic=False, languageStyle='LTR', name='distr', opacity=1.0, ori=67, pos=array([-0.35876153,  0.06098734]), rgb=UNKNOWN, text='L', units='height', win=Window(...), wrapWidth=1)
2.8816 	EXP 	Created distr = TextStim(__class__=<class 'psychopy.visual.text.TextStim'>, alignHoriz=method-wrapper(...), alignText='center', alignVert=method-wrapper(...), anchorHoriz='center', anchorVert='center', antialias=True, autoDraw=False, autoLog=True, bold=False, color=array([1., 1., 1.]), colorSpace='rgb', contrast=1.0, depth=0, draggable=False, flipHoriz=False, flipVert=False, font='Open Sans', fontFiles=[], height=np.float64(0.1), italic=False, languageStyle='LTR', name='distr', opacity=1.0, ori=344, pos=array([-0.11212606, -0.49238478]), rgb=UNKNOWN, text='L', units='height', win=Window(...), wrapWidth=1)
2.8829 	EXP 	Created distr = TextStim(__class__=<class 'psychopy.visual.text.TextStim'>, alignHoriz=method-wrapper(...), alignText='center', alignVert=method-wrapper(...), anchorHoriz='center', anchorVert='center', antialias=True, autoDraw=False, autoLog=True, bold=False, color=array([1., 1., 1.]), colorSpace='rgb', contrast=1.0, depth=0, draggable=False, flipHoriz=False, flipVert=False, font='Open Sans', fontFiles=[], height=np.float64(0.1), italic=False, languageStyle='LTR', name='distr', opacity=1.0, ori=109, pos=array([-0.24224741,  0.21053444]), rgb=UNKNOWN, text='L', units='height', win=Window(...), wrapWidth=1)
2.8843 	EXP 	Created distr = TextStim(__class__=<class 'psychopy.visual.text.TextStim'>, alignHoriz=method-wrapper(...), alignText='center', alignVert=method-wrapper(...), anchorHoriz='center', anchorVert='center', antialias=True, autoDraw=False, autoLog=True, bold=False, color=array([1., 1., 1.]), colorSpace='rgb', contrast=1.0, depth=0, draggable=False, flipHoriz=False, flipVert=False, font='Open Sans', fontFiles=[], height=np.float64(0.1), italic=False, languageStyle='LTR', name='distr', opacity=1.0, ori=285, pos=array([-0.4870605 ,  0.17830326]), rgb=UNKNOWN, text='L', units='height', win=Window(...), wrapWidth=1)
2.8857 	EXP 	Created distr = TextStim(__class__=<class 'psychopy.visual.text.TextStim'>, alignHoriz=method-wrapper(...), alignText='center', alignVert=method-wrapper(...), anchorHoriz='center', anchorVert='center', antialias=True, autoDraw=False, autoLog=True, bold=False, color=array([1., 1., 1.]), colorSpace='rgb', contrast=1.0, depth=0, draggable=False, flipHoriz=False, flipVert=False, font='Open Sans', fontFiles=[], height=np.float64(0.1), italic=False, languageStyle='LTR', name='distr', opacity=1.0, ori=268, pos=array([-0.42561625,  0.3311282 ]), rgb=UNKNOWN, text='L', units='height', win=Window(...), wrapWidth=1)
2.8871 	EXP 	Created distr = TextStim(__class__=<class 'psychopy.visual.text.TextStim'>, alignHoriz=method-wrapper(...), alignText='center', alignVert=method-wrapper(...), anchorHoriz='center', anchorVert='center', antialias=True, autoDraw=False, autoLog=True, bold=False, color=array([1., 1., 1.]), colorSpace='rgb', contrast=1.0, depth=0, draggable=False, flipHoriz=False, flipVert=False, font='Open Sans', fontFiles=[], height=np.float64(0.1), italic=False, languageStyle='LTR', name='distr', opacity=1.0, ori=226, pos=array([-0.33145276, -0.49793735]), rgb=UNKNOWN, text='L', units='height', win=Window(...), wrapWidth=1)
2.8885 	EXP 	Created distr = TextStim(__class__=<class 'psychopy.visual.text.TextStim'>, alignHoriz=method-wrapper(...), alignText='center', alignVert=method-wrapper(...), anchorHoriz='center', anchorVert='center', antialias=True, autoDraw=False, autoLog=True, bold=False, color=array([1., 1., 1.]), colorSpace='rgb', contrast=1.0, depth=0, draggable=False, flipHoriz=False, flipVert=False, font='Open Sans', fontFiles=[], height=np.float64(0.1), italic=False, languageStyle='LTR', name='distr', opacity=1.0, ori=321, pos=array([ 0.25763132, -0.35603951]), rgb=UNKNOWN, text='L', units='height', win=Window(...), wrapWidth=1)
2.8901 	EXP 	Created distr = TextStim(__class__=<class 'psychopy.visual.text.TextStim'>, alignHoriz=method-wrapper(...), alignText='center', alignVert=method-wrapper(...), anchorHoriz='center', anchorVert='center', antialias=True, autoDraw=False, autoLog=True, bold=False, color=array([1., 1., 1.]), colorSpace='rgb', contrast=1.0, depth=0, draggable=False, flipHoriz=False, flipVert=False, font='Open Sans', fontFiles=[], height=np.float64(0.1), italic=False, languageStyle='LTR', name='distr', opacity=1.0, ori=302, pos=array([-0.26987929, -0.36461756]), rgb=UNKNOWN, text='L', units='height', win=Window(...), wrapWidth=1)
2.8922 	EXP 	Created distr = TextStim(__class__=<class 'psychopy.visual.text.TextStim'>, alignHoriz=method-wrapper(...), alignText='center', alignVert=method-wrapper(...), anchorHoriz='center', anchorVert='center', antialias=True, autoDraw=False, autoLog=True, bold=False, color=array([1., 1., 1.]), colorSpace='rgb', contrast=1.0, depth=0, draggable=False, flipHoriz=False, flipVert=False, font='Open Sans', fontFiles=[], height=np.float64(0.1), italic=False, languageStyle='LTR', name='distr', opacity=1.0, ori=215, pos=array([0.04620605, 0.04169164]), rgb=UNKNOWN, text='L', units='height', win=Window(...), wrapWidth=1)
2.8938 	EXP 	Created distr = TextStim(__class__=<class 'psychopy.visual.text.TextStim'>, alignHoriz=method-wrapper(...), alignText='center', alignVert=method-wrapper(...), anchorHoriz='center', anchorVert='center', antialias=True, autoDraw=False, autoLog=True, bold=False, color=array([1., 1., 1.]), colorSpace='rgb', contrast=1.0, depth=0, draggable=False, flipHoriz=False, flipVert=False, font='Open Sans', fontFiles=[], height=np.float64(0.1), italic=False, languageStyle='LTR', name='distr', opacity=1.0, ori=244, pos=array([ 0.40530793, -0.35240209]), rgb=UNKNOWN, text='L', units='height', win=Window(...), wrapWidth=1)
2.9088 	EXP 	fixation: autoDraw = False
2.9088 	EXP 	target: autoDraw = False
2.9088 	EXP 	distr: autoDraw = False
2.9088 	EXP 	distr: autoDraw = False
2.9088 	EXP 	distr: autoDraw = False
2.9088 	EXP 	distr: autoDraw = False
2.9088 	EXP 	distr: autoDraw = False
2.9088 	EXP 	distr: autoDraw = True
2.9088 	EXP 	distr: autoDraw = True
2.9088 	EXP 	distr: autoDraw = True
2.9088 	EXP 	distr: autoDraw = True
2.9088 	EXP 	distr: autoDraw = True
2.9088 	EXP 	distr: autoDraw = True
2.9088 	EXP 	distr: autoDraw = True
2.9088 	EXP 	distr: autoDraw = True
2.9088 	EXP 	distr: autoDraw = True
2.9088 	EXP 	distr: autoDraw = True
2.9088 	EXP 	fixation: autoDraw = True
2.9088 	EXP 	target: autoDraw = True
3.1100 	DATA 	Mouse:  Left button up, pos=(372,409)
3.9084 	EXP 	fixation: autoDraw = False
4.0425 	DATA 	Mouse: Left button down, pos=(454,580)
4.0432 	EXP 	New trial (rep=3, index=0): <Trial 3 (0 in rep 3) data={'thisN': 3, 'thisTrialN': 0, 'thisRepN': 3}>
4.0453 	EXP 	Created distr = TextStim(__class__=<class 'psychopy.visual.text.TextStim'>, alignHoriz=method-wrapper(...), alignText='center', alignVert=method-wrapper(...), anchorHoriz='center', anchorVert='center', antialias=True, autoDraw=False, autoLog=True, bold=False, color=array([1., 1., 1.]), colorSpace='rgb', contrast=1.0, depth=0, draggable=False, flipHoriz=False, flipVert=False, font='Open Sans', fontFiles=[], height=np.float64(0.1), italic=False, languageStyle='LTR', name='distr', opacity=1.0, ori=345, pos=array([0.21796674, 0.3959674 ]), rgb=UNKNOWN, text='L', units='height', win=Window(...), wrapWidth=1)
4.0469 	EXP 	Created distr = TextStim(__class__=<class 'psychopy.visual.text.TextStim'>, alignHoriz=method-wrapper(...), alignText='center', alignVert=method-wrapper(...), anchorHoriz='center', anchorVert='center', antialias=True, autoDraw=False, autoLog=True, bold=False, color=array([1., 1., 1.]), colorSpace='rgb', contrast=1.0, depth=0, draggable=False, flipHoriz=False, flipVert=False, font='Open Sans', fontFiles=[], height=np.float64(0.1), italic=False, languageStyle='LTR', name='distr', opacity=1.0, ori=261, pos=array([-0.05554046,  0.24017046]), rgb=UNKNOWN, text='L', units='height', win=Window(...), wrapWidth=1)
4.0484 	EXP 	Created distr = TextStim(__class__=<class 'psychopy.visual.text.TextStim'>, alignHoriz=method-wrapper(...), alignText='center', alignVert=method-wrapper(...), anchorHoriz='center', anchorVert='center', antialias=True, autoDraw=False, autoLog=True, bold=False, color=array([1., 1., 1.]), colorSpace='rgb', contrast=1.0, depth=0, draggable=False, flipHoriz=False, flipVert=False, font='Open Sans', fontFiles=[], height=np.float64(0.1), italic=False, languageStyle='LTR', name='distr', opacity=1.0, ori=114, pos=array([0.46762181, 0.06104056]), rgb=UNKNOWN, text='L', units='height', win=Window(...), wrapWidth=1)
4.0498 	EXP 	Created distr = TextStim(__class__=<class 'psychopy.visual.text.TextStim'>, alignHoriz=method-wrapper(...), alignText='center', alignVert=method-wrapper(...), anchorHoriz='center', anchorVert='center', antialias=True, autoDraw=False, autoLog=True, bold=False, color=array([1., 1., 1.]), colorSpace='rgb', contrast=1.0, depth=0, draggable=False, flipHoriz=False, flipVert=False, font='Open Sans', fontFiles=[], height=np.float64(0.1), italic=False, languageStyle='LTR', name='distr', opacity=1.0, ori=117, pos=array([-0.03861361,  0.05978959]), rgb=UNKNOWN, text='L', units='height', win=Window(...), wrapWidth=1)
4.0511 	EXP 	Created distr = TextStim(__class__=<class 'psychopy.visual.text.TextStim'>, alignHoriz=method-wrapper(...), alignText='center', alignVert=method-wrapper(...), anchorHoriz='center', anchorVert='center', antialias=True, autoDraw=False, autoLog=True, bold=False, color=array([1., 1., 1.]), colorSpace='rgb', contrast=1.0, depth=0, draggable=False, flipHoriz=False, flipVert=False, font='Open Sans', fontFiles=[], height=np.float64(0.1), italic=False, languageStyle='LTR', name='distr', opacity=1.0, ori=119, pos=array([0.37717521, 0.06097549]), rgb=UNKNOWN, text='L', units='height', win=Window(...), wrapWidth=1)
4.0526 	EXP 	Created distr = TextStim(__class__=<class 'psychopy.visual.text.TextStim'>, alignHoriz=method-wrapper(...), alignText='center', alignVert=method-wrapper(...), anchorHoriz='center', anchorVert='center', antialias=True, autoDraw=False, autoLog=True, bold=False, color=array([1., 1., 1.]), colorSpace='rgb', contrast=1.0, depth=0, draggable=False, flipHoriz=False, flipVert=False, font='Open Sans', fontFiles=[], height=np.float64(0.1), italic=False, languageStyle='LTR', name='distr', opacity=1.0, ori=182, pos=array([0.15890911, 0.06079105]), rgb=UNKNOWN, text='L', units='height', win=Window(...), wrapWidth=1)
4.0540 	EXP 	Created distr = TextStim(__class__=<class 'psychopy.visual.text.TextStim'>, alignHoriz=method-wrapper(...), alignText='center', alignVert=method-wrapper(...), anchorHoriz='center', anchorVert='center', antialias=True, autoDraw=False, autoLog=True, bold=False, color=array([1., 1., 1.]), colorSpace='rgb', contrast=1.0, depth=0, draggable=False, flipHoriz=False, flipVert=False, font='Open Sans', fontFiles=[], height=np.float64(0.1), italic=False, languageStyle='LTR', name='distr', opacity=1.0, ori=182, pos=array([-0.12472769,  0.43044893]), rgb=UNKNOWN, text='L', units='height', win=Window(...), wrapWidth=1)
4.0554 	EXP 	Created distr = TextStim(__class__=<class 'psychopy.visual.text.TextStim'>, alignHoriz=method-wrapper(...), alignText='center', alignVert=method-wrapper(...), anchorHoriz='center', anchorVert='center', antialias=True, autoDraw=False, autoLog=True, bold=False, color=array([1., 1., 1.]), colorSpace='rgb', contrast=1.0, depth=0, draggable=False, flipHoriz=False, flipVert=False, font='Open Sans', fontFiles=[], height=np.float64(0.1), italic=False, languageStyle='LTR', name='distr', opacity=1.0, ori=23, pos=array([0.05066033, 0.13289907]), rgb=UNKNOWN, text='L', units='height', win=Window(...), wrapWidth=1)
4.0573 	EXP 	Created distr = TextStim(__class__=<class 'psychopy.visual.text.TextStim'>, alignHoriz=method-wrapper(...), alignText='center', alignVert=method-wrapper(...), anchorHoriz='center', anchorVert='center', antialias=True, autoDraw=False, autoLog=True, bold=False, color=array([1., 1., 1.]), colorSpace='rgb', contrast=1.0, depth=0, draggable=False, flipHoriz=False, flipVert=False, font='Open Sans', fontFiles=[], height=np.float64(0.1), italic=False, languageStyle='LTR', name='distr', opacity=1.0, ori=352, pos=array([-0.05368966, -0.03776073]), rgb=UNKNOWN, text='L', units='height', win=Window(...), wrapWidth=1)
4.0588 	EXP 	Created distr = TextStim(__class__=<class 'psychopy.visual.text.TextStim'>, alignHoriz=method-wrapper(...), alignText='center', alignVert=method-wrapper(...), anchorHoriz='center', anchorVert='center', antialias=True, autoDraw=False, autoLog=True, bold=False, color=array([1., 1., 1.]), colorSpace='rgb', contrast=1.0, depth=0, draggable=False, flipHoriz=False, flipVert=False, font='Open Sans', fontFiles=[], height=np.float64(0.1), italic=False, languageStyle='LTR', name='distr', opacity=1.0, ori=40, pos=array([-0.37148352,  0.36837188]), rgb=UNKNOWN, text='L', units='height', win=Window(...), wrapWidth=1)
4.0744 	EXP 	fixation: autoDraw = False
4.0744 	EXP 	target: autoDraw = False
4.0744 	EXP 	distr: autoDraw = False
4.0744 	EXP 	distr: autoDraw = False
4.0744 	EXP 	distr: autoDraw = False
4.0744 	EXP 	distr: autoDraw = False
4.0744 	EXP 	distr: autoDraw = False
4.0744 	EXP 	distr: autoDraw = False
4.0744 	EXP 	distr: autoDraw = False
4.0744 	EXP 	distr: autoDraw = False
4.0744 	EXP 	distr: autoDraw = False
4.0744 	EXP 	distr: autoDraw = False
4.0744 	EXP 	distr: autoDraw = True
4.0744 	EXP 	distr: autoDraw = True
4.0744 	EXP 	distr: autoDraw = True
4.0744 	EXP 	distr: autoDraw = True
4.0744 	EXP 	distr: autoDraw = True
4.0744 	EXP 	distr: autoDraw = True
4.0744 	EXP 	distr: autoDraw = True
4.0744 	EXP 	distr: autoDraw = True
4.0744 	EXP 	distr: autoDraw = True
4.0744 	EXP 	distr: autoDraw = True
4.0744 	EXP 	fixation: autoDraw = True
4.0744 	EXP 	target: autoDraw = True
4.2599 	DATA 	Mouse:  Left button up, pos=(454,580)
5.0741 	EXP 	fixation: autoDraw = False
5.2752 	DATA 	Mouse: Left button down, pos=(497,652)
5.2760 	EXP 	New trial (rep=4, index=0): <Trial 4 (0 in rep 4) data={'thisN': 4, 'thisTrialN': 0, 'thisRepN': 4}>
5.2782 	EXP 	Created distr = TextStim(__class__=<class 'psychopy.visual.text.TextStim'>, alignHoriz=method-wrapper(...), alignText='center', alignVert=method-wrapper(...), anchorHoriz='center', anchorVert='center', antialias=True, autoDraw=False, autoLog=True, bold=False, color=array([1., 1., 1.]), colorSpace='rgb', contrast=1.0, depth=0, draggable=False, flipHoriz=False, flipVert=False, font='Open Sans', fontFiles=[], height=np.float64(0.1), italic=False, languageStyle='LTR', name='distr', opacity=1.0, ori=73, pos=array([0.31798527, 0.3912673 ]), rgb=UNKNOWN, text='L', units='height', win=Window(...), wrapWidth=1)
5.2797 	EXP 	Created distr = TextStim(__class__=<class 'psychopy.visual.text.TextStim'>, alignHoriz=method-wrapper(...), alignText='center', alignVert=method-wrapper(...), anchorHoriz='center', anchorVert='center', antialias=True, autoDraw=False, autoLog=True, bold=False, color=array([1., 1., 1.]), colorSpace='rgb', contrast=1.0, depth=0, draggable=False, flipHoriz=False, flipVert=False, font='Open Sans', fontFiles=[], height=np.float64(0.1), italic=False, languageStyle='LTR', name='distr', opacity=1.0, ori=212, pos=array([0.37430367, 0.11977317]), rgb=UNKNOWN, text='L', units='height', win=Window(...), wrapWidth=1)
5.2812 	EXP 	Created distr = TextStim(__class__=<class 'psychopy.visual.text.TextStim'>, alignHoriz=method-wrapper(...), alignText='center', alignVert=method-wrapper(...), anchorHoriz='center', anchorVert='center', antialias=True, autoDraw=False, autoLog=True, bold=False, color=array([1., 1., 1.]), colorSpace='rgb', contrast=1.0, depth=0, draggable=False, flipHoriz=False, flipVert=False, font='Open Sans', fontFiles=[], height=np.float64(0.1), italic=False, languageStyle='LTR', name='distr', opacity=1.0, ori=280, pos=array([-0.31463321, -0.22457102]), rgb=UNKNOWN, text='L', units='height', win=Window(...), wrapWidth=1)
5.2826 	EXP 	Created distr = TextStim(__class__=<class 'psychopy.visual.text.TextStim'>, alignHoriz=method-wrapper(...), alignText='center', alignVert=method-wrapper(...), anchorHoriz='center', anchorVert='center', antialias=True, autoDraw=False, autoLog=True, bold=False, color=array([1., 1., 1.]), colorSpace='rgb', contrast=1.0, depth=0, draggable=False, flipHoriz=False, flipVert=False, font='Open Sans', fontFiles=[], height=np.float64(0.1), italic=False, languageStyle='LTR', name='distr', opacity=1.0, ori=233, pos=array([0.23739316, 0.2090674 ]), rgb=UNKNOWN, text='L', units='height', win=Window(...), wrapWidth=1)
5.2839 	EXP 	Created distr = TextStim(__class__=<class 'psychopy.visual.text.TextStim'>, alignHoriz=method-wrapper(...), alignText='center', alignVert=method-wrapper(...), anchorHoriz='center', anchorVert='center', antialias=True, autoDraw=False, autoLog=True, bold=False, color=array([1., 1., 1.]), colorSpace='rgb', contrast=1.0, depth=0, draggable=False, flipHoriz=False, flipVert=False, font='Open Sans', fontFiles=[], height=np.float64(0.1), italic=False, languageStyle='LTR', name='distr', opacity=1.0, ori=201, pos=array([ 0.07465652, -0.00962629]), rgb=UNKNOWN, text='L', units='height', win=Window(...), wrapWidth=1)
5.2854 	EXP 	Created distr = TextStim(__class__=<class 'psychopy.visual.text.TextStim'>, alignHoriz=method-wrapper(...), alignText='center', alignVert=method-wrapper(...), anchorHoriz='center', anchorVert='center', antialias=True, autoDraw=False, autoLog=True, bold=False, color=array([1., 1., 1.]), colorSpace='rgb', contrast=1.0, depth=0, draggable=False, flipHoriz=False, flipVert=False, font='Open Sans', fontFiles=[], height=np.float64(0.1), italic=False, languageStyle='LTR', name='distr', opacity=1.0, ori=326, pos=array([ 0.49281659, -0.23876798]), rgb=UNKNOWN, text='L', units='height', win=Window(...), wrapWidth=1)
5.2868 	EXP 	Created distr = TextStim(__class__=<class 'psychopy.visual.text.TextStim'>, alignHoriz=method-wrapper(...), alignText='center', alignVert=method-wrapper(...), anchorHoriz='center', anchorVert='center', antialias=True, autoDraw=False, autoLog=True, bold=False, color=array([1., 1., 1.]), colorSpace='rgb', contrast=1.0, depth=0, draggable=False, flipHoriz=False, flipVert=False, font='Open Sans', fontFiles=[], height=np.float64(0.1), italic=False, languageStyle='LTR', name='distr', opacity=1.0, ori=352, pos=array([-0.42742923,  0.14256936]), rgb=UNKNOWN, text='L', units='height', win=Window(...), wrapWidth=1)
5.2882 	EXP 	Created distr = TextStim(__class__=<class 'psychopy.visual.text.TextStim'>, alignHoriz=method-wrapper(...), alignText='center', alignVert=method-wrapper(...), anchorHoriz='center', anchorVert='center', antialias=True, autoDraw=False, autoLog=True, bold=False, color=array([1., 1., 1.]), colorSpace='rgb', contrast=1.0, depth=0, draggable=False, flipHoriz=False, flipVert=False, font='Open Sans', fontFiles=[], height=np.float64(0.1), italic=False, languageStyle='LTR', name='distr', opacity=1.0, ori=229, pos=array([0.0593897 , 0.35551378]), rgb=UNKNOWN, text='L', units='height', win=Window(...), wrapWidth=1)
5.2901 	EXP 	Created distr = TextStim(__class__=<class 'psychopy.visual.text.TextStim'>, alignHoriz=method-wrapper(...), alignText='center', alignVert=method-wrapper(...), anchorHoriz='center', anchorVert='center', antialias=True, autoDraw=False, autoLog=True, bold=False, color=array([1., 1., 1.]), colorSpace='rgb', contrast=1.0, depth=0, draggable=False, flipHoriz=False, flipVert=False, font='Open Sans', fontFiles=[], height=np.float64(0.1), italic=False, languageStyle='LTR', name='distr', opacity=1.0, ori=319, pos=array([ 0.29129255, -0.02807357]), rgb=UNKNOWN, text='L', units='height', win=Window(...), wrapWidth=1)
5.2916 	EXP 	Created distr = TextStim(__class__=<class 'psychopy.visual.text.TextStim'>, alignHoriz=method-wrapper(...), alignText='center', alignVert=method-wrapper(...), anchorHoriz='center', anchorVert='center', antialias=True, autoDraw=False, autoLog=True, bold=False, color=array([1., 1., 1.]), colorSpace='rgb', contrast=1.0, depth=0, draggable=False, flipHoriz=False, flipVert=False, font='Open Sans', fontFiles=[], height=np.float64(0.1), italic=False, languageStyle='LTR', name='distr', opacity=1.0, ori=41, pos=array([-0.35405253, -0.27780215]), rgb=UNKNOWN, text='L', units='height', win=Window(...), wrapWidth=1)
5.3065 	EXP 	fixation: autoDraw = False
5.3065 	EXP 	target: autoDraw = False
5.3065 	EXP 	distr: autoDraw = False
5.3065 	EXP 	distr: autoDraw = False
5.3065 	EXP 	distr: autoDraw = False
5.3065 	EXP 	distr: autoDraw = False
5.3065 	EXP 	distr: autoDraw = False
5.3065 	EXP 	distr: autoDraw = False
5.3065 	EXP 	distr: autoDraw = False
5.3065 	EXP 	distr: autoDraw = False
5.3065 	EXP 	distr: autoDraw = False
5.3065 	EXP 	distr: autoDraw = False
5.3065 	EXP 	distr: autoDraw = True
5.3065 	EXP 	distr: autoDraw = True
5.3065 	EXP 	distr: autoDraw = True
5.3065 	EXP 	distr: autoDraw = True
5.3065 	EXP 	distr: autoDraw = True
5.3065 	EXP 	distr: autoDraw = True
5.3065 	EXP 	distr: autoDraw = True
5.3065 	EXP 	distr: autoDraw = True
5.3065 	EXP 	distr: autoDraw = True
5.3065 	EXP 	distr: autoDraw = True
5.3065 	EXP 	fixation: autoDraw = True
5.3065 	EXP 	target: autoDraw = True
5.4922 	DATA 	Mouse:  Left button up, pos=(497,652)
6.3067 	EXP 	fixation: autoDraw = False
6.7235 	DATA 	Mouse: Left button down, pos=(987,40)
6.7242 	EXP 	New trial (rep=5, index=0): <Trial 5 (0 in rep 5) data={'thisN': 5, 'thisTrialN': 0, 'thisRepN': 5}>
6.7262 	EXP 	Created distr = TextStim(__class__=<class 'psychopy.visual.text.TextStim'>, alignHoriz=method-wrapper(...), alignText='center', alignVert=method-wrapper(...), anchorHoriz='center', anchorVert='center', antialias=True, autoDraw=False, autoLog=True, bold=False, color=array([1., 1., 1.]), colorSpace='rgb', contrast=1.0, depth=0, draggable=False, flipHoriz=False, flipVert=False, font='Open Sans', fontFiles=[], height=np.float64(0.1), italic=False, languageStyle='LTR', name='distr', opacity=1.0, ori=132, pos=array([ 0.16317166, -0.45655439]), rgb=UNKNOWN, text='L', units='height', win=Window(...), wrapWidth=1)
6.7277 	EXP 	Created distr = TextStim(__class__=<class 'psychopy.visual.text.TextStim'>, alignHoriz=method-wrapper(...), alignText='center', alignVert=method-wrapper(...), anchorHoriz='center', anchorVert='center', antialias=True, autoDraw=False, autoLog=True, bold=False, color=array([1., 1., 1.]), colorSpace='rgb', contrast=1.0, depth=0, draggable=False, flipHoriz=False, flipVert=False, font='Open Sans', fontFiles=[], height=np.float64(0.1), italic=False, languageStyle='LTR', name='distr', opacity=1.0, ori=356, pos=array([-0.34303662, -0.41649914]), rgb=UNKNOWN, text='L', units='height', win=Window(...), wrapWidth=1)
6.7291 	EXP 	Created distr = TextStim(__class__=<class 'psychopy.visual.text.TextStim'>, alignHoriz=method-wrapper(...), alignText='center', alignVert=method-wrapper(...), anchorHoriz='center', anchorVert='center', antialias=True, autoDraw=False, autoLog=True, bold=False, color=array([1., 1., 1.]), colorSpace='rgb', contrast=1.0, depth=0, draggable=False, flipHoriz=False, flipVert=False, font='Open Sans', fontFiles=[], height=np.float64(0.1), italic=False, languageStyle='LTR', name='distr', opacity=1.0, ori=126, pos=array([0.40261559, 0.28610728]), rgb=UNKNOWN, text='L', units='height', win=Window(...), wrapWidth=1)
6.7304 	EXP 	Created distr = TextStim(__class__=<class 'psychopy.visual.text.TextStim'>, alignHoriz=method-wrapper(...), alignText='center', alignVert=method-wrapper(...), anchorHoriz='center', anchorVert='center', antialias=True, autoDraw=False, autoLog=True, bold=False, color=array([1., 1., 1.]), colorSpace='rgb', contrast=1.0, depth=0, draggable=False, flipHoriz=False, flipVert=False, font='Open Sans', fontFiles=[], height=np.float64(0.1), italic=False, languageStyle='LTR', name='distr', opacity=1.0, ori=322, pos=array([0.07591673, 0.16233187]), rgb=UNKNOWN, text='L', units='height', win=Window(...), wrapWidth=1)
6.7317 	EXP 	Created distr = TextStim(__class__=<class 'psychopy.visual.text.TextStim'>, alignHoriz=method-wrapper(...), alignText='center', alignVert=method-wrapper(...), anchorHoriz='center', anchorVert='center', antialias=True, autoDraw=False, autoLog=True, bold=False, color=array([1., 1., 1.]), colorSpace='rgb', contrast=1.0, depth=0, draggable=False, flipHoriz=False, flipVert=False, font='Open Sans', fontFiles=[], height=np.float64(0.1), italic=False, languageStyle='LTR', name='distr', opacity=1.0, ori=74, pos=array([ 0.23784528, -0.49484604]), rgb=UNKNOWN, text='L', units='height', win=Window(...), wrapWidth=1)
6.7332 	EXP 	Created distr = TextStim(__class__=<class 'psychopy.visual.text.TextStim'>, alignHoriz=method-wrapper(...), alignText='center', alignVert=method-wrapper(...), anchorHoriz='center', anchorVert='center', antialias=True, autoDraw=False, autoLog=True, bold=False, color=array([1., 1., 1.]), colorSpace='rgb', contrast=1.0, depth=0, draggable=False, flipHoriz=False, flipVert=False, font='Open Sans', fontFiles=[], height=np.float64(0.1), italic=False, languageStyle='LTR', name='distr', opacity=1.0, ori=235, pos=array([0.13053981, 0.35463134]), rgb=UNKNOWN, text='L', units='height', win=Window(...), wrapWidth=1)
6.7345 	EXP 	Created distr = TextStim(__class__=<class 'psychopy.visual.text.TextStim'>, alignHoriz=method-wrapper(...), alignText='center', alignVert=method-wrapper(...), anchorHoriz='center', anchorVert='center', antialias=True, autoDraw=False, autoLog=True, bold=False, color=array([1., 1., 1.]), colorSpace='rgb', contrast=1.0, depth=0, draggable=False, flipHoriz=False, flipVert=False, font='Open Sans', fontFiles=[], height=np.float64(0.1), italic=False, languageStyle='LTR', name='distr', opacity=1.0, ori=178, pos=array([-0.1297191 ,  0.15605007]), rgb=UNKNOWN, text='L', units='height', win=Window(...), wrapWidth=1)
6.7359 	EXP 	Created distr = TextStim(__class__=<class 'psychopy.visual.text.TextStim'>, alignHoriz=method-wrapper(...), alignText='center', alignVert=method-wrapper(...), anchorHoriz='center', anchorVert='center', antialias=True, autoDraw=False, autoLog=True, bold=False, color=array([1., 1., 1.]), colorSpace='rgb', contrast=1.0, depth=0, draggable=False, flipHoriz=False, flipVert=False, font='Open Sans', fontFiles=[], height=np.float64(0.1), italic=False, languageStyle='LTR', name='distr', opacity=1.0, ori=46, pos=array([0.47032347, 0.34743005]), rgb=UNKNOWN, text='L', units='height', win=Window(...), wrapWidth=1)
6.7375 	EXP 	Created distr = TextStim(__class__=<class 'psychopy.visual.text.TextStim'>, alignHoriz=method-wrapper(...), alignText='center', alignVert=method-wrapper(...), anchorHoriz='center', anchorVert='center', antialias=True, autoDraw=False, autoLog=True, bold=False, color=array([1., 1., 1.]), colorSpace='rgb', contrast=1.0, depth=0, draggable=False, flipHoriz=False, flipVert=False, font='Open Sans', fontFiles=[], height=np.float64(0.1), italic=False, languageStyle='LTR', name='distr', opacity=1.0, ori=259, pos=array([ 0.02521748, -0.49955717]), rgb=UNKNOWN, text='L', units='height', win=Window(...), wrapWidth=1)
6.7393 	EXP 	Created distr = TextStim(__class__=<class 'psychopy.visual.text.TextStim'>, alignHoriz=method-wrapper(...), alignText='center', alignVert=method-wrapper(...), anchorHoriz='center', anchorVert='center', antialias=True, autoDraw=False, autoLog=True, bold=False, color=array([1., 1., 1.]), colorSpace='rgb', contrast=1.0, depth=0, draggable=False, flipHoriz=False, flipVert=False, font='Open Sans', fontFiles=[], height=np.float64(0.1), italic=False, languageStyle='LTR', name='distr', opacity=1.0, ori=339, pos=array([ 0.24641849, -0.39191043]), rgb=UNKNOWN, text='L', units='height', win=Window(...), wrapWidth=1)
6.7561 	EXP 	fixation: autoDraw = False
6.7561 	EXP 	target: autoDraw = False
6.7561 	EXP 	distr: autoDraw = False
6.7561 	EXP 	distr: autoDraw = False
6.7561 	EXP 	distr: autoDraw = False
6.7561 	EXP 	distr: autoDraw = False
6.7561 	EXP 	distr: autoDraw = False
6.7561 	EXP 	distr: autoDraw = False
6.7561 	EXP 	distr: autoDraw = False
6.7561 	EXP 	distr: autoDraw = False
6.7561 	EXP 	distr: autoDraw = False
6.7561 	EXP 	distr: autoDraw = False
6.7561 	EXP 	distr: autoDraw = True
6.7561 	EXP 	distr: autoDraw = True
6.7561 	EXP 	distr: autoDraw = True
6.7561 	EXP 	distr: autoDraw = True
6.7561 	EXP 	distr: autoDraw = True
6.7561 	EXP 	distr: autoDraw = True
6.7561 	EXP 	distr: autoDraw = True
6.7561 	EXP 	distr: autoDraw = True
6.7561 	EXP 	distr: autoDraw = True
6.7561 	EXP 	distr: autoDraw = True
6.7561 	EXP 	fixation: autoDraw = True
6.7561 	EXP 	target: autoDraw = True
6.9405 	DATA 	Mouse:  Left button up, pos=(987,40)
7.7730 	EXP 	fixation: autoDraw = False
9.7376 	DATA 	Mouse: Left button down, pos=(406,27)
9.7383 	EXP 	New trial (rep=6, index=0): <Trial 6 (0 in rep 6) data={'thisN': 6, 'thisTrialN': 0, 'thisRepN': 6}>
9.7403 	EXP 	Created distr = TextStim(__class__=<class 'psychopy.visual.text.TextStim'>, alignHoriz=method-wrapper(...), alignText='center', alignVert=method-wrapper(...), anchorHoriz='center', anchorVert='center', antialias=True, autoDraw=False, autoLog=True, bold=False, color=array([1., 1., 1.]), colorSpace='rgb', contrast=1.0, depth=0, draggable=False, flipHoriz=False, flipVert=False, font='Open Sans', fontFiles=[], height=np.float64(0.1), italic=False, languageStyle='LTR', name='distr', opacity=1.0, ori=346, pos=array([0.44074192, 0.39614408]), rgb=UNKNOWN, text='L', units='height', win=Window(...), wrapWidth=1)
9.7417 	EXP 	Created distr = TextStim(__class__=<class 'psychopy.visual.text.TextStim'>, alignHoriz=method-wrapper(...), alignText='center', alignVert=method-wrapper(...), anchorHoriz='center', anchorVert='center', antialias=True, autoDraw=False, autoLog=True, bold=False, color=array([1., 1., 1.]), colorSpace='rgb', contrast=1.0, depth=0, draggable=False, flipHoriz=False, flipVert=False, font='Open Sans', fontFiles=[], height=np.float64(0.1), italic=False, languageStyle='LTR', name='distr', opacity=1.0, ori=72, pos=array([-0.40855967, -0.44998684]), rgb=UNKNOWN, text='L', units='height', win=Window(...), wrapWidth=1)
9.7431 	EXP 	Created distr = TextStim(__class__=<class 'psychopy.visual.text.TextStim'>, alignHoriz=method-wrapper(...), alignText='center', alignVert=method-wrapper(...), anchorHoriz='center', anchorVert='center', antialias=True, autoDraw=False, autoLog=True, bold=False, color=array([1., 1., 1.]), colorSpace='rgb', contrast=1.0, depth=0, draggable=False, flipHoriz=False, flipVert=False, font='Open Sans', fontFiles=[], height=np.float64(0.1), italic=False, languageStyle='LTR', name='distr', opacity=1.0, ori=13, pos=array([0.11656744, 0.48694889]), rgb=UNKNOWN, text='L', units='height', win=Window(...), wrapWidth=1)
9.7444 	EXP 	Created distr = TextStim(__class__=<class 'psychopy.visual.text.TextStim'>, alignHoriz=method-wrapper(...), alignText='center', alignVert=method-wrapper(...), anchorHoriz='center', anchorVert='center', antialias=True, autoDraw=False, autoLog=True, bold=False, color=array([1., 1., 1.]), colorSpace='rgb', contrast=1.0, depth=0, draggable=False, flipHoriz=False, flipVert=False, font='Open Sans', fontFiles=[], height=np.float64(0.1), italic=False, languageStyle='LTR', name='distr', opacity=1.0, ori=205, pos=array([-0.28354815,  0.21060163]), rgb=UNKNOWN, text='L', units='height', win=Window(...), wrapWidth=1)
9.7459 	EXP 	Created distr = TextStim(__class__=<class 'psychopy.visual.text.TextStim'>, alignHoriz=method-wrapper(...), alignText='center', alignVert=method-wrapper(...), anchorHoriz='center', anchorVert='center', antialias=True, autoDraw=False, autoLog=True, bold=False, color=array([1., 1., 1.]), colorSpace='rgb', contrast=1.0, depth=0, draggable=False, flipHoriz=False, flipVert=False, font='Open Sans', fontFiles=[], height=np.float64(0.1), italic=False, languageStyle='LTR', name='distr', opacity=1.0, ori=102, pos=array([ 0.4985024 , -0.23537766]), rgb=UNKNOWN, text='L', units='height', win=Window(...), wrapWidth=1)
9.7537 	EXP 	fixation: autoDraw = False
9.7537 	EXP 	target: autoDraw = False
9.7537 	EXP 	distr: autoDraw = False
9.7537 	EXP 	distr: autoDraw = False
9.7537 	EXP 	distr: autoDraw = False
9.7537 	EXP 	distr: autoDraw = False
9.7537 	EXP 	distr: autoDraw = False
9.7537 	EXP 	distr: autoDraw = False
9.7537 	EXP 	distr: autoDraw = False
9.7537 	EXP 	distr: autoDraw = False
9.7537 	EXP 	distr: autoDraw = False
9.7537 	EXP 	distr: autoDraw = False
9.7537 	EXP 	distr: autoDraw = True
9.7537 	EXP 	distr: autoDraw = True
9.7537 	EXP 	distr: autoDraw = True
9.7537 	EXP 	distr: autoDraw = True
9.7537 	EXP 	distr: autoDraw = True
9.7537 	EXP 	fixation: autoDraw = True
9.7537 	EXP 	target: autoDraw = True
9.9549 	DATA 	Mouse:  Left button up, pos=(406,27)
10.7529 	EXP 	fixation: autoDraw = False
11.2532 	DATA 	Mouse: Left button down, pos=(871,312)
11.2542 	EXP 	New trial (rep=7, index=0): <Trial 7 (0 in rep 7) data={'thisN': 7, 'thisTrialN': 0, 'thisRepN': 7}>
11.2566 	EXP 	Created distr = TextStim(__class__=<class 'psychopy.visual.text.TextStim'>, alignHoriz=method-wrapper(...), alignText='center', alignVert=method-wrapper(...), anchorHoriz='center', anchorVert='center', antialias=True, autoDraw=False, autoLog=True, bold=False, color=array([1., 1., 1.]), colorSpace='rgb', contrast=1.0, depth=0, draggable=False, flipHoriz=False, flipVert=False, font='Open Sans', fontFiles=[], height=np.float64(0.1), italic=False, languageStyle='LTR', name='distr', opacity=1.0, ori=74, pos=array([-0.33811846, -0.2405295 ]), rgb=UNKNOWN, text='L', units='height', win=Window(...), wrapWidth=1)
11.2583 	EXP 	Created distr = TextStim(__class__=<class 'psychopy.visual.text.TextStim'>, alignHoriz=method-wrapper(...), alignText='center', alignVert=method-wrapper(...), anchorHoriz='center', anchorVert='center', antialias=True, autoDraw=False, autoLog=True, bold=False, color=array([1., 1., 1.]), colorSpace='rgb', contrast=1.0, depth=0, draggable=False, flipHoriz=False, flipVert=False, font='Open Sans', fontFiles=[], height=np.float64(0.1), italic=False, languageStyle='LTR', name='distr', opacity=1.0, ori=44, pos=array([0.27236294, 0.49644816]), rgb=UNKNOWN, text='L', units='height', win=Window(...), wrapWidth=1)
11.2597 	EXP 	Created distr = TextStim(__class__=<class 'psychopy.visual.text.TextStim'>, alignHoriz=method-wrapper(...), alignText='center', alignVert=method-wrapper(...), anchorHoriz='center', anchorVert='center', antialias=True, autoDraw=False, autoLog=True, bold=False, color=array([1., 1., 1.]), colorSpace='rgb', contrast=1.0, depth=0, draggable=False, flipHoriz=False, flipVert=False, font='Open Sans', fontFiles=[], height=np.float64(0.1), italic=False, languageStyle='LTR', name='distr', opacity=1.0, ori=291, pos=array([ 0.34644377, -0.08712437]), rgb=UNKNOWN, text='L', units='height', win=Window(...), wrapWidth=1)
11.2610 	EXP 	Created distr = TextStim(__class__=<class 'psychopy.visual.text.TextStim'>, alignHoriz=method-wrapper(...), alignText='center', alignVert=method-wrapper(...), anchorHoriz='center', anchorVert='center', antialias=True, autoDraw=False, autoLog=True, bold=False, color=array([1., 1., 1.]), colorSpace='rgb', contrast=1.0, depth=0, draggable=False, flipHoriz=False, flipVert=False, font='Open Sans', fontFiles=[], height=np.float64(0.1), italic=False, languageStyle='LTR', name='distr', opacity=1.0, ori=52, pos=array([-0.17954345,  0.49603497]), rgb=UNKNOWN, text='L', units='height', win=Window(...), wrapWidth=1)
11.2624 	EXP 	Created distr = TextStim(__class__=<class 'psychopy.visual.text.TextStim'>, alignHoriz=method-wrapper(...), alignText='center', alignVert=method-wrapper(...), anchorHoriz='center', anchorVert='center', antialias=True, autoDraw=False, autoLog=True, bold=False, color=array([1., 1., 1.]), colorSpace='rgb', contrast=1.0, depth=0, draggable=False, flipHoriz=False, flipVert=False, font='Open Sans', fontFiles=[], height=np.float64(0.1), italic=False, languageStyle='LTR', name='distr', opacity=1.0, ori=73, pos=array([ 0.0088789 , -0.43742271]), rgb=UNKNOWN, text='L', units='height', win=Window(...), wrapWidth=1)
11.2638 	EXP 	Created distr = TextStim(__class__=<class 'psychopy.visual.text.TextStim'>, alignHoriz=method-wrapper(...), alignText='center', alignVert=method-wrapper(...), anchorHoriz='center', anchorVert='center', antialias=True, autoDraw=False, autoLog=True, bold=False, color=array([1., 1., 1.]), colorSpace='rgb', contrast=1.0, depth=0, draggable=False, flipHoriz=False, flipVert=False, font='Open Sans', fontFiles=[], height=np.float64(0.1), italic=False, languageStyle='LTR', name='distr', opacity=1.0, ori=2, pos=array([-0.21187081,  0.10339274]), rgb=UNKNOWN, text='L', units='height', win=Window(...), wrapWidth=1)
11.2652 	EXP 	Created distr = TextStim(__class__=<class 'psychopy.visual.text.TextStim'>, alignHoriz=method-wrapper(...), alignText='center', alignVert=method-wrapper(...), anchorHoriz='center', anchorVert='center', antialias=True, autoDraw=False, autoLog=True, bold=False, color=array([1., 1., 1.]), colorSpace='rgb', contrast=1.0, depth=0, draggable=False, flipHoriz=False, flipVert=False, font='Open Sans', fontFiles=[], height=np.float64(0.1), italic=False, languageStyle='LTR', name='distr', opacity=1.0, ori=354, pos=array([0.16766124, 0.29229965]), rgb=UNKNOWN, text='L', units='height', win=Window(...), wrapWidth=1)
11.2669 	EXP 	Created distr = TextStim(__class__=<class 'psychopy.visual.text.TextStim'>, alignHoriz=method-wrapper(...), alignText='center', alignVert=method-wrapper(...), anchorHoriz='center', anchorVert='center', antialias=True, autoDraw=False, autoLog=True, bold=False, color=array([1., 1., 1.]), colorSpace='rgb', contrast=1.0, depth=0, draggable=False, flipHoriz=False, flipVert=False, font='Open Sans', fontFiles=[], height=np.float64(0.1), italic=False, languageStyle='LTR', name='distr', opacity=1.0, ori=213, pos=array([-0.19804555, -0.12479687]), rgb=UNKNOWN, text='L', units='height', win=Window(...), wrapWidth=1)
11.2690 	EXP 	Created distr = TextStim(__class__=<class 'psychopy.visual.text.TextStim'>, alignHoriz=method-wrapper(...), alignText='center', alignVert=method-wrapper(...), anchorHoriz='center', anchorVert='center', antialias=True, autoDraw=False, autoLog=True, bold=False, color=array([1., 1., 1.]), colorSpace='rgb', contrast=1.0, depth=0, draggable=False, flipHoriz=False, flipVert=False, font='Open Sans', fontFiles=[], height=np.float64(0.1), italic=False, languageStyle='LTR', name='distr', opacity=1.0, ori=281, pos=array([-0.06601333,  0.29564414]), rgb=UNKNOWN, text='L', units='height', win=Window(...), wrapWidth=1)
11.2705 	EXP 	Created distr = TextStim(__class__=<class 'psychopy.visual.text.TextStim'>, alignHoriz=method-wrapper(...), alignText='center', alignVert=method-wrapper(...), anchorHoriz='center', anchorVert='center', antialias=True, autoDraw=False, autoLog=True, bold=False, color=array([1., 1., 1.]), colorSpace='rgb', contrast=1.0, depth=0, draggable=False, flipHoriz=False, flipVert=False, font='Open Sans', fontFiles=[], height=np.float64(0.1), italic=False, languageStyle='LTR', name='distr', opacity=1.0, ori=23, pos=array([-0.38019592, -0.36447919]), rgb=UNKNOWN, text='L', units='height', win=Window(...), wrapWidth=1)
11.2850 	EXP 	fixation: autoDraw = False
11.2850 	EXP 	target: autoDraw = False
11.2850 	EXP 	distr: autoDraw = False
11.2850 	EXP 	distr: autoDraw = False
11.2850 	EXP 	distr: autoDraw = False
11.2850 	EXP 	distr: autoDraw = False
11.2850 	EXP 	distr: autoDraw = False
11.2850 	EXP 	distr: autoDraw = True
11.2850 	EXP 	distr: autoDraw = True
11.2850 	EXP 	distr: autoDraw = True
11.2850 	EXP 	distr: autoDraw = True
11.2850 	EXP 	distr: autoDraw = True
11.2850 	EXP 	distr: autoDraw = True
11.2850 	EXP 	distr: autoDraw = True
11.2850 	EXP 	distr: autoDraw = True
11.2850 	EXP 	distr: autoDraw = True
11.2850 	EXP 	distr: autoDraw = True
11.2850 	EXP 	fixation: autoDraw = True
11.2850 	EXP 	target: autoDraw = True
11.4699 	DATA 	Mouse:  Left button up, pos=(871,312)
12.2856 	EXP 	fixation: autoDraw = False
12.6354 	DATA 	Mouse: Left button down, pos=(771,112)
12.6361 	EXP 	New trial (rep=8, index=0): <Trial 8 (0 in rep 8) data={'thisN': 8, 'thisTrialN': 0, 'thisRepN': 8}>
12.6381 	EXP 	Created distr = TextStim(__class__=<class 'psychopy.visual.text.TextStim'>, alignHoriz=method-wrapper(...), alignText='center', alignVert=method-wrapper(...), anchorHoriz='center', anchorVert='center', antialias=True, autoDraw=False, autoLog=True, bold=False, color=array([1., 1., 1.]), colorSpace='rgb', contrast=1.0, depth=0, draggable=False, flipHoriz=False, flipVert=False, font='Open Sans', fontFiles=[], height=np.float64(0.1), italic=False, languageStyle='LTR', name='distr', opacity=1.0, ori=252, pos=array([0.17442892, 0.22328753]), rgb=UNKNOWN, text='L', units='height', win=Window(...), wrapWidth=1)
12.6395 	EXP 	Created distr = TextStim(__class__=<class 'psychopy.visual.text.TextStim'>, alignHoriz=method-wrapper(...), alignText='center', alignVert=method-wrapper(...), anchorHoriz='center', anchorVert='center', antialias=True, autoDraw=False, autoLog=True, bold=False, color=array([1., 1., 1.]), colorSpace='rgb', contrast=1.0, depth=0, draggable=False, flipHoriz=False, flipVert=False, font='Open Sans', fontFiles=[], height=np.float64(0.1), italic=False, languageStyle='LTR', name='distr', opacity=1.0, ori=109, pos=array([0.41652607, 0.12354355]), rgb=UNKNOWN, text='L', units='height', win=Window(...), wrapWidth=1)
12.6409 	EXP 	Created distr = TextStim(__class__=<class 'psychopy.visual.text.TextStim'>, alignHoriz=method-wrapper(...), alignText='center', alignVert=method-wrapper(...), anchorHoriz='center', anchorVert='center', antialias=True, autoDraw=False, autoLog=True, bold=False, color=array([1., 1., 1.]), colorSpace='rgb', contrast=1.0, depth=0, draggable=False, flipHoriz=False, flipVert=False, font='Open Sans', fontFiles=[], height=np.float64(0.1), italic=False, languageStyle='LTR', name='distr', opacity=1.0, ori=346, pos=array([-0.3873566 ,  0.18718146]), rgb=UNKNOWN, text='L', units='height', win=Window(...), wrapWidth=1)
12.6422 	EXP 	Created distr = TextStim(__class__=<class 'psychopy.visual.text.TextStim'>, alignHoriz=method-wrapper(...), alignText='center', alignVert=method-wrapper(...), anchorHoriz='center', anchorVert='center', antialias=True, autoDraw=False, autoLog=True, bold=False, color=array([1., 1., 1.]), colorSpace='rgb', contrast=1.0, depth=0, draggable=False, flipHoriz=False, flipVert=False, font='Open Sans', fontFiles=[], height=np.float64(0.1), italic=False, languageStyle='LTR', name='distr', opacity=1.0, ori=23, pos=array([ 0.07135799, -0.46283812]), rgb=UNKNOWN, text='L', units='height', win=Window(...), wrapWidth=1)
12.6435 	EXP 	Created distr = TextStim(__class__=<class 'psychopy.visual.text.TextStim'>, alignHoriz=method-wrapper(...), alignText='center', alignVert=method-wrapper(...), anchorHoriz='center', anchorVert='center', antialias=True, autoDraw=False, autoLog=True, bold=False, color=array([1., 1., 1.]), colorSpace='rgb', contrast=1.0, depth=0, draggable=False, flipHoriz=False, flipVert=False, font='Open Sans', fontFiles=[], height=np.float64(0.1), italic=False, languageStyle='LTR', name='distr', opacity=1.0, ori=209, pos=array([ 0.09895828, -0.37622011]), rgb=UNKNOWN, text='L', units='height', win=Window(...), wrapWidth=1)
12.6469 	EXP 	Created distr = TextStim(__class__=<class 'psychopy.visual.text.TextStim'>, alignHoriz=method-wrapper(...), alignText='center', alignVert=method-wrapper(...), anchorHoriz='center', anchorVert='center', antialias=True, autoDraw=False, autoLog=True, bold=False, color=array([1., 1., 1.]), colorSpace='rgb', contrast=1.0, depth=0, draggable=False, flipHoriz=False, flipVert=False, font='Open Sans', fontFiles=[], height=np.float64(0.1), italic=False, languageStyle='LTR', name='distr', opacity=1.0, ori=73, pos=array([-0.17739134,  0.43925391]), rgb=UNKNOWN, text='L', units='height', win=Window(...), wrapWidth=1)
12.6484 	EXP 	Created distr = TextStim(__class__=<class 'psychopy.visual.text.TextStim'>, alignHoriz=method-wrapper(...), alignText='center', alignVert=method-wrapper(...), anchorHoriz='center', anchorVert='center', antialias=True, autoDraw=False, autoLog=True, bold=False, color=array([1., 1., 1.]), colorSpace='rgb', contrast=1.0, depth=0, draggable=False, flipHoriz=False, flipVert=False, font='Open Sans', fontFiles=[], height=np.float64(0.1), italic=False, languageStyle='LTR', name='distr', opacity=1.0, ori=321, pos=array([-0.16592375,  0.46551554]), rgb=UNKNOWN, text='L', units='height', win=Window(...), wrapWidth=1)
12.6514 	EXP 	Created distr = TextStim(__class__=<class 'psychopy.visual.text.TextStim'>, alignHoriz=method-wrapper(...), alignText='center', alignVert=method-wrapper(...), anchorHoriz='center', anchorVert='center', antialias=True, autoDraw=False, autoLog=True, bold=False, color=array([1., 1., 1.]), colorSpace='rgb', contrast=1.0, depth=0, draggable=False, flipHoriz=False, flipVert=False, font='Open Sans', fontFiles=[], height=np.float64(0.1), italic=False, languageStyle='LTR', name='distr', opacity=1.0, ori=76, pos=array([0.18494591, 0.29452122]), rgb=UNKNOWN, text='L', units='height', win=Window(...), wrapWidth=1)
12.6530 	EXP 	Created distr = TextStim(__class__=<class 'psychopy.visual.text.TextStim'>, alignHoriz=method-wrapper(...), alignText='center', alignVert=method-wrapper(...), anchorHoriz='center', anchorVert='center', antialias=True, autoDraw=False, autoLog=True, bold=False, color=array([1., 1., 1.]), colorSpace='rgb', contrast=1.0, depth=0, draggable=False, flipHoriz=False, flipVert=False, font='Open Sans', fontFiles=[], height=np.float64(0.1), italic=False, languageStyle='LTR', name='distr', opacity=1.0, ori=203, pos=array([-0.07377201, -0.11829552]), rgb=UNKNOWN, text='L', units='height', win=Window(...), wrapWidth=1)
12.6544 	EXP 	Created distr = TextStim(__class__=<class 'psychopy.visual.text.TextStim'>, alignHoriz=method-wrapper(...), alignText='center', alignVert=method-wrapper(...), anchorHoriz='center', anchorVert='center', antialias=True, autoDraw=False, autoLog=True, bold=False, color=array([1., 1., 1.]), colorSpace='rgb', contrast=1.0, depth=0, draggable=False, flipHoriz=False, flipVert=False, font='Open Sans', fontFiles=[], height=np.float64(0.1), italic=False, languageStyle='LTR', name='distr', opacity=1.0, ori=190, pos=array([ 0.38324866, -0.12687077]), rgb=UNKNOWN, text='L', units='height', win=Window(...), wrapWidth=1)
12.6673 	EXP 	fixation: autoDraw = False
12.6673 	EXP 	target: autoDraw = False
12.6673 	EXP 	distr: autoDraw = False
12.6673 	EXP 	distr: autoDraw = False
12.6673 	EXP 	distr: autoDraw = False
12.6673 	EXP 	distr: autoDraw = False
12.6673 	EXP 	distr: autoDraw = False
12.6673 	EXP 	distr: autoDraw = False
12.6673 	EXP 	distr: autoDraw = False
12.6673 	EXP 	distr: autoDraw = False
12.6673 	EXP 	distr: autoDraw = False
12.6673 	EXP 	distr: autoDraw = False
12.6673 	EXP 	distr: autoDraw = True
12.6673 	EXP 	distr: autoDraw = True
12.6673 	EXP 	distr: autoDraw = True
12.6673 	EXP 	distr: autoDraw = True
12.6673 	EXP 	distr: autoDraw = True
12.6673 	EXP 	distr: autoDraw = True
12.6673 	EXP 	distr: autoDraw = True
12.6673 	EXP 	distr: autoDraw = True
12.6673 	EXP 	distr: autoDraw = True
12.6673 	EXP 	distr: autoDraw = True
12.6673 	EXP 	fixation: autoDraw = True
12.6673 	EXP 	target: autoDraw = True
12.8520 	DATA 	Mouse:  Left button up, pos=(771,112)
13.6675 	EXP 	fixation: autoDraw = False
14.0700 	DATA 	Mouse: Left button down, pos=(824,662)
14.0846 	EXP 	New trial (rep=9, index=0): <Trial 9 (0 in rep 9) data={'thisN': 9, 'thisTrialN': 0, 'thisRepN': 9}>
14.0870 	EXP 	Created distr = TextStim(__class__=<class 'psychopy.visual.text.TextStim'>, alignHoriz=method-wrapper(...), alignText='center', alignVert=method-wrapper(...), anchorHoriz='center', anchorVert='center', antialias=True, autoDraw=False, autoLog=True, bold=False, color=array([1., 1., 1.]), colorSpace='rgb', contrast=1.0, depth=0, draggable=False, flipHoriz=False, flipVert=False, font='Open Sans', fontFiles=[], height=np.float64(0.1), italic=False, languageStyle='LTR', name='distr', opacity=1.0, ori=7, pos=array([ 0.22760763, -0.25614882]), rgb=UNKNOWN, text='L', units='height', win=Window(...), wrapWidth=1)
14.0884 	EXP 	Created distr = TextStim(__class__=<class 'psychopy.visual.text.TextStim'>, alignHoriz=method-wrapper(...), alignText='center', alignVert=method-wrapper(...), anchorHoriz='center', anchorVert='center', antialias=True, autoDraw=False, autoLog=True, bold=False, color=array([1., 1., 1.]), colorSpace='rgb', contrast=1.0, depth=0, draggable=False, flipHoriz=False, flipVert=False, font='Open Sans', fontFiles=[], height=np.float64(0.1), italic=False, languageStyle='LTR', name='distr', opacity=1.0, ori=182, pos=array([-0.14048316,  0.27771989]), rgb=UNKNOWN, text='L', units='height', win=Window(...), wrapWidth=1)
14.0897 	EXP 	Created distr = TextStim(__class__=<class 'psychopy.visual.text.TextStim'>, alignHoriz=method-wrapper(...), alignText='center', alignVert=method-wrapper(...), anchorHoriz='center', anchorVert='center', antialias=True, autoDraw=False, autoLog=True, bold=False, color=array([1., 1., 1.]), colorSpace='rgb', contrast=1.0, depth=0, draggable=False, flipHoriz=False, flipVert=False, font='Open Sans', fontFiles=[], height=np.float64(0.1), italic=False, languageStyle='LTR', name='distr', opacity=1.0, ori=176, pos=array([-0.33092465,  0.42537786]), rgb=UNKNOWN, text='L', units='height', win=Window(...), wrapWidth=1)
14.0911 	EXP 	Created distr = TextStim(__class__=<class 'psychopy.visual.text.TextStim'>, alignHoriz=method-wrapper(...), alignText='center', alignVert=method-wrapper(...), anchorHoriz='center', anchorVert='center', antialias=True, autoDraw=False, autoLog=True, bold=False, color=array([1., 1., 1.]), colorSpace='rgb', contrast=1.0, depth=0, draggable=False, flipHoriz=False, flipVert=False, font='Open Sans', fontFiles=[], height=np.float64(0.1), italic=False, languageStyle='LTR', name='distr', opacity=1.0, ori=24, pos=array([-0.10472011, -0.32927011]), rgb=UNKNOWN, text='L', units='height', win=Window(...), wrapWidth=1)
14.0925 	EXP 	Created distr = TextStim(__class__=<class 'psychopy.visual.text.TextStim'>, alignHoriz=method-wrapper(...), alignText='center', alignVert=method-wrapper(...), anchorHoriz='center', anchorVert='center', antialias=True, autoDraw=False, autoLog=True, bold=False, color=array([1., 1., 1.]), colorSpace='rgb', contrast=1.0, depth=0, draggable=False, flipHoriz=False, flipVert=False, font='Open Sans', fontFiles=[], height=np.float64(0.1), italic=False, languageStyle='LTR', name='distr', opacity=1.0, ori=209, pos=array([ 0.19604238, -0.04172566]), rgb=UNKNOWN, text='L', units='height', win=Window(...), wrapWidth=1)
14.1001 	EXP 	fixation: autoDraw = False
14.1001 	EXP 	target: autoDraw = False
14.1001 	EXP 	distr: autoDraw = False
14.1001 	EXP 	distr: autoDraw = False
14.1001 	EXP 	distr: autoDraw = False
14.1001 	EXP 	distr: autoDraw = False
14.1001 	EXP 	distr: autoDraw = False
14.1001 	EXP 	distr: autoDraw = False
14.1001 	EXP 	distr: autoDraw = False
14.1001 	EXP 	distr: autoDraw = False
14.1001 	EXP 	distr: autoDraw = False
14.1001 	EXP 	distr: autoDraw = False
14.1001 	EXP 	distr: autoDraw = True
14.1001 	EXP 	distr: autoDraw = True
14.1001 	EXP 	distr: autoDraw = True
14.1001 	EXP 	distr: autoDraw = True
14.1001 	EXP 	distr: autoDraw = True
14.1001 	EXP 	fixation: autoDraw = True
14.1001 	EXP 	target: autoDraw = True
14.3020 	DATA 	Mouse:  Left button up, pos=(824,662)
15.0994 	EXP 	fixation: autoDraw = False
15.2503 	DATA 	Mouse: Left button down, pos=(908,599)
15.4692 	DATA 	Mouse:  Left button up, pos=(908,599)
16.0499 	DATA 	Mouse: Left button down, pos=(894,599)
16.0505 	EXP 	New trial (rep=10, index=0): <Trial 10 (0 in rep 10) data={'thisN': 10, 'thisTrialN': 0, 'thisRepN': 10}>
16.0531 	EXP 	Created distr = TextStim(__class__=<class 'psychopy.visual.text.TextStim'>, alignHoriz=method-wrapper(...), alignText='center', alignVert=method-wrapper(...), anchorHoriz='center', anchorVert='center', antialias=True, autoDraw=False, autoLog=True, bold=False, color=array([1., 1., 1.]), colorSpace='rgb', contrast=1.0, depth=0, draggable=False, flipHoriz=False, flipVert=False, font='Open Sans', fontFiles=[], height=np.float64(0.1), italic=False, languageStyle='LTR', name='distr', opacity=1.0, ori=56, pos=array([0.34681766, 0.15004229]), rgb=UNKNOWN, text='L', units='height', win=Window(...), wrapWidth=1)
16.0547 	EXP 	Created distr = TextStim(__class__=<class 'psychopy.visual.text.TextStim'>, alignHoriz=method-wrapper(...), alignText='center', alignVert=method-wrapper(...), anchorHoriz='center', anchorVert='center', antialias=True, autoDraw=False, autoLog=True, bold=False, color=array([1., 1., 1.]), colorSpace='rgb', contrast=1.0, depth=0, draggable=False, flipHoriz=False, flipVert=False, font='Open Sans', fontFiles=[], height=np.float64(0.1), italic=False, languageStyle='LTR', name='distr', opacity=1.0, ori=221, pos=array([0.07890009, 0.10138036]), rgb=UNKNOWN, text='L', units='height', win=Window(...), wrapWidth=1)
16.0561 	EXP 	Created distr = TextStim(__class__=<class 'psychopy.visual.text.TextStim'>, alignHoriz=method-wrapper(...), alignText='center', alignVert=method-wrapper(...), anchorHoriz='center', anchorVert='center', antialias=True, autoDraw=False, autoLog=True, bold=False, color=array([1., 1., 1.]), colorSpace='rgb', contrast=1.0, depth=0, draggable=False, flipHoriz=False, flipVert=False, font='Open Sans', fontFiles=[], height=np.float64(0.1), italic=False, languageStyle='LTR', name='distr', opacity=1.0, ori=240, pos=array([-0.36658163,  0.39980222]), rgb=UNKNOWN, text='L', units='height', win=Window(...), wrapWidth=1)
16.0574 	EXP 	Created distr = TextStim(__class__=<class 'psychopy.visual.text.TextStim'>, alignHoriz=method-wrapper(...), alignText='center', alignVert=method-wrapper(...), anchorHoriz='center', anchorVert='center', antialias=True, autoDraw=False, autoLog=True, bold=False, color=array([1., 1., 1.]), colorSpace='rgb', contrast=1.0, depth=0, draggable=False, flipHoriz=False, flipVert=False, font='Open Sans', fontFiles=[], height=np.float64(0.1), italic=False, languageStyle='LTR', name='distr', opacity=1.0, ori=55, pos=array([0.45214783, 0.38163368]), rgb=UNKNOWN, text='L', units='height', win=Window(...), wrapWidth=1)
16.0589 	EXP 	Created distr = TextStim(__class__=<class 'psychopy.visual.text.TextStim'>, alignHoriz=method-wrapper(...), alignText='center', alignVert=method-wrapper(...), anchorHoriz='center', anchorVert='center', antialias=True, autoDraw=False, autoLog=True, bold=False, color=array([1., 1., 1.]), colorSpace='rgb', contrast=1.0, depth=0, draggable=False, flipHoriz=False, flipVert=False, font='Open Sans', fontFiles=[], height=np.float64(0.1), italic=False, languageStyle='LTR', name='distr', opacity=1.0, ori=113, pos=array([-0.01112166, -0.42559564]), rgb=UNKNOWN, text='L', units='height', win=Window(...), wrapWidth=1)
16.0603 	EXP 	Created distr = TextStim(__class__=<class 'psychopy.visual.text.TextStim'>, alignHoriz=method-wrapper(...), alignText='center', alignVert=method-wrapper(...), anchorHoriz='center', anchorVert='center', antialias=True, autoDraw=False, autoLog=True, bold=False, color=array([1., 1., 1.]), colorSpace='rgb', contrast=1.0, depth=0, draggable=False, flipHoriz=False, flipVert=False, font='Open Sans', fontFiles=[], height=np.float64(0.1), italic=False, languageStyle='LTR', name='distr', opacity=1.0, ori=344, pos=array([-0.4886464 ,  0.42761886]), rgb=UNKNOWN, text='L', units='height', win=Window(...), wrapWidth=1)
16.0616 	EXP 	Created distr = TextStim(__class__=<class 'psychopy.visual.text.TextStim'>, alignHoriz=method-wrapper(...), alignText='center', alignVert=method-wrapper(...), anchorHoriz='center', anchorVert='center', antialias=True, autoDraw=False, autoLog=True, bold=False, color=array([1., 1., 1.]), colorSpace='rgb', contrast=1.0, depth=0, draggable=False, flipHoriz=False, flipVert=False, font='Open Sans', fontFiles=[], height=np.float64(0.1), italic=False, languageStyle='LTR', name='distr', opacity=1.0, ori=140, pos=array([-0.42081802, -0.20848742]), rgb=UNKNOWN, text='L', units='height', win=Window(...), wrapWidth=1)
16.0634 	EXP 	Created distr = TextStim(__class__=<class 'psychopy.visual.text.TextStim'>, alignHoriz=method-wrapper(...), alignText='center', alignVert=method-wrapper(...), anchorHoriz='center', anchorVert='center', antialias=True, autoDraw=False, autoLog=True, bold=False, color=array([1., 1., 1.]), colorSpace='rgb', contrast=1.0, depth=0, draggable=False, flipHoriz=False, flipVert=False, font='Open Sans', fontFiles=[], height=np.float64(0.1), italic=False, languageStyle='LTR', name='distr', opacity=1.0, ori=15, pos=array([-0.47833673,  0.16775305]), rgb=UNKNOWN, text='L', units='height', win=Window(...), wrapWidth=1)
16.0652 	EXP 	Created distr = TextStim(__class__=<class 'psychopy.visual.text.TextStim'>, alignHoriz=method-wrapper(...), alignText='center', alignVert=method-wrapper(...), anchorHoriz='center', anchorVert='center', antialias=True, autoDraw=False, autoLog=True, bold=False, color=array([1., 1., 1.]), colorSpace='rgb', contrast=1.0, depth=0, draggable=False, flipHoriz=False, flipVert=False, font='Open Sans', fontFiles=[], height=np.float64(0.1), italic=False, languageStyle='LTR', name='distr', opacity=1.0, ori=90, pos=array([ 0.03032784, -0.07421191]), rgb=UNKNOWN, text='L', units='height', win=Window(...), wrapWidth=1)
16.0670 	EXP 	Created distr = TextStim(__class__=<class 'psychopy.visual.text.TextStim'>, alignHoriz=method-wrapper(...), alignText='center', alignVert=method-wrapper(...), anchorHoriz='center', anchorVert='center', antialias=True, autoDraw=False, autoLog=True, bold=False, color=array([1., 1., 1.]), colorSpace='rgb', contrast=1.0, depth=0, draggable=False, flipHoriz=False, flipVert=False, font='Open Sans', fontFiles=[], height=np.float64(0.1), italic=False, languageStyle='LTR', name='distr', opacity=1.0, ori=221, pos=array([-0.12744751, -0.08026801]), rgb=UNKNOWN, text='L', units='height', win=Window(...), wrapWidth=1)
16.0812 	EXP 	fixation: autoDraw = False
16.0812 	EXP 	target: autoDraw = False
16.0812 	EXP 	distr: autoDraw = False
16.0812 	EXP 	distr: autoDraw = False
16.0812 	EXP 	distr: autoDraw = False
16.0812 	EXP 	distr: autoDraw = False
16.0812 	EXP 	distr: autoDraw = False
16.0812 	EXP 	distr: autoDraw = True
16.0812 	EXP 	distr: autoDraw = True
16.0812 	EXP 	distr: autoDraw = True
16.0812 	EXP 	distr: autoDraw = True
16.0812 	EXP 	distr: autoDraw = True
16.0812 	EXP 	distr: autoDraw = True
16.0812 	EXP 	distr: autoDraw = True
16.0812 	EXP 	distr: autoDraw = True
16.0812 	EXP 	distr: autoDraw = True
16.0812 	EXP 	distr: autoDraw = True
16.0812 	EXP 	fixation: autoDraw = True
16.0812 	EXP 	target: autoDraw = True
16.2661 	DATA 	Mouse:  Left button up, pos=(894,599)
17.0815 	EXP 	fixation: autoDraw = False
17.2817 	DATA 	Mouse: Left button down, pos=(856,451)
17.2826 	EXP 	New trial (rep=11, index=0): <Trial 11 (0 in rep 11) data={'thisN': 11, 'thisTrialN': 0, 'thisRepN': 11}>
17.2852 	EXP 	Created distr = TextStim(__class__=<class 'psychopy.visual.text.TextStim'>, alignHoriz=method-wrapper(...), alignText='center', alignVert=method-wrapper(...), anchorHoriz='center', anchorVert='center', antialias=True, autoDraw=False, autoLog=True, bold=False, color=array([1., 1., 1.]), colorSpace='rgb', contrast=1.0, depth=0, draggable=False, flipHoriz=False, flipVert=False, font='Open Sans', fontFiles=[], height=np.float64(0.1), italic=False, languageStyle='LTR', name='distr', opacity=1.0, ori=119, pos=array([0.38651622, 0.25239656]), rgb=UNKNOWN, text='L', units='height', win=Window(...), wrapWidth=1)
17.2869 	EXP 	Created distr = TextStim(__class__=<class 'psychopy.visual.text.TextStim'>, alignHoriz=method-wrapper(...), alignText='center', alignVert=method-wrapper(...), anchorHoriz='center', anchorVert='center', antialias=True, autoDraw=False, autoLog=True, bold=False, color=array([1., 1., 1.]), colorSpace='rgb', contrast=1.0, depth=0, draggable=False, flipHoriz=False, flipVert=False, font='Open Sans', fontFiles=[], height=np.float64(0.1), italic=False, languageStyle='LTR', name='distr', opacity=1.0, ori=228, pos=array([-0.2379154 , -0.25636885]), rgb=UNKNOWN, text='L', units='height', win=Window(...), wrapWidth=1)
17.2884 	EXP 	Created distr = TextStim(__class__=<class 'psychopy.visual.text.TextStim'>, alignHoriz=method-wrapper(...), alignText='center', alignVert=method-wrapper(...), anchorHoriz='center', anchorVert='center', antialias=True, autoDraw=False, autoLog=True, bold=False, color=array([1., 1., 1.]), colorSpace='rgb', contrast=1.0, depth=0, draggable=False, flipHoriz=False, flipVert=False, font='Open Sans', fontFiles=[], height=np.float64(0.1), italic=False, languageStyle='LTR', name='distr', opacity=1.0, ori=304, pos=array([0.19369548, 0.30149643]), rgb=UNKNOWN, text='L', units='height', win=Window(...), wrapWidth=1)
17.2897 	EXP 	Created distr = TextStim(__class__=<class 'psychopy.visual.text.TextStim'>, alignHoriz=method-wrapper(...), alignText='center', alignVert=method-wrapper(...), anchorHoriz='center', anchorVert='center', antialias=True, autoDraw=False, autoLog=True, bold=False, color=array([1., 1., 1.]), colorSpace='rgb', contrast=1.0, depth=0, draggable=False, flipHoriz=False, flipVert=False, font='Open Sans', fontFiles=[], height=np.float64(0.1), italic=False, languageStyle='LTR', name='distr', opacity=1.0, ori=102, pos=array([ 0.44793114, -0.05729377]), rgb=UNKNOWN, text='L', units='height', win=Window(...), wrapWidth=1)
17.2911 	EXP 	Created distr = TextStim(__class__=<class 'psychopy.visual.text.TextStim'>, alignHoriz=method-wrapper(...), alignText='center', alignVert=method-wrapper(...), anchorHoriz='center', anchorVert='center', antialias=True, autoDraw=False, autoLog=True, bold=False, color=array([1., 1., 1.]), colorSpace='rgb', contrast=1.0, depth=0, draggable=False, flipHoriz=False, flipVert=False, font='Open Sans', fontFiles=[], height=np.float64(0.1), italic=False, languageStyle='LTR', name='distr', opacity=1.0, ori=4, pos=array([ 0.37545003, -0.24120509]), rgb=UNKNOWN, text='L', units='height', win=Window(...), wrapWidth=1)
17.2971 	EXP 	fixation: autoDraw = False
17.2971 	EXP 	target: autoDraw = False
17.2971 	EXP 	distr: autoDraw = False
17.2971 	EXP 	distr: autoDraw = False
17.2971 	EXP 	distr: autoDraw = False
17.2971 	EXP 	distr: autoDraw = False
17.2971 	EXP 	distr: autoDraw = False
17.2971 	EXP 	distr: autoDraw = False
17.2971 	EXP 	distr: autoDraw = False
17.2971 	EXP 	distr: autoDraw = False
17.2971 	EXP 	distr: autoDraw = False
17.2971 	EXP 	distr: autoDraw = False
17.2971 	EXP 	distr: autoDraw = True
17.2971 	EXP 	distr: autoDraw = True
17.2971 	EXP 	distr: autoDraw = True
17.2971 	EXP 	distr: autoDraw = True
17.2971 	EXP 	distr: autoDraw = True
17.2971 	EXP 	fixation: autoDraw = True
17.2971 	EXP 	target: autoDraw = True
17.4991 	DATA 	Mouse:  Left button up, pos=(856,451)
18.2972 	EXP 	fixation: autoDraw = False
18.6307 	DATA 	Mouse: Left button down, pos=(358,52)
18.6316 	EXP 	New trial (rep=12, index=0): <Trial 12 (0 in rep 12) data={'thisN': 12, 'thisTrialN': 0, 'thisRepN': 12}>
18.6343 	EXP 	Created distr = TextStim(__class__=<class 'psychopy.visual.text.TextStim'>, alignHoriz=method-wrapper(...), alignText='center', alignVert=method-wrapper(...), anchorHoriz='center', anchorVert='center', antialias=True, autoDraw=False, autoLog=True, bold=False, color=array([1., 1., 1.]), colorSpace='rgb', contrast=1.0, depth=0, draggable=False, flipHoriz=False, flipVert=False, font='Open Sans', fontFiles=[], height=np.float64(0.1), italic=False, languageStyle='LTR', name='distr', opacity=1.0, ori=355, pos=array([-0.35989389, -0.18404103]), rgb=UNKNOWN, text='L', units='height', win=Window(...), wrapWidth=1)
18.6361 	EXP 	Created distr = TextStim(__class__=<class 'psychopy.visual.text.TextStim'>, alignHoriz=method-wrapper(...), alignText='center', alignVert=method-wrapper(...), anchorHoriz='center', anchorVert='center', antialias=True, autoDraw=False, autoLog=True, bold=False, color=array([1., 1., 1.]), colorSpace='rgb', contrast=1.0, depth=0, draggable=False, flipHoriz=False, flipVert=False, font='Open Sans', fontFiles=[], height=np.float64(0.1), italic=False, languageStyle='LTR', name='distr', opacity=1.0, ori=37, pos=array([-0.41166241, -0.33118269]), rgb=UNKNOWN, text='L', units='height', win=Window(...), wrapWidth=1)
18.6375 	EXP 	Created distr = TextStim(__class__=<class 'psychopy.visual.text.TextStim'>, alignHoriz=method-wrapper(...), alignText='center', alignVert=method-wrapper(...), anchorHoriz='center', anchorVert='center', antialias=True, autoDraw=False, autoLog=True, bold=False, color=array([1., 1., 1.]), colorSpace='rgb', contrast=1.0, depth=0, draggable=False, flipHoriz=False, flipVert=False, font='Open Sans', fontFiles=[], height=np.float64(0.1), italic=False, languageStyle='LTR', name='distr', opacity=1.0, ori=105, pos=array([0.06303776, 0.47043843]), rgb=UNKNOWN, text='L', units='height', win=Window(...), wrapWidth=1)
18.6389 	EXP 	Created distr = TextStim(__class__=<class 'psychopy.visual.text.TextStim'>, alignHoriz=method-wrapper(...), alignText='center', alignVert=method-wrapper(...), anchorHoriz='center', anchorVert='center', antialias=True, autoDraw=False, autoLog=True, bold=False, color=array([1., 1., 1.]), colorSpace='rgb', contrast=1.0, depth=0, draggable=False, flipHoriz=False, flipVert=False, font='Open Sans', fontFiles=[], height=np.float64(0.1), italic=False, languageStyle='LTR', name='distr', opacity=1.0, ori=144, pos=array([-0.29002413,  0.27836867]), rgb=UNKNOWN, text='L', units='height', win=Window(...), wrapWidth=1)
18.6404 	EXP 	Created distr = TextStim(__class__=<class 'psychopy.visual.text.TextStim'>, alignHoriz=method-wrapper(...), alignText='center', alignVert=method-wrapper(...), anchorHoriz='center', anchorVert='center', antialias=True, autoDraw=False, autoLog=True, bold=False, color=array([1., 1., 1.]), colorSpace='rgb', contrast=1.0, depth=0, draggable=False, flipHoriz=False, flipVert=False, font='Open Sans', fontFiles=[], height=np.float64(0.1), italic=False, languageStyle='LTR', name='distr', opacity=1.0, ori=322, pos=array([ 0.47390377, -0.33145965]), rgb=UNKNOWN, text='L', units='height', win=Window(...), wrapWidth=1)
18.6623 	EXP 	fixation: autoDraw = False
18.6623 	EXP 	target: autoDraw = False
18.6623 	EXP 	distr: autoDraw = False
18.6623 	EXP 	distr: autoDraw = False
18.6623 	EXP 	distr: autoDraw = False
18.6623 	EXP 	distr: autoDraw = False
18.6623 	EXP 	distr: autoDraw = False
18.6623 	EXP 	distr: autoDraw = True
18.6623 	EXP 	distr: autoDraw = True
18.6623 	EXP 	distr: autoDraw = True
18.6623 	EXP 	distr: autoDraw = True
18.6623 	EXP 	distr: autoDraw = True
18.6623 	EXP 	fixation: autoDraw = True
18.6623 	EXP 	target: autoDraw = True
18.8471 	DATA 	Mouse:  Left button up, pos=(358,52)
19.6621 	EXP 	fixation: autoDraw = False
19.8464 	DATA 	Mouse: Left button down, pos=(860,491)
19.8473 	EXP 	New trial (rep=13, index=0): <Trial 13 (0 in rep 13) data={'thisN': 13, 'thisTrialN': 0, 'thisRepN': 13}>
19.8499 	EXP 	Created distr = TextStim(__class__=<class 'psychopy.visual.text.TextStim'>, alignHoriz=method-wrapper(...), alignText='center', alignVert=method-wrapper(...), anchorHoriz='center', anchorVert='center', antialias=True, autoDraw=False, autoLog=True, bold=False, color=array([1., 1., 1.]), colorSpace='rgb', contrast=1.0, depth=0, draggable=False, flipHoriz=False, flipVert=False, font='Open Sans', fontFiles=[], height=np.float64(0.1), italic=False, languageStyle='LTR', name='distr', opacity=1.0, ori=211, pos=array([-0.41837131,  0.13475949]), rgb=UNKNOWN, text='L', units='height', win=Window(...), wrapWidth=1)
19.8520 	EXP 	Created distr = TextStim(__class__=<class 'psychopy.visual.text.TextStim'>, alignHoriz=method-wrapper(...), alignText='center', alignVert=method-wrapper(...), anchorHoriz='center', anchorVert='center', antialias=True, autoDraw=False, autoLog=True, bold=False, color=array([1., 1., 1.]), colorSpace='rgb', contrast=1.0, depth=0, draggable=False, flipHoriz=False, flipVert=False, font='Open Sans', fontFiles=[], height=np.float64(0.1), italic=False, languageStyle='LTR', name='distr', opacity=1.0, ori=223, pos=array([0.07105254, 0.25439604]), rgb=UNKNOWN, text='L', units='height', win=Window(...), wrapWidth=1)
19.8534 	EXP 	Created distr = TextStim(__class__=<class 'psychopy.visual.text.TextStim'>, alignHoriz=method-wrapper(...), alignText='center', alignVert=method-wrapper(...), anchorHoriz='center', anchorVert='center', antialias=True, autoDraw=False, autoLog=True, bold=False, color=array([1., 1., 1.]), colorSpace='rgb', contrast=1.0, depth=0, draggable=False, flipHoriz=False, flipVert=False, font='Open Sans', fontFiles=[], height=np.float64(0.1), italic=False, languageStyle='LTR', name='distr', opacity=1.0, ori=10, pos=array([ 0.26216026, -0.0631999 ]), rgb=UNKNOWN, text='L', units='height', win=Window(...), wrapWidth=1)
19.8549 	EXP 	Created distr = TextStim(__class__=<class 'psychopy.visual.text.TextStim'>, alignHoriz=method-wrapper(...), alignText='center', alignVert=method-wrapper(...), anchorHoriz='center', anchorVert='center', antialias=True, autoDraw=False, autoLog=True, bold=False, color=array([1., 1., 1.]), colorSpace='rgb', contrast=1.0, depth=0, draggable=False, flipHoriz=False, flipVert=False, font='Open Sans', fontFiles=[], height=np.float64(0.1), italic=False, languageStyle='LTR', name='distr', opacity=1.0, ori=313, pos=array([-0.10198134, -0.15742006]), rgb=UNKNOWN, text='L', units='height', win=Window(...), wrapWidth=1)
19.8562 	EXP 	Created distr = TextStim(__class__=<class 'psychopy.visual.text.TextStim'>, alignHoriz=method-wrapper(...), alignText='center', alignVert=method-wrapper(...), anchorHoriz='center', anchorVert='center', antialias=True, autoDraw=False, autoLog=True, bold=False, color=array([1., 1., 1.]), colorSpace='rgb', contrast=1.0, depth=0, draggable=False, flipHoriz=False, flipVert=False, font='Open Sans', fontFiles=[], height=np.float64(0.1), italic=False, languageStyle='LTR', name='distr', opacity=1.0, ori=258, pos=array([-0.06273977,  0.16775233]), rgb=UNKNOWN, text='L', units='height', win=Window(...), wrapWidth=1)
19.8780 	EXP 	fixation: autoDraw = False
19.8780 	EXP 	target: autoDraw = False
19.8780 	EXP 	distr: autoDraw = False
19.8780 	EXP 	distr: autoDraw = False
19.8780 	EXP 	distr: autoDraw = False
19.8780 	EXP 	distr: autoDraw = False
19.8780 	EXP 	distr: autoDraw = False
19.8780 	EXP 	distr: autoDraw = True
19.8780 	EXP 	distr: autoDraw = True
19.8780 	EXP 	distr: autoDraw = True
19.8780 	EXP 	distr: autoDraw = True
19.8780 	EXP 	distr: autoDraw = True
19.8780 	EXP 	fixation: autoDraw = True
19.8780 	EXP 	target: autoDraw = True
20.0640 	DATA 	Mouse:  Left button up, pos=(860,491)
20.8782 	EXP 	fixation: autoDraw = False
21.2121 	DATA 	Mouse: Left button down, pos=(543,442)
21.2129 	EXP 	New trial (rep=14, index=0): <Trial 14 (0 in rep 14) data={'thisN': 14, 'thisTrialN': 0, 'thisRepN': 14}>
21.2153 	EXP 	Created distr = TextStim(__class__=<class 'psychopy.visual.text.TextStim'>, alignHoriz=method-wrapper(...), alignText='center', alignVert=method-wrapper(...), anchorHoriz='center', anchorVert='center', antialias=True, autoDraw=False, autoLog=True, bold=False, color=array([1., 1., 1.]), colorSpace='rgb', contrast=1.0, depth=0, draggable=False, flipHoriz=False, flipVert=False, font='Open Sans', fontFiles=[], height=np.float64(0.1), italic=False, languageStyle='LTR', name='distr', opacity=1.0, ori=156, pos=array([0.41697676, 0.43286124]), rgb=UNKNOWN, text='L', units='height', win=Window(...), wrapWidth=1)
21.2168 	EXP 	Created distr = TextStim(__class__=<class 'psychopy.visual.text.TextStim'>, alignHoriz=method-wrapper(...), alignText='center', alignVert=method-wrapper(...), anchorHoriz='center', anchorVert='center', antialias=True, autoDraw=False, autoLog=True, bold=False, color=array([1., 1., 1.]), colorSpace='rgb', contrast=1.0, depth=0, draggable=False, flipHoriz=False, flipVert=False, font='Open Sans', fontFiles=[], height=np.float64(0.1), italic=False, languageStyle='LTR', name='distr', opacity=1.0, ori=105, pos=array([ 0.06631538, -0.3843767 ]), rgb=UNKNOWN, text='L', units='height', win=Window(...), wrapWidth=1)
21.2181 	EXP 	Created distr = TextStim(__class__=<class 'psychopy.visual.text.TextStim'>, alignHoriz=method-wrapper(...), alignText='center', alignVert=method-wrapper(...), anchorHoriz='center', anchorVert='center', antialias=True, autoDraw=False, autoLog=True, bold=False, color=array([1., 1., 1.]), colorSpace='rgb', contrast=1.0, depth=0, draggable=False, flipHoriz=False, flipVert=False, font='Open Sans', fontFiles=[], height=np.float64(0.1), italic=False, languageStyle='LTR', name='distr', opacity=1.0, ori=44, pos=array([-0.38670075,  0.07888431]), rgb=UNKNOWN, text='L', units='height', win=Window(...), wrapWidth=1)
21.2195 	EXP 	Created distr = TextStim(__class__=<class 'psychopy.visual.text.TextStim'>, alignHoriz=method-wrapper(...), alignText='center', alignVert=method-wrapper(...), anchorHoriz='center', anchorVert='center', antialias=True, autoDraw=False, autoLog=True, bold=False, color=array([1., 1., 1.]), colorSpace='rgb', contrast=1.0, depth=0, draggable=False, flipHoriz=False, flipVert=False, font='Open Sans', fontFiles=[], height=np.float64(0.1), italic=False, languageStyle='LTR', name='distr', opacity=1.0, ori=151, pos=array([0.23120016, 0.24233934]), rgb=UNKNOWN, text='L', units='height', win=Window(...), wrapWidth=1)
21.2209 	EXP 	Created distr = TextStim(__class__=<class 'psychopy.visual.text.TextStim'>, alignHoriz=method-wrapper(...), alignText='center', alignVert=method-wrapper(...), anchorHoriz='center', anchorVert='center', antialias=True, autoDraw=False, autoLog=True, bold=False, color=array([1., 1., 1.]), colorSpace='rgb', contrast=1.0, depth=0, draggable=False, flipHoriz=False, flipVert=False, font='Open Sans', fontFiles=[], height=np.float64(0.1), italic=False, languageStyle='LTR', name='distr', opacity=1.0, ori=229, pos=array([0.13179531, 0.45485717]), rgb=UNKNOWN, text='L', units='height', win=Window(...), wrapWidth=1)
21.2437 	EXP 	fixation: autoDraw = False
21.2437 	EXP 	target: autoDraw = False
21.2437 	EXP 	distr: autoDraw = False
21.2437 	EXP 	distr: autoDraw = False
21.2437 	EXP 	distr: autoDraw = False
21.2437 	EXP 	distr: autoDraw = False
21.2437 	EXP 	distr: autoDraw = False
21.2437 	EXP 	distr: autoDraw = True
21.2437 	EXP 	distr: autoDraw = True
21.2437 	EXP 	distr: autoDraw = True
21.2437 	EXP 	distr: autoDraw = True
21.2437 	EXP 	distr: autoDraw = True
21.2437 	EXP 	fixation: autoDraw = True
21.2437 	EXP 	target: autoDraw = True
21.4289 	DATA 	Mouse:  Left button up, pos=(543,442)
22.2438 	EXP 	fixation: autoDraw = False
22.3284 	DATA 	Mouse: Left button down, pos=(559,112)
22.3291 	EXP 	New trial (rep=15, index=0): <Trial 15 (0 in rep 15) data={'thisN': 15, 'thisTrialN': 0, 'thisRepN': 15}>
22.3314 	EXP 	Created distr = TextStim(__class__=<class 'psychopy.visual.text.TextStim'>, alignHoriz=method-wrapper(...), alignText='center', alignVert=method-wrapper(...), anchorHoriz='center', anchorVert='center', antialias=True, autoDraw=False, autoLog=True, bold=False, color=array([1., 1., 1.]), colorSpace='rgb', contrast=1.0, depth=0, draggable=False, flipHoriz=False, flipVert=False, font='Open Sans', fontFiles=[], height=np.float64(0.1), italic=False, languageStyle='LTR', name='distr', opacity=1.0, ori=49, pos=array([ 0.15340656, -0.19855768]), rgb=UNKNOWN, text='L', units='height', win=Window(...), wrapWidth=1)
22.3328 	EXP 	Created distr = TextStim(__class__=<class 'psychopy.visual.text.TextStim'>, alignHoriz=method-wrapper(...), alignText='center', alignVert=method-wrapper(...), anchorHoriz='center', anchorVert='center', antialias=True, autoDraw=False, autoLog=True, bold=False, color=array([1., 1., 1.]), colorSpace='rgb', contrast=1.0, depth=0, draggable=False, flipHoriz=False, flipVert=False, font='Open Sans', fontFiles=[], height=np.float64(0.1), italic=False, languageStyle='LTR', name='distr', opacity=1.0, ori=150, pos=array([0.10896051, 0.29319819]), rgb=UNKNOWN, text='L', units='height', win=Window(...), wrapWidth=1)
22.3343 	EXP 	Created distr = TextStim(__class__=<class 'psychopy.visual.text.TextStim'>, alignHoriz=method-wrapper(...), alignText='center', alignVert=method-wrapper(...), anchorHoriz='center', anchorVert='center', antialias=True, autoDraw=False, autoLog=True, bold=False, color=array([1., 1., 1.]), colorSpace='rgb', contrast=1.0, depth=0, draggable=False, flipHoriz=False, flipVert=False, font='Open Sans', fontFiles=[], height=np.float64(0.1), italic=False, languageStyle='LTR', name='distr', opacity=1.0, ori=46, pos=array([-0.42172144, -0.45890086]), rgb=UNKNOWN, text='L', units='height', win=Window(...), wrapWidth=1)
22.3356 	EXP 	Created distr = TextStim(__class__=<class 'psychopy.visual.text.TextStim'>, alignHoriz=method-wrapper(...), alignText='center', alignVert=method-wrapper(...), anchorHoriz='center', anchorVert='center', antialias=True, autoDraw=False, autoLog=True, bold=False, color=array([1., 1., 1.]), colorSpace='rgb', contrast=1.0, depth=0, draggable=False, flipHoriz=False, flipVert=False, font='Open Sans', fontFiles=[], height=np.float64(0.1), italic=False, languageStyle='LTR', name='distr', opacity=1.0, ori=13, pos=array([0.06633997, 0.36037447]), rgb=UNKNOWN, text='L', units='height', win=Window(...), wrapWidth=1)
22.3369 	EXP 	Created distr = TextStim(__class__=<class 'psychopy.visual.text.TextStim'>, alignHoriz=method-wrapper(...), alignText='center', alignVert=method-wrapper(...), anchorHoriz='center', anchorVert='center', antialias=True, autoDraw=False, autoLog=True, bold=False, color=array([1., 1., 1.]), colorSpace='rgb', contrast=1.0, depth=0, draggable=False, flipHoriz=False, flipVert=False, font='Open Sans', fontFiles=[], height=np.float64(0.1), italic=False, languageStyle='LTR', name='distr', opacity=1.0, ori=316, pos=array([ 0.1371739 , -0.04365717]), rgb=UNKNOWN, text='L', units='height', win=Window(...), wrapWidth=1)
22.3384 	EXP 	Created distr = TextStim(__class__=<class 'psychopy.visual.text.TextStim'>, alignHoriz=method-wrapper(...), alignText='center', alignVert=method-wrapper(...), anchorHoriz='center', anchorVert='center', antialias=True, autoDraw=False, autoLog=True, bold=False, color=array([1., 1., 1.]), colorSpace='rgb', contrast=1.0, depth=0, draggable=False, flipHoriz=False, flipVert=False, font='Open Sans', fontFiles=[], height=np.float64(0.1), italic=False, languageStyle='LTR', name='distr', opacity=1.0, ori=335, pos=array([-0.45461643,  0.27003241]), rgb=UNKNOWN, text='L', units='height', win=Window(...), wrapWidth=1)
22.3398 	EXP 	Created distr = TextStim(__class__=<class 'psychopy.visual.text.TextStim'>, alignHoriz=method-wrapper(...), alignText='center', alignVert=method-wrapper(...), anchorHoriz='center', anchorVert='center', antialias=True, autoDraw=False, autoLog=True, bold=False, color=array([1., 1., 1.]), colorSpace='rgb', contrast=1.0, depth=0, draggable=False, flipHoriz=False, flipVert=False, font='Open Sans', fontFiles=[], height=np.float64(0.1), italic=False, languageStyle='LTR', name='distr', opacity=1.0, ori=37, pos=array([0.27140085, 0.28631689]), rgb=UNKNOWN, text='L', units='height', win=Window(...), wrapWidth=1)
22.3418 	EXP 	Created distr = TextStim(__class__=<class 'psychopy.visual.text.TextStim'>, alignHoriz=method-wrapper(...), alignText='center', alignVert=method-wrapper(...), anchorHoriz='center', anchorVert='center', antialias=True, autoDraw=False, autoLog=True, bold=False, color=array([1., 1., 1.]), colorSpace='rgb', contrast=1.0, depth=0, draggable=False, flipHoriz=False, flipVert=False, font='Open Sans', fontFiles=[], height=np.float64(0.1), italic=False, languageStyle='LTR', name='distr', opacity=1.0, ori=335, pos=array([0.14985935, 0.24361003]), rgb=UNKNOWN, text='L', units='height', win=Window(...), wrapWidth=1)
22.3436 	EXP 	Created distr = TextStim(__class__=<class 'psychopy.visual.text.TextStim'>, alignHoriz=method-wrapper(...), alignText='center', alignVert=method-wrapper(...), anchorHoriz='center', anchorVert='center', antialias=True, autoDraw=False, autoLog=True, bold=False, color=array([1., 1., 1.]), colorSpace='rgb', contrast=1.0, depth=0, draggable=False, flipHoriz=False, flipVert=False, font='Open Sans', fontFiles=[], height=np.float64(0.1), italic=False, languageStyle='LTR', name='distr', opacity=1.0, ori=334, pos=array([-0.45222894,  0.33567985]), rgb=UNKNOWN, text='L', units='height', win=Window(...), wrapWidth=1)
22.3450 	EXP 	Created distr = TextStim(__class__=<class 'psychopy.visual.text.TextStim'>, alignHoriz=method-wrapper(...), alignText='center', alignVert=method-wrapper(...), anchorHoriz='center', anchorVert='center', antialias=True, autoDraw=False, autoLog=True, bold=False, color=array([1., 1., 1.]), colorSpace='rgb', contrast=1.0, depth=0, draggable=False, flipHoriz=False, flipVert=False, font='Open Sans', fontFiles=[], height=np.float64(0.1), italic=False, languageStyle='LTR', name='distr', opacity=1.0, ori=338, pos=array([-0.08046926, -0.3116967 ]), rgb=UNKNOWN, text='L', units='height', win=Window(...), wrapWidth=1)
22.3594 	EXP 	fixation: autoDraw = False
22.3594 	EXP 	target: autoDraw = False
22.3594 	EXP 	distr: autoDraw = False
22.3594 	EXP 	distr: autoDraw = False
22.3594 	EXP 	distr: autoDraw = False
22.3594 	EXP 	distr: autoDraw = False
22.3594 	EXP 	distr: autoDraw = False
22.3594 	EXP 	distr: autoDraw = True
22.3594 	EXP 	distr: autoDraw = True
22.3594 	EXP 	distr: autoDraw = True
22.3594 	EXP 	distr: autoDraw = True
22.3594 	EXP 	distr: autoDraw = True
22.3594 	EXP 	distr: autoDraw = True
22.3594 	EXP 	distr: autoDraw = True
22.3594 	EXP 	distr: autoDraw = True
22.3594 	EXP 	distr: autoDraw = True
22.3594 	EXP 	distr: autoDraw = True
22.3594 	EXP 	fixation: autoDraw = True
22.3594 	EXP 	target: autoDraw = True
22.5608 	DATA 	Mouse:  Left button up, pos=(559,112)
23.3592 	EXP 	fixation: autoDraw = False
23.4600 	DATA 	Mouse: Left button down, pos=(808,461)
23.4607 	EXP 	New trial (rep=16, index=0): <Trial 16 (0 in rep 16) data={'thisN': 16, 'thisTrialN': 0, 'thisRepN': 16}>
23.4631 	EXP 	Created distr = TextStim(__class__=<class 'psychopy.visual.text.TextStim'>, alignHoriz=method-wrapper(...), alignText='center', alignVert=method-wrapper(...), anchorHoriz='center', anchorVert='center', antialias=True, autoDraw=False, autoLog=True, bold=False, color=array([1., 1., 1.]), colorSpace='rgb', contrast=1.0, depth=0, draggable=False, flipHoriz=False, flipVert=False, font='Open Sans', fontFiles=[], height=np.float64(0.1), italic=False, languageStyle='LTR', name='distr', opacity=1.0, ori=289, pos=array([-0.16314671,  0.20753113]), rgb=UNKNOWN, text='L', units='height', win=Window(...), wrapWidth=1)
23.4646 	EXP 	Created distr = TextStim(__class__=<class 'psychopy.visual.text.TextStim'>, alignHoriz=method-wrapper(...), alignText='center', alignVert=method-wrapper(...), anchorHoriz='center', anchorVert='center', antialias=True, autoDraw=False, autoLog=True, bold=False, color=array([1., 1., 1.]), colorSpace='rgb', contrast=1.0, depth=0, draggable=False, flipHoriz=False, flipVert=False, font='Open Sans', fontFiles=[], height=np.float64(0.1), italic=False, languageStyle='LTR', name='distr', opacity=1.0, ori=344, pos=array([ 0.22183255, -0.03131839]), rgb=UNKNOWN, text='L', units='height', win=Window(...), wrapWidth=1)
23.4664 	EXP 	Created distr = TextStim(__class__=<class 'psychopy.visual.text.TextStim'>, alignHoriz=method-wrapper(...), alignText='center', alignVert=method-wrapper(...), anchorHoriz='center', anchorVert='center', antialias=True, autoDraw=False, autoLog=True, bold=False, color=array([1., 1., 1.]), colorSpace='rgb', contrast=1.0, depth=0, draggable=False, flipHoriz=False, flipVert=False, font='Open Sans', fontFiles=[], height=np.float64(0.1), italic=False, languageStyle='LTR', name='distr', opacity=1.0, ori=176, pos=array([0.36805361, 0.46929336]), rgb=UNKNOWN, text='L', units='height', win=Window(...), wrapWidth=1)
23.4678 	EXP 	Created distr = TextStim(__class__=<class 'psychopy.visual.text.TextStim'>, alignHoriz=method-wrapper(...), alignText='center', alignVert=method-wrapper(...), anchorHoriz='center', anchorVert='center', antialias=True, autoDraw=False, autoLog=True, bold=False, color=array([1., 1., 1.]), colorSpace='rgb', contrast=1.0, depth=0, draggable=False, flipHoriz=False, flipVert=False, font='Open Sans', fontFiles=[], height=np.float64(0.1), italic=False, languageStyle='LTR', name='distr', opacity=1.0, ori=337, pos=array([0.34514372, 0.16255677]), rgb=UNKNOWN, text='L', units='height', win=Window(...), wrapWidth=1)
23.4693 	EXP 	Created distr = TextStim(__class__=<class 'psychopy.visual.text.TextStim'>, alignHoriz=method-wrapper(...), alignText='center', alignVert=method-wrapper(...), anchorHoriz='center', anchorVert='center', antialias=True, autoDraw=False, autoLog=True, bold=False, color=array([1., 1., 1.]), colorSpace='rgb', contrast=1.0, depth=0, draggable=False, flipHoriz=False, flipVert=False, font='Open Sans', fontFiles=[], height=np.float64(0.1), italic=False, languageStyle='LTR', name='distr', opacity=1.0, ori=11, pos=array([-0.39277883, -0.20004347]), rgb=UNKNOWN, text='L', units='height', win=Window(...), wrapWidth=1)
23.4756 	EXP 	fixation: autoDraw = False
23.4756 	EXP 	target: autoDraw = False
23.4756 	EXP 	distr: autoDraw = False
23.4756 	EXP 	distr: autoDraw = False
23.4756 	EXP 	distr: autoDraw = False
23.4756 	EXP 	distr: autoDraw = False
23.4756 	EXP 	distr: autoDraw = False
23.4756 	EXP 	distr: autoDraw = False
23.4756 	EXP 	distr: autoDraw = False
23.4756 	EXP 	distr: autoDraw = False
23.4756 	EXP 	distr: autoDraw = False
23.4756 	EXP 	distr: autoDraw = False
23.4756 	EXP 	distr: autoDraw = True
23.4756 	EXP 	distr: autoDraw = True
23.4756 	EXP 	distr: autoDraw = True
23.4756 	EXP 	distr: autoDraw = True
23.4756 	EXP 	distr: autoDraw = True
23.4756 	EXP 	fixation: autoDraw = True
23.4756 	EXP 	target: autoDraw = True
23.6768 	DATA 	Mouse:  Left button up, pos=(808,461)
24.4758 	EXP 	fixation: autoDraw = False
24.5088 	DATA 	Mouse: Left button down, pos=(548,441)
24.7430 	DATA 	Mouse:  Left button up, pos=(548,441)
25.1937 	DATA 	Mouse: Left button down, pos=(570,456)
25.1943 	EXP 	New trial (rep=17, index=0): <Trial 17 (0 in rep 17) data={'thisN': 17, 'thisTrialN': 0, 'thisRepN': 17}>
25.1964 	EXP 	Created distr = TextStim(__class__=<class 'psychopy.visual.text.TextStim'>, alignHoriz=method-wrapper(...), alignText='center', alignVert=method-wrapper(...), anchorHoriz='center', anchorVert='center', antialias=True, autoDraw=False, autoLog=True, bold=False, color=array([1., 1., 1.]), colorSpace='rgb', contrast=1.0, depth=0, draggable=False, flipHoriz=False, flipVert=False, font='Open Sans', fontFiles=[], height=np.float64(0.1), italic=False, languageStyle='LTR', name='distr', opacity=1.0, ori=97, pos=array([-0.4720181 ,  0.31098781]), rgb=UNKNOWN, text='L', units='height', win=Window(...), wrapWidth=1)
25.1979 	EXP 	Created distr = TextStim(__class__=<class 'psychopy.visual.text.TextStim'>, alignHoriz=method-wrapper(...), alignText='center', alignVert=method-wrapper(...), anchorHoriz='center', anchorVert='center', antialias=True, autoDraw=False, autoLog=True, bold=False, color=array([1., 1., 1.]), colorSpace='rgb', contrast=1.0, depth=0, draggable=False, flipHoriz=False, flipVert=False, font='Open Sans', fontFiles=[], height=np.float64(0.1), italic=False, languageStyle='LTR', name='distr', opacity=1.0, ori=203, pos=array([-0.26211634,  0.02269152]), rgb=UNKNOWN, text='L', units='height', win=Window(...), wrapWidth=1)
25.1994 	EXP 	Created distr = TextStim(__class__=<class 'psychopy.visual.text.TextStim'>, alignHoriz=method-wrapper(...), alignText='center', alignVert=method-wrapper(...), anchorHoriz='center', anchorVert='center', antialias=True, autoDraw=False, autoLog=True, bold=False, color=array([1., 1., 1.]), colorSpace='rgb', contrast=1.0, depth=0, draggable=False, flipHoriz=False, flipVert=False, font='Open Sans', fontFiles=[], height=np.float64(0.1), italic=False, languageStyle='LTR', name='distr', opacity=1.0, ori=56, pos=array([ 0.14161151, -0.37417259]), rgb=UNKNOWN, text='L', units='height', win=Window(...), wrapWidth=1)
25.2007 	EXP 	Created distr = TextStim(__class__=<class 'psychopy.visual.text.TextStim'>, alignHoriz=method-wrapper(...), alignText='center', alignVert=method-wrapper(...), anchorHoriz='center', anchorVert='center', antialias=True, autoDraw=False, autoLog=True, bold=False, color=array([1., 1., 1.]), colorSpace='rgb', contrast=1.0, depth=0, draggable=False, flipHoriz=False, flipVert=False, font='Open Sans', fontFiles=[], height=np.float64(0.1), italic=False, languageStyle='LTR', name='distr', opacity=1.0, ori=46, pos=array([-0.44274085,  0.00479407]), rgb=UNKNOWN, text='L', units='height', win=Window(...), wrapWidth=1)
25.2021 	EXP 	Created distr = TextStim(__class__=<class 'psychopy.visual.text.TextStim'>, alignHoriz=method-wrapper(...), alignText='center', alignVert=method-wrapper(...), anchorHoriz='center', anchorVert='center', antialias=True, autoDraw=False, autoLog=True, bold=False, color=array([1., 1., 1.]), colorSpace='rgb', contrast=1.0, depth=0, draggable=False, flipHoriz=False, flipVert=False, font='Open Sans', fontFiles=[], height=np.float64(0.1), italic=False, languageStyle='LTR', name='distr', opacity=1.0, ori=142, pos=array([0.30047993, 0.36260211]), rgb=UNKNOWN, text='L', units='height', win=Window(...), wrapWidth=1)
25.2036 	EXP 	Created distr = TextStim(__class__=<class 'psychopy.visual.text.TextStim'>, alignHoriz=method-wrapper(...), alignText='center', alignVert=method-wrapper(...), anchorHoriz='center', anchorVert='center', antialias=True, autoDraw=False, autoLog=True, bold=False, color=array([1., 1., 1.]), colorSpace='rgb', contrast=1.0, depth=0, draggable=False, flipHoriz=False, flipVert=False, font='Open Sans', fontFiles=[], height=np.float64(0.1), italic=False, languageStyle='LTR', name='distr', opacity=1.0, ori=201, pos=array([-0.00578637,  0.18187088]), rgb=UNKNOWN, text='L', units='height', win=Window(...), wrapWidth=1)
25.2052 	EXP 	Created distr = TextStim(__class__=<class 'psychopy.visual.text.TextStim'>, alignHoriz=method-wrapper(...), alignText='center', alignVert=method-wrapper(...), anchorHoriz='center', anchorVert='center', antialias=True, autoDraw=False, autoLog=True, bold=False, color=array([1., 1., 1.]), colorSpace='rgb', contrast=1.0, depth=0, draggable=False, flipHoriz=False, flipVert=False, font='Open Sans', fontFiles=[], height=np.float64(0.1), italic=False, languageStyle='LTR', name='distr', opacity=1.0, ori=273, pos=array([0.49147424, 0.08030784]), rgb=UNKNOWN, text='L', units='height', win=Window(...), wrapWidth=1)
25.2075 	EXP 	Created distr = TextStim(__class__=<class 'psychopy.visual.text.TextStim'>, alignHoriz=method-wrapper(...), alignText='center', alignVert=method-wrapper(...), anchorHoriz='center', anchorVert='center', antialias=True, autoDraw=False, autoLog=True, bold=False, color=array([1., 1., 1.]), colorSpace='rgb', contrast=1.0, depth=0, draggable=False, flipHoriz=False, flipVert=False, font='Open Sans', fontFiles=[], height=np.float64(0.1), italic=False, languageStyle='LTR', name='distr', opacity=1.0, ori=293, pos=array([-0.45992499, -0.31263291]), rgb=UNKNOWN, text='L', units='height', win=Window(...), wrapWidth=1)
25.2100 	EXP 	Created distr = TextStim(__class__=<class 'psychopy.visual.text.TextStim'>, alignHoriz=method-wrapper(...), alignText='center', alignVert=method-wrapper(...), anchorHoriz='center', anchorVert='center', antialias=True, autoDraw=False, autoLog=True, bold=False, color=array([1., 1., 1.]), colorSpace='rgb', contrast=1.0, depth=0, draggable=False, flipHoriz=False, flipVert=False, font='Open Sans', fontFiles=[], height=np.float64(0.1), italic=False, languageStyle='LTR', name='distr', opacity=1.0, ori=248, pos=array([-0.30876589,  0.32338756]), rgb=UNKNOWN, text='L', units='height', win=Window(...), wrapWidth=1)
25.2115 	EXP 	Created distr = TextStim(__class__=<class 'psychopy.visual.text.TextStim'>, alignHoriz=method-wrapper(...), alignText='center', alignVert=method-wrapper(...), anchorHoriz='center', anchorVert='center', antialias=True, autoDraw=False, autoLog=True, bold=False, color=array([1., 1., 1.]), colorSpace='rgb', contrast=1.0, depth=0, draggable=False, flipHoriz=False, flipVert=False, font='Open Sans', fontFiles=[], height=np.float64(0.1), italic=False, languageStyle='LTR', name='distr', opacity=1.0, ori=308, pos=array([-0.10745445,  0.39895447]), rgb=UNKNOWN, text='L', units='height', win=Window(...), wrapWidth=1)
25.2234 	EXP 	fixation: autoDraw = False
25.2234 	EXP 	target: autoDraw = False
25.2234 	EXP 	distr: autoDraw = False
25.2234 	EXP 	distr: autoDraw = False
25.2234 	EXP 	distr: autoDraw = False
25.2234 	EXP 	distr: autoDraw = False
25.2234 	EXP 	distr: autoDraw = False
25.2234 	EXP 	distr: autoDraw = True
25.2234 	EXP 	distr: autoDraw = True
25.2234 	EXP 	distr: autoDraw = True
25.2234 	EXP 	distr: autoDraw = True
25.2234 	EXP 	distr: autoDraw = True
25.2234 	EXP 	distr: autoDraw = True
25.2234 	EXP 	distr: autoDraw = True
25.2234 	EXP 	distr: autoDraw = True
25.2234 	EXP 	distr: autoDraw = True
25.2234 	EXP 	distr: autoDraw = True
25.2234 	EXP 	fixation: autoDraw = True
25.2234 	EXP 	target: autoDraw = True
25.4250 	DATA 	Mouse:  Left button up, pos=(570,456)
26.2237 	EXP 	fixation: autoDraw = False
26.2907 	DATA 	Mouse: Left button down, pos=(782,280)
26.2913 	EXP 	New trial (rep=18, index=0): <Trial 18 (0 in rep 18) data={'thisN': 18, 'thisTrialN': 0, 'thisRepN': 18}>
26.2942 	EXP 	Created distr = TextStim(__class__=<class 'psychopy.visual.text.TextStim'>, alignHoriz=method-wrapper(...), alignText='center', alignVert=method-wrapper(...), anchorHoriz='center', anchorVert='center', antialias=True, autoDraw=False, autoLog=True, bold=False, color=array([1., 1., 1.]), colorSpace='rgb', contrast=1.0, depth=0, draggable=False, flipHoriz=False, flipVert=False, font='Open Sans', fontFiles=[], height=np.float64(0.1), italic=False, languageStyle='LTR', name='distr', opacity=1.0, ori=224, pos=array([-0.18776489, -0.08426316]), rgb=UNKNOWN, text='L', units='height', win=Window(...), wrapWidth=1)
26.2957 	EXP 	Created distr = TextStim(__class__=<class 'psychopy.visual.text.TextStim'>, alignHoriz=method-wrapper(...), alignText='center', alignVert=method-wrapper(...), anchorHoriz='center', anchorVert='center', antialias=True, autoDraw=False, autoLog=True, bold=False, color=array([1., 1., 1.]), colorSpace='rgb', contrast=1.0, depth=0, draggable=False, flipHoriz=False, flipVert=False, font='Open Sans', fontFiles=[], height=np.float64(0.1), italic=False, languageStyle='LTR', name='distr', opacity=1.0, ori=277, pos=array([-0.25156337,  0.49600186]), rgb=UNKNOWN, text='L', units='height', win=Window(...), wrapWidth=1)
26.2971 	EXP 	Created distr = TextStim(__class__=<class 'psychopy.visual.text.TextStim'>, alignHoriz=method-wrapper(...), alignText='center', alignVert=method-wrapper(...), anchorHoriz='center', anchorVert='center', antialias=True, autoDraw=False, autoLog=True, bold=False, color=array([1., 1., 1.]), colorSpace='rgb', contrast=1.0, depth=0, draggable=False, flipHoriz=False, flipVert=False, font='Open Sans', fontFiles=[], height=np.float64(0.1), italic=False, languageStyle='LTR', name='distr', opacity=1.0, ori=102, pos=array([-0.03922293, -0.07067092]), rgb=UNKNOWN, text='L', units='height', win=Window(...), wrapWidth=1)
26.2985 	EXP 	Created distr = TextStim(__class__=<class 'psychopy.visual.text.TextStim'>, alignHoriz=method-wrapper(...), alignText='center', alignVert=method-wrapper(...), anchorHoriz='center', anchorVert='center', antialias=True, autoDraw=False, autoLog=True, bold=False, color=array([1., 1., 1.]), colorSpace='rgb', contrast=1.0, depth=0, draggable=False, flipHoriz=False, flipVert=False, font='Open Sans', fontFiles=[], height=np.float64(0.1), italic=False, languageStyle='LTR', name='distr', opacity=1.0, ori=114, pos=array([-0.10100245, -0.32123732]), rgb=UNKNOWN, text='L', units='height', win=Window(...), wrapWidth=1)
26.2998 	EXP 	Created distr = TextStim(__class__=<class 'psychopy.visual.text.TextStim'>, alignHoriz=method-wrapper(...), alignText='center', alignVert=method-wrapper(...), anchorHoriz='center', anchorVert='center', antialias=True, autoDraw=False, autoLog=True, bold=False, color=array([1., 1., 1.]), colorSpace='rgb', contrast=1.0, depth=0, draggable=False, flipHoriz=False, flipVert=False, font='Open Sans', fontFiles=[], height=np.float64(0.1), italic=False, languageStyle='LTR', name='distr', opacity=1.0, ori=315, pos=array([-0.20709327,  0.41506082]), rgb=UNKNOWN, text='L', units='height', win=Window(...), wrapWidth=1)
26.3012 	EXP 	Created distr = TextStim(__class__=<class 'psychopy.visual.text.TextStim'>, alignHoriz=method-wrapper(...), alignText='center', alignVert=method-wrapper(...), anchorHoriz='center', anchorVert='center', antialias=True, autoDraw=False, autoLog=True, bold=False, color=array([1., 1., 1.]), colorSpace='rgb', contrast=1.0, depth=0, draggable=False, flipHoriz=False, flipVert=False, font='Open Sans', fontFiles=[], height=np.float64(0.1), italic=False, languageStyle='LTR', name='distr', opacity=1.0, ori=192, pos=array([0.03295365, 0.18978282]), rgb=UNKNOWN, text='L', units='height', win=Window(...), wrapWidth=1)
26.3026 	EXP 	Created distr = TextStim(__class__=<class 'psychopy.visual.text.TextStim'>, alignHoriz=method-wrapper(...), alignText='center', alignVert=method-wrapper(...), anchorHoriz='center', anchorVert='center', antialias=True, autoDraw=False, autoLog=True, bold=False, color=array([1., 1., 1.]), colorSpace='rgb', contrast=1.0, depth=0, draggable=False, flipHoriz=False, flipVert=False, font='Open Sans', fontFiles=[], height=np.float64(0.1), italic=False, languageStyle='LTR', name='distr', opacity=1.0, ori=238, pos=array([-0.44735652, -0.1848109 ]), rgb=UNKNOWN, text='L', units='height', win=Window(...), wrapWidth=1)
26.3044 	EXP 	Created distr = TextStim(__class__=<class 'psychopy.visual.text.TextStim'>, alignHoriz=method-wrapper(...), alignText='center', alignVert=method-wrapper(...), anchorHoriz='center', anchorVert='center', antialias=True, autoDraw=False, autoLog=True, bold=False, color=array([1., 1., 1.]), colorSpace='rgb', contrast=1.0, depth=0, draggable=False, flipHoriz=False, flipVert=False, font='Open Sans', fontFiles=[], height=np.float64(0.1), italic=False, languageStyle='LTR', name='distr', opacity=1.0, ori=211, pos=array([-0.47959875, -0.31467724]), rgb=UNKNOWN, text='L', units='height', win=Window(...), wrapWidth=1)
26.3066 	EXP 	Created distr = TextStim(__class__=<class 'psychopy.visual.text.TextStim'>, alignHoriz=method-wrapper(...), alignText='center', alignVert=method-wrapper(...), anchorHoriz='center', anchorVert='center', antialias=True, autoDraw=False, autoLog=True, bold=False, color=array([1., 1., 1.]), colorSpace='rgb', contrast=1.0, depth=0, draggable=False, flipHoriz=False, flipVert=False, font='Open Sans', fontFiles=[], height=np.float64(0.1), italic=False, languageStyle='LTR', name='distr', opacity=1.0, ori=117, pos=array([0.13112126, 0.02658997]), rgb=UNKNOWN, text='L', units='height', win=Window(...), wrapWidth=1)
26.3080 	EXP 	Created distr = TextStim(__class__=<class 'psychopy.visual.text.TextStim'>, alignHoriz=method-wrapper(...), alignText='center', alignVert=method-wrapper(...), anchorHoriz='center', anchorVert='center', antialias=True, autoDraw=False, autoLog=True, bold=False, color=array([1., 1., 1.]), colorSpace='rgb', contrast=1.0, depth=0, draggable=False, flipHoriz=False, flipVert=False, font='Open Sans', fontFiles=[], height=np.float64(0.1), italic=False, languageStyle='LTR', name='distr', opacity=1.0, ori=256, pos=array([-0.15347781,  0.29291251]), rgb=UNKNOWN, text='L', units='height', win=Window(...), wrapWidth=1)
26.3226 	EXP 	fixation: autoDraw = False
26.3226 	EXP 	target: autoDraw = False
26.3226 	EXP 	distr: autoDraw = False
26.3226 	EXP 	distr: autoDraw = False
26.3226 	EXP 	distr: autoDraw = False
26.3226 	EXP 	distr: autoDraw = False
26.3226 	EXP 	distr: autoDraw = False
26.3226 	EXP 	distr: autoDraw = False
26.3226 	EXP 	distr: autoDraw = False
26.3226 	EXP 	distr: autoDraw = False
26.3226 	EXP 	distr: autoDraw = False
26.3226 	EXP 	distr: autoDraw = False
26.3226 	EXP 	distr: autoDraw = True
26.3226 	EXP 	distr: autoDraw = True
26.3226 	EXP 	distr: autoDraw = True
26.3226 	EXP 	distr: autoDraw = True
26.3226 	EXP 	distr: autoDraw = True
26.3226 	EXP 	distr: autoDraw = True
26.3226 	EXP 	distr: autoDraw = True
26.3226 	EXP 	distr: autoDraw = True
26.3226 	EXP 	distr: autoDraw = True
26.3226 	EXP 	distr: autoDraw = True
26.3226 	EXP 	fixation: autoDraw = True
26.3226 	EXP 	target: autoDraw = True
26.5243 	DATA 	Mouse:  Left button up, pos=(782,280)
27.3234 	EXP 	fixation: autoDraw = False
27.3738 	DATA 	Mouse: Left button down, pos=(762,328)
27.3746 	EXP 	New trial (rep=19, index=0): <Trial 19 (0 in rep 19) data={'thisN': 19, 'thisTrialN': 0, 'thisRepN': 19}>
27.3766 	EXP 	Created distr = TextStim(__class__=<class 'psychopy.visual.text.TextStim'>, alignHoriz=method-wrapper(...), alignText='center', alignVert=method-wrapper(...), anchorHoriz='center', anchorVert='center', antialias=True, autoDraw=False, autoLog=True, bold=False, color=array([1., 1., 1.]), colorSpace='rgb', contrast=1.0, depth=0, draggable=False, flipHoriz=False, flipVert=False, font='Open Sans', fontFiles=[], height=np.float64(0.1), italic=False, languageStyle='LTR', name='distr', opacity=1.0, ori=267, pos=array([-0.20771331,  0.08753091]), rgb=UNKNOWN, text='L', units='height', win=Window(...), wrapWidth=1)
27.3781 	EXP 	Created distr = TextStim(__class__=<class 'psychopy.visual.text.TextStim'>, alignHoriz=method-wrapper(...), alignText='center', alignVert=method-wrapper(...), anchorHoriz='center', anchorVert='center', antialias=True, autoDraw=False, autoLog=True, bold=False, color=array([1., 1., 1.]), colorSpace='rgb', contrast=1.0, depth=0, draggable=False, flipHoriz=False, flipVert=False, font='Open Sans', fontFiles=[], height=np.float64(0.1), italic=False, languageStyle='LTR', name='distr', opacity=1.0, ori=36, pos=array([-0.36162384, -0.19772178]), rgb=UNKNOWN, text='L', units='height', win=Window(...), wrapWidth=1)
27.3795 	EXP 	Created distr = TextStim(__class__=<class 'psychopy.visual.text.TextStim'>, alignHoriz=method-wrapper(...), alignText='center', alignVert=method-wrapper(...), anchorHoriz='center', anchorVert='center', antialias=True, autoDraw=False, autoLog=True, bold=False, color=array([1., 1., 1.]), colorSpace='rgb', contrast=1.0, depth=0, draggable=False, flipHoriz=False, flipVert=False, font='Open Sans', fontFiles=[], height=np.float64(0.1), italic=False, languageStyle='LTR', name='distr', opacity=1.0, ori=226, pos=array([0.31135426, 0.21206876]), rgb=UNKNOWN, text='L', units='height', win=Window(...), wrapWidth=1)
27.3809 	EXP 	Created distr = TextStim(__class__=<class 'psychopy.visual.text.TextStim'>, alignHoriz=method-wrapper(...), alignText='center', alignVert=method-wrapper(...), anchorHoriz='center', anchorVert='center', antialias=True, autoDraw=False, autoLog=True, bold=False, color=array([1., 1., 1.]), colorSpace='rgb', contrast=1.0, depth=0, draggable=False, flipHoriz=False, flipVert=False, font='Open Sans', fontFiles=[], height=np.float64(0.1), italic=False, languageStyle='LTR', name='distr', opacity=1.0, ori=160, pos=array([ 0.42799617, -0.11717233]), rgb=UNKNOWN, text='L', units='height', win=Window(...), wrapWidth=1)
27.3822 	EXP 	Created distr = TextStim(__class__=<class 'psychopy.visual.text.TextStim'>, alignHoriz=method-wrapper(...), alignText='center', alignVert=method-wrapper(...), anchorHoriz='center', anchorVert='center', antialias=True, autoDraw=False, autoLog=True, bold=False, color=array([1., 1., 1.]), colorSpace='rgb', contrast=1.0, depth=0, draggable=False, flipHoriz=False, flipVert=False, font='Open Sans', fontFiles=[], height=np.float64(0.1), italic=False, languageStyle='LTR', name='distr', opacity=1.0, ori=79, pos=array([ 0.29264773, -0.09240528]), rgb=UNKNOWN, text='L', units='height', win=Window(...), wrapWidth=1)
27.3839 	EXP 	Created distr = TextStim(__class__=<class 'psychopy.visual.text.TextStim'>, alignHoriz=method-wrapper(...), alignText='center', alignVert=method-wrapper(...), anchorHoriz='center', anchorVert='center', antialias=True, autoDraw=False, autoLog=True, bold=False, color=array([1., 1., 1.]), colorSpace='rgb', contrast=1.0, depth=0, draggable=False, flipHoriz=False, flipVert=False, font='Open Sans', fontFiles=[], height=np.float64(0.1), italic=False, languageStyle='LTR', name='distr', opacity=1.0, ori=233, pos=array([-0.11395264, -0.0813085 ]), rgb=UNKNOWN, text='L', units='height', win=Window(...), wrapWidth=1)
27.3853 	EXP 	Created distr = TextStim(__class__=<class 'psychopy.visual.text.TextStim'>, alignHoriz=method-wrapper(...), alignText='center', alignVert=method-wrapper(...), anchorHoriz='center', anchorVert='center', antialias=True, autoDraw=False, autoLog=True, bold=False, color=array([1., 1., 1.]), colorSpace='rgb', contrast=1.0, depth=0, draggable=False, flipHoriz=False, flipVert=False, font='Open Sans', fontFiles=[], height=np.float64(0.1), italic=False, languageStyle='LTR', name='distr', opacity=1.0, ori=336, pos=array([0.48696665, 0.41127504]), rgb=UNKNOWN, text='L', units='height', win=Window(...), wrapWidth=1)
27.3871 	EXP 	Created distr = TextStim(__class__=<class 'psychopy.visual.text.TextStim'>, alignHoriz=method-wrapper(...), alignText='center', alignVert=method-wrapper(...), anchorHoriz='center', anchorVert='center', antialias=True, autoDraw=False, autoLog=True, bold=False, color=array([1., 1., 1.]), colorSpace='rgb', contrast=1.0, depth=0, draggable=False, flipHoriz=False, flipVert=False, font='Open Sans', fontFiles=[], height=np.float64(0.1), italic=False, languageStyle='LTR', name='distr', opacity=1.0, ori=59, pos=array([-0.45387279, -0.0534236 ]), rgb=UNKNOWN, text='L', units='height', win=Window(...), wrapWidth=1)
27.3899 	EXP 	Created distr = TextStim(__class__=<class 'psychopy.visual.text.TextStim'>, alignHoriz=method-wrapper(...), alignText='center', alignVert=method-wrapper(...), anchorHoriz='center', anchorVert='center', antialias=True, autoDraw=False, autoLog=True, bold=False, color=array([1., 1., 1.]), colorSpace='rgb', contrast=1.0, depth=0, draggable=False, flipHoriz=False, flipVert=False, font='Open Sans', fontFiles=[], height=np.float64(0.1), italic=False, languageStyle='LTR', name='distr', opacity=1.0, ori=346, pos=array([-0.28804362, -0.39465168]), rgb=UNKNOWN, text='L', units='height', win=Window(...), wrapWidth=1)
27.3914 	EXP 	Created distr = TextStim(__class__=<class 'psychopy.visual.text.TextStim'>, alignHoriz=method-wrapper(...), alignText='center', alignVert=method-wrapper(...), anchorHoriz='center', anchorVert='center', antialias=True, autoDraw=False, autoLog=True, bold=False, color=array([1., 1., 1.]), colorSpace='rgb', contrast=1.0, depth=0, draggable=False, flipHoriz=False, flipVert=False, font='Open Sans', fontFiles=[], height=np.float64(0.1), italic=False, languageStyle='LTR', name='distr', opacity=1.0, ori=164, pos=array([-0.12825958, -0.14380057]), rgb=UNKNOWN, text='L', units='height', win=Window(...), wrapWidth=1)
27.4051 	EXP 	fixation: autoDraw = False
27.4051 	EXP 	target: autoDraw = False
27.4051 	EXP 	distr: autoDraw = False
27.4051 	EXP 	distr: autoDraw = False
27.4051 	EXP 	distr: autoDraw = False
27.4051 	EXP 	distr: autoDraw = False
27.4051 	EXP 	distr: autoDraw = False
27.4051 	EXP 	distr: autoDraw = False
27.4051 	EXP 	distr: autoDraw = False
27.4051 	EXP 	distr: autoDraw = False
27.4051 	EXP 	distr: autoDraw = False
27.4051 	EXP 	distr: autoDraw = False
27.4051 	EXP 	distr: autoDraw = True
27.4051 	EXP 	distr: autoDraw = True
27.4051 	EXP 	distr: autoDraw = True
27.4051 	EXP 	distr: autoDraw = True
27.4051 	EXP 	distr: autoDraw = True
27.4051 	EXP 	distr: autoDraw = True
27.4051 	EXP 	distr: autoDraw = True
27.4051 	EXP 	distr: autoDraw = True
27.4051 	EXP 	distr: autoDraw = True
27.4051 	EXP 	distr: autoDraw = True
27.4051 	EXP 	fixation: autoDraw = True
27.4051 	EXP 	target: autoDraw = True
27.5916 	DATA 	Mouse:  Left button up, pos=(762,328)
28.4051 	EXP 	fixation: autoDraw = False
28.5393 	DATA 	Mouse: Left button down, pos=(550,73)
28.5401 	EXP 	New trial (rep=20, index=0): <Trial 20 (0 in rep 20) data={'thisN': 20, 'thisTrialN': 0, 'thisRepN': 20}>
28.5424 	EXP 	Created distr = TextStim(__class__=<class 'psychopy.visual.text.TextStim'>, alignHoriz=method-wrapper(...), alignText='center', alignVert=method-wrapper(...), anchorHoriz='center', anchorVert='center', antialias=True, autoDraw=False, autoLog=True, bold=False, color=array([1., 1., 1.]), colorSpace='rgb', contrast=1.0, depth=0, draggable=False, flipHoriz=False, flipVert=False, font='Open Sans', fontFiles=[], height=np.float64(0.1), italic=False, languageStyle='LTR', name='distr', opacity=1.0, ori=29, pos=array([-0.24649524, -0.38421522]), rgb=UNKNOWN, text='L', units='height', win=Window(...), wrapWidth=1)
28.5439 	EXP 	Created distr = TextStim(__class__=<class 'psychopy.visual.text.TextStim'>, alignHoriz=method-wrapper(...), alignText='center', alignVert=method-wrapper(...), anchorHoriz='center', anchorVert='center', antialias=True, autoDraw=False, autoLog=True, bold=False, color=array([1., 1., 1.]), colorSpace='rgb', contrast=1.0, depth=0, draggable=False, flipHoriz=False, flipVert=False, font='Open Sans', fontFiles=[], height=np.float64(0.1), italic=False, languageStyle='LTR', name='distr', opacity=1.0, ori=78, pos=array([0.36571936, 0.28788387]), rgb=UNKNOWN, text='L', units='height', win=Window(...), wrapWidth=1)
28.5453 	EXP 	Created distr = TextStim(__class__=<class 'psychopy.visual.text.TextStim'>, alignHoriz=method-wrapper(...), alignText='center', alignVert=method-wrapper(...), anchorHoriz='center', anchorVert='center', antialias=True, autoDraw=False, autoLog=True, bold=False, color=array([1., 1., 1.]), colorSpace='rgb', contrast=1.0, depth=0, draggable=False, flipHoriz=False, flipVert=False, font='Open Sans', fontFiles=[], height=np.float64(0.1), italic=False, languageStyle='LTR', name='distr', opacity=1.0, ori=254, pos=array([ 0.49460449, -0.39140516]), rgb=UNKNOWN, text='L', units='height', win=Window(...), wrapWidth=1)
28.5467 	EXP 	Created distr = TextStim(__class__=<class 'psychopy.visual.text.TextStim'>, alignHoriz=method-wrapper(...), alignText='center', alignVert=method-wrapper(...), anchorHoriz='center', anchorVert='center', antialias=True, autoDraw=False, autoLog=True, bold=False, color=array([1., 1., 1.]), colorSpace='rgb', contrast=1.0, depth=0, draggable=False, flipHoriz=False, flipVert=False, font='Open Sans', fontFiles=[], height=np.float64(0.1), italic=False, languageStyle='LTR', name='distr', opacity=1.0, ori=285, pos=array([ 0.32108345, -0.23742918]), rgb=UNKNOWN, text='L', units='height', win=Window(...), wrapWidth=1)
28.5480 	EXP 	Created distr = TextStim(__class__=<class 'psychopy.visual.text.TextStim'>, alignHoriz=method-wrapper(...), alignText='center', alignVert=method-wrapper(...), anchorHoriz='center', anchorVert='center', antialias=True, autoDraw=False, autoLog=True, bold=False, color=array([1., 1., 1.]), colorSpace='rgb', contrast=1.0, depth=0, draggable=False, flipHoriz=False, flipVert=False, font='Open Sans', fontFiles=[], height=np.float64(0.1), italic=False, languageStyle='LTR', name='distr', opacity=1.0, ori=82, pos=array([-0.45582315, -0.44264295]), rgb=UNKNOWN, text='L', units='height', win=Window(...), wrapWidth=1)
28.5711 	EXP 	fixation: autoDraw = False
28.5711 	EXP 	target: autoDraw = False
28.5711 	EXP 	distr: autoDraw = False
28.5711 	EXP 	distr: autoDraw = False
28.5711 	EXP 	distr: autoDraw = False
28.5711 	EXP 	distr: autoDraw = False
28.5711 	EXP 	distr: autoDraw = False
28.5711 	EXP 	distr: autoDraw = False
28.5711 	EXP 	distr: autoDraw = False
28.5711 	EXP 	distr: autoDraw = False
28.5711 	EXP 	distr: autoDraw = False
28.5711 	EXP 	distr: autoDraw = False
28.5711 	EXP 	distr: autoDraw = True
28.5711 	EXP 	distr: autoDraw = True
28.5711 	EXP 	distr: autoDraw = True
28.5711 	EXP 	distr: autoDraw = True
28.5711 	EXP 	distr: autoDraw = True
28.5711 	EXP 	fixation: autoDraw = True
28.5711 	EXP 	target: autoDraw = True
28.7725 	DATA 	Mouse:  Left button up, pos=(550,73)
29.5710 	EXP 	fixation: autoDraw = False
29.6718 	DATA 	Mouse: Left button down, pos=(278,230)
29.6727 	EXP 	New trial (rep=21, index=0): <Trial 21 (0 in rep 21) data={'thisN': 21, 'thisTrialN': 0, 'thisRepN': 21}>
29.6753 	EXP 	Created distr = TextStim(__class__=<class 'psychopy.visual.text.TextStim'>, alignHoriz=method-wrapper(...), alignText='center', alignVert=method-wrapper(...), anchorHoriz='center', anchorVert='center', antialias=True, autoDraw=False, autoLog=True, bold=False, color=array([1., 1., 1.]), colorSpace='rgb', contrast=1.0, depth=0, draggable=False, flipHoriz=False, flipVert=False, font='Open Sans', fontFiles=[], height=np.float64(0.1), italic=False, languageStyle='LTR', name='distr', opacity=1.0, ori=112, pos=array([-0.12458125, -0.38490668]), rgb=UNKNOWN, text='L', units='height', win=Window(...), wrapWidth=1)
29.6768 	EXP 	Created distr = TextStim(__class__=<class 'psychopy.visual.text.TextStim'>, alignHoriz=method-wrapper(...), alignText='center', alignVert=method-wrapper(...), anchorHoriz='center', anchorVert='center', antialias=True, autoDraw=False, autoLog=True, bold=False, color=array([1., 1., 1.]), colorSpace='rgb', contrast=1.0, depth=0, draggable=False, flipHoriz=False, flipVert=False, font='Open Sans', fontFiles=[], height=np.float64(0.1), italic=False, languageStyle='LTR', name='distr', opacity=1.0, ori=86, pos=array([-0.24214641, -0.3106935 ]), rgb=UNKNOWN, text='L', units='height', win=Window(...), wrapWidth=1)
29.6782 	EXP 	Created distr = TextStim(__class__=<class 'psychopy.visual.text.TextStim'>, alignHoriz=method-wrapper(...), alignText='center', alignVert=method-wrapper(...), anchorHoriz='center', anchorVert='center', antialias=True, autoDraw=False, autoLog=True, bold=False, color=array([1., 1., 1.]), colorSpace='rgb', contrast=1.0, depth=0, draggable=False, flipHoriz=False, flipVert=False, font='Open Sans', fontFiles=[], height=np.float64(0.1), italic=False, languageStyle='LTR', name='distr', opacity=1.0, ori=219, pos=array([ 0.2199618 , -0.06292022]), rgb=UNKNOWN, text='L', units='height', win=Window(...), wrapWidth=1)
29.6797 	EXP 	Created distr = TextStim(__class__=<class 'psychopy.visual.text.TextStim'>, alignHoriz=method-wrapper(...), alignText='center', alignVert=method-wrapper(...), anchorHoriz='center', anchorVert='center', antialias=True, autoDraw=False, autoLog=True, bold=False, color=array([1., 1., 1.]), colorSpace='rgb', contrast=1.0, depth=0, draggable=False, flipHoriz=False, flipVert=False, font='Open Sans', fontFiles=[], height=np.float64(0.1), italic=False, languageStyle='LTR', name='distr', opacity=1.0, ori=61, pos=array([0.31996814, 0.30214081]), rgb=UNKNOWN, text='L', units='height', win=Window(...), wrapWidth=1)
29.6810 	EXP 	Created distr = TextStim(__class__=<class 'psychopy.visual.text.TextStim'>, alignHoriz=method-wrapper(...), alignText='center', alignVert=method-wrapper(...), anchorHoriz='center', anchorVert='center', antialias=True, autoDraw=False, autoLog=True, bold=False, color=array([1., 1., 1.]), colorSpace='rgb', contrast=1.0, depth=0, draggable=False, flipHoriz=False, flipVert=False, font='Open Sans', fontFiles=[], height=np.float64(0.1), italic=False, languageStyle='LTR', name='distr', opacity=1.0, ori=53, pos=array([-0.47589011,  0.38974607]), rgb=UNKNOWN, text='L', units='height', win=Window(...), wrapWidth=1)
29.6825 	EXP 	Created distr = TextStim(__class__=<class 'psychopy.visual.text.TextStim'>, alignHoriz=method-wrapper(...), alignText='center', alignVert=method-wrapper(...), anchorHoriz='center', anchorVert='center', antialias=True, autoDraw=False, autoLog=True, bold=False, color=array([1., 1., 1.]), colorSpace='rgb', contrast=1.0, depth=0, draggable=False, flipHoriz=False, flipVert=False, font='Open Sans', fontFiles=[], height=np.float64(0.1), italic=False, languageStyle='LTR', name='distr', opacity=1.0, ori=350, pos=array([0.47138081, 0.13041968]), rgb=UNKNOWN, text='L', units='height', win=Window(...), wrapWidth=1)
29.6838 	EXP 	Created distr = TextStim(__class__=<class 'psychopy.visual.text.TextStim'>, alignHoriz=method-wrapper(...), alignText='center', alignVert=method-wrapper(...), anchorHoriz='center', anchorVert='center', antialias=True, autoDraw=False, autoLog=True, bold=False, color=array([1., 1., 1.]), colorSpace='rgb', contrast=1.0, depth=0, draggable=False, flipHoriz=False, flipVert=False, font='Open Sans', fontFiles=[], height=np.float64(0.1), italic=False, languageStyle='LTR', name='distr', opacity=1.0, ori=216, pos=array([ 0.35967636, -0.27381167]), rgb=UNKNOWN, text='L', units='height', win=Window(...), wrapWidth=1)
29.6856 	EXP 	Created distr = TextStim(__class__=<class 'psychopy.visual.text.TextStim'>, alignHoriz=method-wrapper(...), alignText='center', alignVert=method-wrapper(...), anchorHoriz='center', anchorVert='center', antialias=True, autoDraw=False, autoLog=True, bold=False, color=array([1., 1., 1.]), colorSpace='rgb', contrast=1.0, depth=0, draggable=False, flipHoriz=False, flipVert=False, font='Open Sans', fontFiles=[], height=np.float64(0.1), italic=False, languageStyle='LTR', name='distr', opacity=1.0, ori=191, pos=array([-0.39268506,  0.14284959]), rgb=UNKNOWN, text='L', units='height', win=Window(...), wrapWidth=1)
29.6876 	EXP 	Created distr = TextStim(__class__=<class 'psychopy.visual.text.TextStim'>, alignHoriz=method-wrapper(...), alignText='center', alignVert=method-wrapper(...), anchorHoriz='center', anchorVert='center', antialias=True, autoDraw=False, autoLog=True, bold=False, color=array([1., 1., 1.]), colorSpace='rgb', contrast=1.0, depth=0, draggable=False, flipHoriz=False, flipVert=False, font='Open Sans', fontFiles=[], height=np.float64(0.1), italic=False, languageStyle='LTR', name='distr', opacity=1.0, ori=325, pos=array([-0.42864658, -0.00164113]), rgb=UNKNOWN, text='L', units='height', win=Window(...), wrapWidth=1)
29.6890 	EXP 	Created distr = TextStim(__class__=<class 'psychopy.visual.text.TextStim'>, alignHoriz=method-wrapper(...), alignText='center', alignVert=method-wrapper(...), anchorHoriz='center', anchorVert='center', antialias=True, autoDraw=False, autoLog=True, bold=False, color=array([1., 1., 1.]), colorSpace='rgb', contrast=1.0, depth=0, draggable=False, flipHoriz=False, flipVert=False, font='Open Sans', fontFiles=[], height=np.float64(0.1), italic=False, languageStyle='LTR', name='distr', opacity=1.0, ori=233, pos=array([0.39014649, 0.27122758]), rgb=UNKNOWN, text='L', units='height', win=Window(...), wrapWidth=1)
29.7032 	EXP 	fixation: autoDraw = False
29.7032 	EXP 	target: autoDraw = False
29.7032 	EXP 	distr: autoDraw = False
29.7032 	EXP 	distr: autoDraw = False
29.7032 	EXP 	distr: autoDraw = False
29.7032 	EXP 	distr: autoDraw = False
29.7032 	EXP 	distr: autoDraw = False
29.7032 	EXP 	distr: autoDraw = True
29.7032 	EXP 	distr: autoDraw = True
29.7032 	EXP 	distr: autoDraw = True
29.7032 	EXP 	distr: autoDraw = True
29.7032 	EXP 	distr: autoDraw = True
29.7032 	EXP 	distr: autoDraw = True
29.7032 	EXP 	distr: autoDraw = True
29.7032 	EXP 	distr: autoDraw = True
29.7032 	EXP 	distr: autoDraw = True
29.7032 	EXP 	distr: autoDraw = True
29.7032 	EXP 	fixation: autoDraw = True
29.7032 	EXP 	target: autoDraw = True
29.8874 	DATA 	Mouse:  Left button up, pos=(278,230)
30.7033 	EXP 	fixation: autoDraw = False
30.9535 	DATA 	Mouse: Left button down, pos=(702,237)
30.9542 	EXP 	New trial (rep=22, index=0): <Trial 22 (0 in rep 22) data={'thisN': 22, 'thisTrialN': 0, 'thisRepN': 22}>
30.9569 	EXP 	Created distr = TextStim(__class__=<class 'psychopy.visual.text.TextStim'>, alignHoriz=method-wrapper(...), alignText='center', alignVert=method-wrapper(...), anchorHoriz='center', anchorVert='center', antialias=True, autoDraw=False, autoLog=True, bold=False, color=array([1., 1., 1.]), colorSpace='rgb', contrast=1.0, depth=0, draggable=False, flipHoriz=False, flipVert=False, font='Open Sans', fontFiles=[], height=np.float64(0.1), italic=False, languageStyle='LTR', name='distr', opacity=1.0, ori=187, pos=array([-0.07344803,  0.47768743]), rgb=UNKNOWN, text='L', units='height', win=Window(...), wrapWidth=1)
30.9584 	EXP 	Created distr = TextStim(__class__=<class 'psychopy.visual.text.TextStim'>, alignHoriz=method-wrapper(...), alignText='center', alignVert=method-wrapper(...), anchorHoriz='center', anchorVert='center', antialias=True, autoDraw=False, autoLog=True, bold=False, color=array([1., 1., 1.]), colorSpace='rgb', contrast=1.0, depth=0, draggable=False, flipHoriz=False, flipVert=False, font='Open Sans', fontFiles=[], height=np.float64(0.1), italic=False, languageStyle='LTR', name='distr', opacity=1.0, ori=259, pos=array([ 0.06661034, -0.17296529]), rgb=UNKNOWN, text='L', units='height', win=Window(...), wrapWidth=1)
30.9599 	EXP 	Created distr = TextStim(__class__=<class 'psychopy.visual.text.TextStim'>, alignHoriz=method-wrapper(...), alignText='center', alignVert=method-wrapper(...), anchorHoriz='center', anchorVert='center', antialias=True, autoDraw=False, autoLog=True, bold=False, color=array([1., 1., 1.]), colorSpace='rgb', contrast=1.0, depth=0, draggable=False, flipHoriz=False, flipVert=False, font='Open Sans', fontFiles=[], height=np.float64(0.1), italic=False, languageStyle='LTR', name='distr', opacity=1.0, ori=231, pos=array([ 0.39748409, -0.4085257 ]), rgb=UNKNOWN, text='L', units='height', win=Window(...), wrapWidth=1)
30.9614 	EXP 	Created distr = TextStim(__class__=<class 'psychopy.visual.text.TextStim'>, alignHoriz=method-wrapper(...), alignText='center', alignVert=method-wrapper(...), anchorHoriz='center', anchorVert='center', antialias=True, autoDraw=False, autoLog=True, bold=False, color=array([1., 1., 1.]), colorSpace='rgb', contrast=1.0, depth=0, draggable=False, flipHoriz=False, flipVert=False, font='Open Sans', fontFiles=[], height=np.float64(0.1), italic=False, languageStyle='LTR', name='distr', opacity=1.0, ori=126, pos=array([-0.0359134 ,  0.44392328]), rgb=UNKNOWN, text='L', units='height', win=Window(...), wrapWidth=1)
30.9627 	EXP 	Created distr = TextStim(__class__=<class 'psychopy.visual.text.TextStim'>, alignHoriz=method-wrapper(...), alignText='center', alignVert=method-wrapper(...), anchorHoriz='center', anchorVert='center', antialias=True, autoDraw=False, autoLog=True, bold=False, color=array([1., 1., 1.]), colorSpace='rgb', contrast=1.0, depth=0, draggable=False, flipHoriz=False, flipVert=False, font='Open Sans', fontFiles=[], height=np.float64(0.1), italic=False, languageStyle='LTR', name='distr', opacity=1.0, ori=257, pos=array([-0.06181944, -0.43114571]), rgb=UNKNOWN, text='L', units='height', win=Window(...), wrapWidth=1)
30.9854 	EXP 	fixation: autoDraw = False
30.9854 	EXP 	target: autoDraw = False
30.9854 	EXP 	distr: autoDraw = False
30.9854 	EXP 	distr: autoDraw = False
30.9854 	EXP 	distr: autoDraw = False
30.9854 	EXP 	distr: autoDraw = False
30.9854 	EXP 	distr: autoDraw = False
30.9854 	EXP 	distr: autoDraw = False
30.9854 	EXP 	distr: autoDraw = False
30.9854 	EXP 	distr: autoDraw = False
30.9854 	EXP 	distr: autoDraw = False
30.9854 	EXP 	distr: autoDraw = False
30.9854 	EXP 	distr: autoDraw = True
30.9854 	EXP 	distr: autoDraw = True
30.9854 	EXP 	distr: autoDraw = True
30.9854 	EXP 	distr: autoDraw = True
30.9854 	EXP 	distr: autoDraw = True
30.9854 	EXP 	fixation: autoDraw = True
30.9854 	EXP 	target: autoDraw = True
31.1871 	DATA 	Mouse:  Left button up, pos=(702,237)
31.8920 	DATA 	Mouse: Left button down, pos=(802,204)
31.9027 	EXP 	New trial (rep=23, index=0): <Trial 23 (0 in rep 23) data={'thisN': 23, 'thisTrialN': 0, 'thisRepN': 23}>
31.9049 	EXP 	Created distr = TextStim(__class__=<class 'psychopy.visual.text.TextStim'>, alignHoriz=method-wrapper(...), alignText='center', alignVert=method-wrapper(...), anchorHoriz='center', anchorVert='center', antialias=True, autoDraw=False, autoLog=True, bold=False, color=array([1., 1., 1.]), colorSpace='rgb', contrast=1.0, depth=0, draggable=False, flipHoriz=False, flipVert=False, font='Open Sans', fontFiles=[], height=np.float64(0.1), italic=False, languageStyle='LTR', name='distr', opacity=1.0, ori=286, pos=array([-0.15322561, -0.31804107]), rgb=UNKNOWN, text='L', units='height', win=Window(...), wrapWidth=1)
31.9064 	EXP 	Created distr = TextStim(__class__=<class 'psychopy.visual.text.TextStim'>, alignHoriz=method-wrapper(...), alignText='center', alignVert=method-wrapper(...), anchorHoriz='center', anchorVert='center', antialias=True, autoDraw=False, autoLog=True, bold=False, color=array([1., 1., 1.]), colorSpace='rgb', contrast=1.0, depth=0, draggable=False, flipHoriz=False, flipVert=False, font='Open Sans', fontFiles=[], height=np.float64(0.1), italic=False, languageStyle='LTR', name='distr', opacity=1.0, ori=294, pos=array([-0.16968571, -0.04322092]), rgb=UNKNOWN, text='L', units='height', win=Window(...), wrapWidth=1)
31.9078 	EXP 	Created distr = TextStim(__class__=<class 'psychopy.visual.text.TextStim'>, alignHoriz=method-wrapper(...), alignText='center', alignVert=method-wrapper(...), anchorHoriz='center', anchorVert='center', antialias=True, autoDraw=False, autoLog=True, bold=False, color=array([1., 1., 1.]), colorSpace='rgb', contrast=1.0, depth=0, draggable=False, flipHoriz=False, flipVert=False, font='Open Sans', fontFiles=[], height=np.float64(0.1), italic=False, languageStyle='LTR', name='distr', opacity=1.0, ori=343, pos=array([-0.39660198,  0.26121726]), rgb=UNKNOWN, text='L', units='height', win=Window(...), wrapWidth=1)
31.9092 	EXP 	Created distr = TextStim(__class__=<class 'psychopy.visual.text.TextStim'>, alignHoriz=method-wrapper(...), alignText='center', alignVert=method-wrapper(...), anchorHoriz='center', anchorVert='center', antialias=True, autoDraw=False, autoLog=True, bold=False, color=array([1., 1., 1.]), colorSpace='rgb', contrast=1.0, depth=0, draggable=False, flipHoriz=False, flipVert=False, font='Open Sans', fontFiles=[], height=np.float64(0.1), italic=False, languageStyle='LTR', name='distr', opacity=1.0, ori=303, pos=array([-0.35101849, -0.00123001]), rgb=UNKNOWN, text='L', units='height', win=Window(...), wrapWidth=1)
31.9106 	EXP 	Created distr = TextStim(__class__=<class 'psychopy.visual.text.TextStim'>, alignHoriz=method-wrapper(...), alignText='center', alignVert=method-wrapper(...), anchorHoriz='center', anchorVert='center', antialias=True, autoDraw=False, autoLog=True, bold=False, color=array([1., 1., 1.]), colorSpace='rgb', contrast=1.0, depth=0, draggable=False, flipHoriz=False, flipVert=False, font='Open Sans', fontFiles=[], height=np.float64(0.1), italic=False, languageStyle='LTR', name='distr', opacity=1.0, ori=114, pos=array([0.39365293, 0.47471629]), rgb=UNKNOWN, text='L', units='height', win=Window(...), wrapWidth=1)
31.9184 	EXP 	fixation: autoDraw = False
31.9184 	EXP 	target: autoDraw = False
31.9184 	EXP 	distr: autoDraw = False
31.9184 	EXP 	distr: autoDraw = False
31.9184 	EXP 	distr: autoDraw = False
31.9184 	EXP 	distr: autoDraw = False
31.9184 	EXP 	distr: autoDraw = False
31.9184 	EXP 	distr: autoDraw = True
31.9184 	EXP 	distr: autoDraw = True
31.9184 	EXP 	distr: autoDraw = True
31.9184 	EXP 	distr: autoDraw = True
31.9184 	EXP 	distr: autoDraw = True
31.9184 	EXP 	fixation: autoDraw = True
31.9184 	EXP 	target: autoDraw = True
32.1200 	DATA 	Mouse:  Left button up, pos=(802,204)
32.9180 	EXP 	fixation: autoDraw = False
33.0688 	DATA 	Mouse: Left button down, pos=(453,602)
33.0697 	EXP 	New trial (rep=24, index=0): <Trial 24 (0 in rep 24) data={'thisN': 24, 'thisTrialN': 0, 'thisRepN': 24}>
33.0720 	EXP 	Created distr = TextStim(__class__=<class 'psychopy.visual.text.TextStim'>, alignHoriz=method-wrapper(...), alignText='center', alignVert=method-wrapper(...), anchorHoriz='center', anchorVert='center', antialias=True, autoDraw=False, autoLog=True, bold=False, color=array([1., 1., 1.]), colorSpace='rgb', contrast=1.0, depth=0, draggable=False, flipHoriz=False, flipVert=False, font='Open Sans', fontFiles=[], height=np.float64(0.1), italic=False, languageStyle='LTR', name='distr', opacity=1.0, ori=143, pos=array([-0.13831809,  0.09526362]), rgb=UNKNOWN, text='L', units='height', win=Window(...), wrapWidth=1)
33.0737 	EXP 	Created distr = TextStim(__class__=<class 'psychopy.visual.text.TextStim'>, alignHoriz=method-wrapper(...), alignText='center', alignVert=method-wrapper(...), anchorHoriz='center', anchorVert='center', antialias=True, autoDraw=False, autoLog=True, bold=False, color=array([1., 1., 1.]), colorSpace='rgb', contrast=1.0, depth=0, draggable=False, flipHoriz=False, flipVert=False, font='Open Sans', fontFiles=[], height=np.float64(0.1), italic=False, languageStyle='LTR', name='distr', opacity=1.0, ori=39, pos=array([-0.09509389, -0.11546423]), rgb=UNKNOWN, text='L', units='height', win=Window(...), wrapWidth=1)
33.0751 	EXP 	Created distr = TextStim(__class__=<class 'psychopy.visual.text.TextStim'>, alignHoriz=method-wrapper(...), alignText='center', alignVert=method-wrapper(...), anchorHoriz='center', anchorVert='center', antialias=True, autoDraw=False, autoLog=True, bold=False, color=array([1., 1., 1.]), colorSpace='rgb', contrast=1.0, depth=0, draggable=False, flipHoriz=False, flipVert=False, font='Open Sans', fontFiles=[], height=np.float64(0.1), italic=False, languageStyle='LTR', name='distr', opacity=1.0, ori=35, pos=array([ 0.30680608, -0.38851864]), rgb=UNKNOWN, text='L', units='height', win=Window(...), wrapWidth=1)
33.0766 	EXP 	Created distr = TextStim(__class__=<class 'psychopy.visual.text.TextStim'>, alignHoriz=method-wrapper(...), alignText='center', alignVert=method-wrapper(...), anchorHoriz='center', anchorVert='center', antialias=True, autoDraw=False, autoLog=True, bold=False, color=array([1., 1., 1.]), colorSpace='rgb', contrast=1.0, depth=0, draggable=False, flipHoriz=False, flipVert=False, font='Open Sans', fontFiles=[], height=np.float64(0.1), italic=False, languageStyle='LTR', name='distr', opacity=1.0, ori=253, pos=array([-0.2104936 , -0.12919677]), rgb=UNKNOWN, text='L', units='height', win=Window(...), wrapWidth=1)
33.0779 	EXP 	Created distr = TextStim(__class__=<class 'psychopy.visual.text.TextStim'>, alignHoriz=method-wrapper(...), alignText='center', alignVert=method-wrapper(...), anchorHoriz='center', anchorVert='center', antialias=True, autoDraw=False, autoLog=True, bold=False, color=array([1., 1., 1.]), colorSpace='rgb', contrast=1.0, depth=0, draggable=False, flipHoriz=False, flipVert=False, font='Open Sans', fontFiles=[], height=np.float64(0.1), italic=False, languageStyle='LTR', name='distr', opacity=1.0, ori=162, pos=array([0.44406896, 0.09639792]), rgb=UNKNOWN, text='L', units='height', win=Window(...), wrapWidth=1)
33.1001 	EXP 	fixation: autoDraw = False
33.1001 	EXP 	target: autoDraw = False
33.1001 	EXP 	distr: autoDraw = False
33.1001 	EXP 	distr: autoDraw = False
33.1001 	EXP 	distr: autoDraw = False
33.1001 	EXP 	distr: autoDraw = False
33.1001 	EXP 	distr: autoDraw = False
33.1001 	EXP 	distr: autoDraw = True
33.1001 	EXP 	distr: autoDraw = True
33.1001 	EXP 	distr: autoDraw = True
33.1001 	EXP 	distr: autoDraw = True
33.1001 	EXP 	distr: autoDraw = True
33.1001 	EXP 	fixation: autoDraw = True
33.1001 	EXP 	target: autoDraw = True
33.3027 	DATA 	Mouse:  Left button up, pos=(453,602)
34.1006 	EXP 	fixation: autoDraw = False
34.2007 	DATA 	Mouse: Left button down, pos=(770,656)
34.2015 	EXP 	New trial (rep=25, index=0): <Trial 25 (0 in rep 25) data={'thisN': 25, 'thisTrialN': 0, 'thisRepN': 25}>
34.2040 	EXP 	Created distr = TextStim(__class__=<class 'psychopy.visual.text.TextStim'>, alignHoriz=method-wrapper(...), alignText='center', alignVert=method-wrapper(...), anchorHoriz='center', anchorVert='center', antialias=True, autoDraw=False, autoLog=True, bold=False, color=array([1., 1., 1.]), colorSpace='rgb', contrast=1.0, depth=0, draggable=False, flipHoriz=False, flipVert=False, font='Open Sans', fontFiles=[], height=np.float64(0.1), italic=False, languageStyle='LTR', name='distr', opacity=1.0, ori=196, pos=array([-0.41059124, -0.12325235]), rgb=UNKNOWN, text='L', units='height', win=Window(...), wrapWidth=1)
34.2055 	EXP 	Created distr = TextStim(__class__=<class 'psychopy.visual.text.TextStim'>, alignHoriz=method-wrapper(...), alignText='center', alignVert=method-wrapper(...), anchorHoriz='center', anchorVert='center', antialias=True, autoDraw=False, autoLog=True, bold=False, color=array([1., 1., 1.]), colorSpace='rgb', contrast=1.0, depth=0, draggable=False, flipHoriz=False, flipVert=False, font='Open Sans', fontFiles=[], height=np.float64(0.1), italic=False, languageStyle='LTR', name='distr', opacity=1.0, ori=262, pos=array([ 0.26284254, -0.29764554]), rgb=UNKNOWN, text='L', units='height', win=Window(...), wrapWidth=1)
34.2069 	EXP 	Created distr = TextStim(__class__=<class 'psychopy.visual.text.TextStim'>, alignHoriz=method-wrapper(...), alignText='center', alignVert=method-wrapper(...), anchorHoriz='center', anchorVert='center', antialias=True, autoDraw=False, autoLog=True, bold=False, color=array([1., 1., 1.]), colorSpace='rgb', contrast=1.0, depth=0, draggable=False, flipHoriz=False, flipVert=False, font='Open Sans', fontFiles=[], height=np.float64(0.1), italic=False, languageStyle='LTR', name='distr', opacity=1.0, ori=292, pos=array([-0.41794996, -0.32062274]), rgb=UNKNOWN, text='L', units='height', win=Window(...), wrapWidth=1)
34.2084 	EXP 	Created distr = TextStim(__class__=<class 'psychopy.visual.text.TextStim'>, alignHoriz=method-wrapper(...), alignText='center', alignVert=method-wrapper(...), anchorHoriz='center', anchorVert='center', antialias=True, autoDraw=False, autoLog=True, bold=False, color=array([1., 1., 1.]), colorSpace='rgb', contrast=1.0, depth=0, draggable=False, flipHoriz=False, flipVert=False, font='Open Sans', fontFiles=[], height=np.float64(0.1), italic=False, languageStyle='LTR', name='distr', opacity=1.0, ori=153, pos=array([ 0.0049378 , -0.06996713]), rgb=UNKNOWN, text='L', units='height', win=Window(...), wrapWidth=1)
34.2100 	EXP 	Created distr = TextStim(__class__=<class 'psychopy.visual.text.TextStim'>, alignHoriz=method-wrapper(...), alignText='center', alignVert=method-wrapper(...), anchorHoriz='center', anchorVert='center', antialias=True, autoDraw=False, autoLog=True, bold=False, color=array([1., 1., 1.]), colorSpace='rgb', contrast=1.0, depth=0, draggable=False, flipHoriz=False, flipVert=False, font='Open Sans', fontFiles=[], height=np.float64(0.1), italic=False, languageStyle='LTR', name='distr', opacity=1.0, ori=308, pos=array([0.32683281, 0.05365607]), rgb=UNKNOWN, text='L', units='height', win=Window(...), wrapWidth=1)
34.2115 	EXP 	Created distr = TextStim(__class__=<class 'psychopy.visual.text.TextStim'>, alignHoriz=method-wrapper(...), alignText='center', alignVert=method-wrapper(...), anchorHoriz='center', anchorVert='center', antialias=True, autoDraw=False, autoLog=True, bold=False, color=array([1., 1., 1.]), colorSpace='rgb', contrast=1.0, depth=0, draggable=False, flipHoriz=False, flipVert=False, font='Open Sans', fontFiles=[], height=np.float64(0.1), italic=False, languageStyle='LTR', name='distr', opacity=1.0, ori=159, pos=array([-0.44506376,  0.29688008]), rgb=UNKNOWN, text='L', units='height', win=Window(...), wrapWidth=1)
34.2128 	EXP 	Created distr = TextStim(__class__=<class 'psychopy.visual.text.TextStim'>, alignHoriz=method-wrapper(...), alignText='center', alignVert=method-wrapper(...), anchorHoriz='center', anchorVert='center', antialias=True, autoDraw=False, autoLog=True, bold=False, color=array([1., 1., 1.]), colorSpace='rgb', contrast=1.0, depth=0, draggable=False, flipHoriz=False, flipVert=False, font='Open Sans', fontFiles=[], height=np.float64(0.1), italic=False, languageStyle='LTR', name='distr', opacity=1.0, ori=16, pos=array([ 0.34582397, -0.35744008]), rgb=UNKNOWN, text='L', units='height', win=Window(...), wrapWidth=1)
34.2147 	EXP 	Created distr = TextStim(__class__=<class 'psychopy.visual.text.TextStim'>, alignHoriz=method-wrapper(...), alignText='center', alignVert=method-wrapper(...), anchorHoriz='center', anchorVert='center', antialias=True, autoDraw=False, autoLog=True, bold=False, color=array([1., 1., 1.]), colorSpace='rgb', contrast=1.0, depth=0, draggable=False, flipHoriz=False, flipVert=False, font='Open Sans', fontFiles=[], height=np.float64(0.1), italic=False, languageStyle='LTR', name='distr', opacity=1.0, ori=347, pos=array([-0.24002068,  0.0195473 ]), rgb=UNKNOWN, text='L', units='height', win=Window(...), wrapWidth=1)
34.2167 	EXP 	Created distr = TextStim(__class__=<class 'psychopy.visual.text.TextStim'>, alignHoriz=method-wrapper(...), alignText='center', alignVert=method-wrapper(...), anchorHoriz='center', anchorVert='center', antialias=True, autoDraw=False, autoLog=True, bold=False, color=array([1., 1., 1.]), colorSpace='rgb', contrast=1.0, depth=0, draggable=False, flipHoriz=False, flipVert=False, font='Open Sans', fontFiles=[], height=np.float64(0.1), italic=False, languageStyle='LTR', name='distr', opacity=1.0, ori=117, pos=array([-0.12770106, -0.12305285]), rgb=UNKNOWN, text='L', units='height', win=Window(...), wrapWidth=1)
34.2182 	EXP 	Created distr = TextStim(__class__=<class 'psychopy.visual.text.TextStim'>, alignHoriz=method-wrapper(...), alignText='center', alignVert=method-wrapper(...), anchorHoriz='center', anchorVert='center', antialias=True, autoDraw=False, autoLog=True, bold=False, color=array([1., 1., 1.]), colorSpace='rgb', contrast=1.0, depth=0, draggable=False, flipHoriz=False, flipVert=False, font='Open Sans', fontFiles=[], height=np.float64(0.1), italic=False, languageStyle='LTR', name='distr', opacity=1.0, ori=189, pos=array([-0.03122832,  0.48109806]), rgb=UNKNOWN, text='L', units='height', win=Window(...), wrapWidth=1)
34.2327 	EXP 	fixation: autoDraw = False
34.2327 	EXP 	target: autoDraw = False
34.2327 	EXP 	distr: autoDraw = False
34.2327 	EXP 	distr: autoDraw = False
34.2327 	EXP 	distr: autoDraw = False
34.2327 	EXP 	distr: autoDraw = False
34.2327 	EXP 	distr: autoDraw = False
34.2327 	EXP 	distr: autoDraw = True
34.2327 	EXP 	distr: autoDraw = True
34.2327 	EXP 	distr: autoDraw = True
34.2327 	EXP 	distr: autoDraw = True
34.2327 	EXP 	distr: autoDraw = True
34.2327 	EXP 	distr: autoDraw = True
34.2327 	EXP 	distr: autoDraw = True
34.2327 	EXP 	distr: autoDraw = True
34.2327 	EXP 	distr: autoDraw = True
34.2327 	EXP 	distr: autoDraw = True
34.2327 	EXP 	fixation: autoDraw = True
34.2327 	EXP 	target: autoDraw = True
34.4176 	DATA 	Mouse:  Left button up, pos=(770,656)
35.2329 	EXP 	fixation: autoDraw = False
35.2840 	DATA 	Mouse: Left button down, pos=(856,300)
35.2847 	EXP 	New trial (rep=26, index=0): <Trial 26 (0 in rep 26) data={'thisN': 26, 'thisTrialN': 0, 'thisRepN': 26}>
35.2869 	EXP 	Created distr = TextStim(__class__=<class 'psychopy.visual.text.TextStim'>, alignHoriz=method-wrapper(...), alignText='center', alignVert=method-wrapper(...), anchorHoriz='center', anchorVert='center', antialias=True, autoDraw=False, autoLog=True, bold=False, color=array([1., 1., 1.]), colorSpace='rgb', contrast=1.0, depth=0, draggable=False, flipHoriz=False, flipVert=False, font='Open Sans', fontFiles=[], height=np.float64(0.1), italic=False, languageStyle='LTR', name='distr', opacity=1.0, ori=236, pos=array([0.02850262, 0.35865086]), rgb=UNKNOWN, text='L', units='height', win=Window(...), wrapWidth=1)
35.2886 	EXP 	Created distr = TextStim(__class__=<class 'psychopy.visual.text.TextStim'>, alignHoriz=method-wrapper(...), alignText='center', alignVert=method-wrapper(...), anchorHoriz='center', anchorVert='center', antialias=True, autoDraw=False, autoLog=True, bold=False, color=array([1., 1., 1.]), colorSpace='rgb', contrast=1.0, depth=0, draggable=False, flipHoriz=False, flipVert=False, font='Open Sans', fontFiles=[], height=np.float64(0.1), italic=False, languageStyle='LTR', name='distr', opacity=1.0, ori=123, pos=array([ 0.23136616, -0.43214708]), rgb=UNKNOWN, text='L', units='height', win=Window(...), wrapWidth=1)
35.2900 	EXP 	Created distr = TextStim(__class__=<class 'psychopy.visual.text.TextStim'>, alignHoriz=method-wrapper(...), alignText='center', alignVert=method-wrapper(...), anchorHoriz='center', anchorVert='center', antialias=True, autoDraw=False, autoLog=True, bold=False, color=array([1., 1., 1.]), colorSpace='rgb', contrast=1.0, depth=0, draggable=False, flipHoriz=False, flipVert=False, font='Open Sans', fontFiles=[], height=np.float64(0.1), italic=False, languageStyle='LTR', name='distr', opacity=1.0, ori=230, pos=array([ 0.0651001 , -0.29234153]), rgb=UNKNOWN, text='L', units='height', win=Window(...), wrapWidth=1)
35.2913 	EXP 	Created distr = TextStim(__class__=<class 'psychopy.visual.text.TextStim'>, alignHoriz=method-wrapper(...), alignText='center', alignVert=method-wrapper(...), anchorHoriz='center', anchorVert='center', antialias=True, autoDraw=False, autoLog=True, bold=False, color=array([1., 1., 1.]), colorSpace='rgb', contrast=1.0, depth=0, draggable=False, flipHoriz=False, flipVert=False, font='Open Sans', fontFiles=[], height=np.float64(0.1), italic=False, languageStyle='LTR', name='distr', opacity=1.0, ori=253, pos=array([-0.36734469,  0.06923799]), rgb=UNKNOWN, text='L', units='height', win=Window(...), wrapWidth=1)
35.2928 	EXP 	Created distr = TextStim(__class__=<class 'psychopy.visual.text.TextStim'>, alignHoriz=method-wrapper(...), alignText='center', alignVert=method-wrapper(...), anchorHoriz='center', anchorVert='center', antialias=True, autoDraw=False, autoLog=True, bold=False, color=array([1., 1., 1.]), colorSpace='rgb', contrast=1.0, depth=0, draggable=False, flipHoriz=False, flipVert=False, font='Open Sans', fontFiles=[], height=np.float64(0.1), italic=False, languageStyle='LTR', name='distr', opacity=1.0, ori=68, pos=array([-0.35872181, -0.3962673 ]), rgb=UNKNOWN, text='L', units='height', win=Window(...), wrapWidth=1)
35.3152 	EXP 	fixation: autoDraw = False
35.3152 	EXP 	target: autoDraw = False
35.3152 	EXP 	distr: autoDraw = False
35.3152 	EXP 	distr: autoDraw = False
35.3152 	EXP 	distr: autoDraw = False
35.3152 	EXP 	distr: autoDraw = False
35.3152 	EXP 	distr: autoDraw = False
35.3152 	EXP 	distr: autoDraw = False
35.3152 	EXP 	distr: autoDraw = False
35.3152 	EXP 	distr: autoDraw = False
35.3152 	EXP 	distr: autoDraw = False
35.3152 	EXP 	distr: autoDraw = False
35.3152 	EXP 	distr: autoDraw = True
35.3152 	EXP 	distr: autoDraw = True
35.3152 	EXP 	distr: autoDraw = True
35.3152 	EXP 	distr: autoDraw = True
35.3152 	EXP 	distr: autoDraw = True
35.3152 	EXP 	fixation: autoDraw = True
35.3152 	EXP 	target: autoDraw = True
35.5010 	DATA 	Mouse:  Left button up, pos=(856,300)
36.3157 	EXP 	fixation: autoDraw = False
36.3327 	DATA 	Mouse: Left button down, pos=(882,553)
36.5358 	DATA 	Mouse:  Left button up, pos=(882,553)
37.0657 	DATA 	Mouse: Left button down, pos=(857,574)
37.2813 	DATA 	Mouse:  Left button up, pos=(857,574)
37.7501 	DATA 	Mouse: Left button down, pos=(859,572)
37.9659 	DATA 	Mouse:  Left button up, pos=(859,572)
38.4311 	DATA 	Mouse: Left button down, pos=(865,566)
38.4317 	EXP 	New trial (rep=27, index=0): <Trial 27 (0 in rep 27) data={'thisN': 27, 'thisTrialN': 0, 'thisRepN': 27}>
38.4340 	EXP 	Created distr = TextStim(__class__=<class 'psychopy.visual.text.TextStim'>, alignHoriz=method-wrapper(...), alignText='center', alignVert=method-wrapper(...), anchorHoriz='center', anchorVert='center', antialias=True, autoDraw=False, autoLog=True, bold=False, color=array([1., 1., 1.]), colorSpace='rgb', contrast=1.0, depth=0, draggable=False, flipHoriz=False, flipVert=False, font='Open Sans', fontFiles=[], height=np.float64(0.1), italic=False, languageStyle='LTR', name='distr', opacity=1.0, ori=305, pos=array([ 0.19395351, -0.03388539]), rgb=UNKNOWN, text='L', units='height', win=Window(...), wrapWidth=1)
38.4356 	EXP 	Created distr = TextStim(__class__=<class 'psychopy.visual.text.TextStim'>, alignHoriz=method-wrapper(...), alignText='center', alignVert=method-wrapper(...), anchorHoriz='center', anchorVert='center', antialias=True, autoDraw=False, autoLog=True, bold=False, color=array([1., 1., 1.]), colorSpace='rgb', contrast=1.0, depth=0, draggable=False, flipHoriz=False, flipVert=False, font='Open Sans', fontFiles=[], height=np.float64(0.1), italic=False, languageStyle='LTR', name='distr', opacity=1.0, ori=13, pos=array([-0.39657988,  0.03617273]), rgb=UNKNOWN, text='L', units='height', win=Window(...), wrapWidth=1)
38.4370 	EXP 	Created distr = TextStim(__class__=<class 'psychopy.visual.text.TextStim'>, alignHoriz=method-wrapper(...), alignText='center', alignVert=method-wrapper(...), anchorHoriz='center', anchorVert='center', antialias=True, autoDraw=False, autoLog=True, bold=False, color=array([1., 1., 1.]), colorSpace='rgb', contrast=1.0, depth=0, draggable=False, flipHoriz=False, flipVert=False, font='Open Sans', fontFiles=[], height=np.float64(0.1), italic=False, languageStyle='LTR', name='distr', opacity=1.0, ori=289, pos=array([0.42409563, 0.17530653]), rgb=UNKNOWN, text='L', units='height', win=Window(...), wrapWidth=1)
38.4384 	EXP 	Created distr = TextStim(__class__=<class 'psychopy.visual.text.TextStim'>, alignHoriz=method-wrapper(...), alignText='center', alignVert=method-wrapper(...), anchorHoriz='center', anchorVert='center', antialias=True, autoDraw=False, autoLog=True, bold=False, color=array([1., 1., 1.]), colorSpace='rgb', contrast=1.0, depth=0, draggable=False, flipHoriz=False, flipVert=False, font='Open Sans', fontFiles=[], height=np.float64(0.1), italic=False, languageStyle='LTR', name='distr', opacity=1.0, ori=71, pos=array([ 0.09937718, -0.07558529]), rgb=UNKNOWN, text='L', units='height', win=Window(...), wrapWidth=1)
38.4400 	EXP 	Created distr = TextStim(__class__=<class 'psychopy.visual.text.TextStim'>, alignHoriz=method-wrapper(...), alignText='center', alignVert=method-wrapper(...), anchorHoriz='center', anchorVert='center', antialias=True, autoDraw=False, autoLog=True, bold=False, color=array([1., 1., 1.]), colorSpace='rgb', contrast=1.0, depth=0, draggable=False, flipHoriz=False, flipVert=False, font='Open Sans', fontFiles=[], height=np.float64(0.1), italic=False, languageStyle='LTR', name='distr', opacity=1.0, ori=92, pos=array([0.30973495, 0.24770369]), rgb=UNKNOWN, text='L', units='height', win=Window(...), wrapWidth=1)
38.4413 	EXP 	Created distr = TextStim(__class__=<class 'psychopy.visual.text.TextStim'>, alignHoriz=method-wrapper(...), alignText='center', alignVert=method-wrapper(...), anchorHoriz='center', anchorVert='center', antialias=True, autoDraw=False, autoLog=True, bold=False, color=array([1., 1., 1.]), colorSpace='rgb', contrast=1.0, depth=0, draggable=False, flipHoriz=False, flipVert=False, font='Open Sans', fontFiles=[], height=np.float64(0.1), italic=False, languageStyle='LTR', name='distr', opacity=1.0, ori=137, pos=array([0.44328326, 0.46388743]), rgb=UNKNOWN, text='L', units='height', win=Window(...), wrapWidth=1)
38.4426 	EXP 	Created distr = TextStim(__class__=<class 'psychopy.visual.text.TextStim'>, alignHoriz=method-wrapper(...), alignText='center', alignVert=method-wrapper(...), anchorHoriz='center', anchorVert='center', antialias=True, autoDraw=False, autoLog=True, bold=False, color=array([1., 1., 1.]), colorSpace='rgb', contrast=1.0, depth=0, draggable=False, flipHoriz=False, flipVert=False, font='Open Sans', fontFiles=[], height=np.float64(0.1), italic=False, languageStyle='LTR', name='distr', opacity=1.0, ori=318, pos=array([0.35210099, 0.27421353]), rgb=UNKNOWN, text='L', units='height', win=Window(...), wrapWidth=1)
38.4442 	EXP 	Created distr = TextStim(__class__=<class 'psychopy.visual.text.TextStim'>, alignHoriz=method-wrapper(...), alignText='center', alignVert=method-wrapper(...), anchorHoriz='center', anchorVert='center', antialias=True, autoDraw=False, autoLog=True, bold=False, color=array([1., 1., 1.]), colorSpace='rgb', contrast=1.0, depth=0, draggable=False, flipHoriz=False, flipVert=False, font='Open Sans', fontFiles=[], height=np.float64(0.1), italic=False, languageStyle='LTR', name='distr', opacity=1.0, ori=235, pos=array([-0.48108903,  0.38858561]), rgb=UNKNOWN, text='L', units='height', win=Window(...), wrapWidth=1)
38.4460 	EXP 	Created distr = TextStim(__class__=<class 'psychopy.visual.text.TextStim'>, alignHoriz=method-wrapper(...), alignText='center', alignVert=method-wrapper(...), anchorHoriz='center', anchorVert='center', antialias=True, autoDraw=False, autoLog=True, bold=False, color=array([1., 1., 1.]), colorSpace='rgb', contrast=1.0, depth=0, draggable=False, flipHoriz=False, flipVert=False, font='Open Sans', fontFiles=[], height=np.float64(0.1), italic=False, languageStyle='LTR', name='distr', opacity=1.0, ori=37, pos=array([0.22250382, 0.01172637]), rgb=UNKNOWN, text='L', units='height', win=Window(...), wrapWidth=1)
38.4476 	EXP 	Created distr = TextStim(__class__=<class 'psychopy.visual.text.TextStim'>, alignHoriz=method-wrapper(...), alignText='center', alignVert=method-wrapper(...), anchorHoriz='center', anchorVert='center', antialias=True, autoDraw=False, autoLog=True, bold=False, color=array([1., 1., 1.]), colorSpace='rgb', contrast=1.0, depth=0, draggable=False, flipHoriz=False, flipVert=False, font='Open Sans', fontFiles=[], height=np.float64(0.1), italic=False, languageStyle='LTR', name='distr', opacity=1.0, ori=164, pos=array([ 0.23206043, -0.04943834]), rgb=UNKNOWN, text='L', units='height', win=Window(...), wrapWidth=1)
38.4623 	EXP 	fixation: autoDraw = False
38.4623 	EXP 	target: autoDraw = False
38.4623 	EXP 	distr: autoDraw = False
38.4623 	EXP 	distr: autoDraw = False
38.4623 	EXP 	distr: autoDraw = False
38.4623 	EXP 	distr: autoDraw = False
38.4623 	EXP 	distr: autoDraw = False
38.4623 	EXP 	distr: autoDraw = True
38.4623 	EXP 	distr: autoDraw = True
38.4623 	EXP 	distr: autoDraw = True
38.4623 	EXP 	distr: autoDraw = True
38.4623 	EXP 	distr: autoDraw = True
38.4623 	EXP 	distr: autoDraw = True
38.4623 	EXP 	distr: autoDraw = True
38.4623 	EXP 	distr: autoDraw = True
38.4623 	EXP 	distr: autoDraw = True
38.4623 	EXP 	distr: autoDraw = True
38.4623 	EXP 	fixation: autoDraw = True
38.4623 	EXP 	target: autoDraw = True
38.6654 	DATA 	Mouse:  Left button up, pos=(865,566)
39.4628 	EXP 	fixation: autoDraw = False
39.6639 	DATA 	Mouse: Left button down, pos=(492,464)
39.6646 	EXP 	New trial (rep=28, index=0): <Trial 28 (0 in rep 28) data={'thisN': 28, 'thisTrialN': 0, 'thisRepN': 28}>
39.6670 	EXP 	Created distr = TextStim(__class__=<class 'psychopy.visual.text.TextStim'>, alignHoriz=method-wrapper(...), alignText='center', alignVert=method-wrapper(...), anchorHoriz='center', anchorVert='center', antialias=True, autoDraw=False, autoLog=True, bold=False, color=array([1., 1., 1.]), colorSpace='rgb', contrast=1.0, depth=0, draggable=False, flipHoriz=False, flipVert=False, font='Open Sans', fontFiles=[], height=np.float64(0.1), italic=False, languageStyle='LTR', name='distr', opacity=1.0, ori=256, pos=array([ 0.22023011, -0.04396416]), rgb=UNKNOWN, text='L', units='height', win=Window(...), wrapWidth=1)
39.6684 	EXP 	Created distr = TextStim(__class__=<class 'psychopy.visual.text.TextStim'>, alignHoriz=method-wrapper(...), alignText='center', alignVert=method-wrapper(...), anchorHoriz='center', anchorVert='center', antialias=True, autoDraw=False, autoLog=True, bold=False, color=array([1., 1., 1.]), colorSpace='rgb', contrast=1.0, depth=0, draggable=False, flipHoriz=False, flipVert=False, font='Open Sans', fontFiles=[], height=np.float64(0.1), italic=False, languageStyle='LTR', name='distr', opacity=1.0, ori=237, pos=array([-0.33946896,  0.33438136]), rgb=UNKNOWN, text='L', units='height', win=Window(...), wrapWidth=1)
39.6698 	EXP 	Created distr = TextStim(__class__=<class 'psychopy.visual.text.TextStim'>, alignHoriz=method-wrapper(...), alignText='center', alignVert=method-wrapper(...), anchorHoriz='center', anchorVert='center', antialias=True, autoDraw=False, autoLog=True, bold=False, color=array([1., 1., 1.]), colorSpace='rgb', contrast=1.0, depth=0, draggable=False, flipHoriz=False, flipVert=False, font='Open Sans', fontFiles=[], height=np.float64(0.1), italic=False, languageStyle='LTR', name='distr', opacity=1.0, ori=297, pos=array([-0.09495596,  0.06756447]), rgb=UNKNOWN, text='L', units='height', win=Window(...), wrapWidth=1)
39.6711 	EXP 	Created distr = TextStim(__class__=<class 'psychopy.visual.text.TextStim'>, alignHoriz=method-wrapper(...), alignText='center', alignVert=method-wrapper(...), anchorHoriz='center', anchorVert='center', antialias=True, autoDraw=False, autoLog=True, bold=False, color=array([1., 1., 1.]), colorSpace='rgb', contrast=1.0, depth=0, draggable=False, flipHoriz=False, flipVert=False, font='Open Sans', fontFiles=[], height=np.float64(0.1), italic=False, languageStyle='LTR', name='distr', opacity=1.0, ori=60, pos=array([-0.03493525,  0.14767379]), rgb=UNKNOWN, text='L', units='height', win=Window(...), wrapWidth=1)
39.6724 	EXP 	Created distr = TextStim(__class__=<class 'psychopy.visual.text.TextStim'>, alignHoriz=method-wrapper(...), alignText='center', alignVert=method-wrapper(...), anchorHoriz='center', anchorVert='center', antialias=True, autoDraw=False, autoLog=True, bold=False, color=array([1., 1., 1.]), colorSpace='rgb', contrast=1.0, depth=0, draggable=False, flipHoriz=False, flipVert=False, font='Open Sans', fontFiles=[], height=np.float64(0.1), italic=False, languageStyle='LTR', name='distr', opacity=1.0, ori=167, pos=array([ 0.2737937 , -0.42022514]), rgb=UNKNOWN, text='L', units='height', win=Window(...), wrapWidth=1)
39.6950 	EXP 	fixation: autoDraw = False
39.6950 	EXP 	target: autoDraw = False
39.6950 	EXP 	distr: autoDraw = False
39.6950 	EXP 	distr: autoDraw = False
39.6950 	EXP 	distr: autoDraw = False
39.6950 	EXP 	distr: autoDraw = False
39.6950 	EXP 	distr: autoDraw = False
39.6950 	EXP 	distr: autoDraw = False
39.6950 	EXP 	distr: autoDraw = False
39.6950 	EXP 	distr: autoDraw = False
39.6950 	EXP 	distr: autoDraw = False
39.6950 	EXP 	distr: autoDraw = False
39.6950 	EXP 	distr: autoDraw = True
39.6950 	EXP 	distr: autoDraw = True
39.6950 	EXP 	distr: autoDraw = True
39.6950 	EXP 	distr: autoDraw = True
39.6950 	EXP 	distr: autoDraw = True
39.6950 	EXP 	fixation: autoDraw = True
39.6950 	EXP 	target: autoDraw = True
39.8818 	DATA 	Mouse:  Left button up, pos=(492,464)
40.6950 	EXP 	fixation: autoDraw = False
40.8138 	DATA 	Mouse: Left button down, pos=(834,464)
40.8297 	EXP 	New trial (rep=29, index=0): <Trial 29 (0 in rep 29) data={'thisN': 29, 'thisTrialN': 0, 'thisRepN': 29}>
40.8328 	EXP 	Created distr = TextStim(__class__=<class 'psychopy.visual.text.TextStim'>, alignHoriz=method-wrapper(...), alignText='center', alignVert=method-wrapper(...), anchorHoriz='center', anchorVert='center', antialias=True, autoDraw=False, autoLog=True, bold=False, color=array([1., 1., 1.]), colorSpace='rgb', contrast=1.0, depth=0, draggable=False, flipHoriz=False, flipVert=False, font='Open Sans', fontFiles=[], height=np.float64(0.1), italic=False, languageStyle='LTR', name='distr', opacity=1.0, ori=42, pos=array([-0.04664677, -0.3389979 ]), rgb=UNKNOWN, text='L', units='height', win=Window(...), wrapWidth=1)
40.8348 	EXP 	Created distr = TextStim(__class__=<class 'psychopy.visual.text.TextStim'>, alignHoriz=method-wrapper(...), alignText='center', alignVert=method-wrapper(...), anchorHoriz='center', anchorVert='center', antialias=True, autoDraw=False, autoLog=True, bold=False, color=array([1., 1., 1.]), colorSpace='rgb', contrast=1.0, depth=0, draggable=False, flipHoriz=False, flipVert=False, font='Open Sans', fontFiles=[], height=np.float64(0.1), italic=False, languageStyle='LTR', name='distr', opacity=1.0, ori=40, pos=array([-0.35286516, -0.18865437]), rgb=UNKNOWN, text='L', units='height', win=Window(...), wrapWidth=1)
40.8363 	EXP 	Created distr = TextStim(__class__=<class 'psychopy.visual.text.TextStim'>, alignHoriz=method-wrapper(...), alignText='center', alignVert=method-wrapper(...), anchorHoriz='center', anchorVert='center', antialias=True, autoDraw=False, autoLog=True, bold=False, color=array([1., 1., 1.]), colorSpace='rgb', contrast=1.0, depth=0, draggable=False, flipHoriz=False, flipVert=False, font='Open Sans', fontFiles=[], height=np.float64(0.1), italic=False, languageStyle='LTR', name='distr', opacity=1.0, ori=38, pos=array([0.49377017, 0.13055348]), rgb=UNKNOWN, text='L', units='height', win=Window(...), wrapWidth=1)
40.8376 	EXP 	Created distr = TextStim(__class__=<class 'psychopy.visual.text.TextStim'>, alignHoriz=method-wrapper(...), alignText='center', alignVert=method-wrapper(...), anchorHoriz='center', anchorVert='center', antialias=True, autoDraw=False, autoLog=True, bold=False, color=array([1., 1., 1.]), colorSpace='rgb', contrast=1.0, depth=0, draggable=False, flipHoriz=False, flipVert=False, font='Open Sans', fontFiles=[], height=np.float64(0.1), italic=False, languageStyle='LTR', name='distr', opacity=1.0, ori=283, pos=array([-0.36587759,  0.46695032]), rgb=UNKNOWN, text='L', units='height', win=Window(...), wrapWidth=1)
40.8390 	EXP 	Created distr = TextStim(__class__=<class 'psychopy.visual.text.TextStim'>, alignHoriz=method-wrapper(...), alignText='center', alignVert=method-wrapper(...), anchorHoriz='center', anchorVert='center', antialias=True, autoDraw=False, autoLog=True, bold=False, color=array([1., 1., 1.]), colorSpace='rgb', contrast=1.0, depth=0, draggable=False, flipHoriz=False, flipVert=False, font='Open Sans', fontFiles=[], height=np.float64(0.1), italic=False, languageStyle='LTR', name='distr', opacity=1.0, ori=223, pos=array([ 0.16427825, -0.46079549]), rgb=UNKNOWN, text='L', units='height', win=Window(...), wrapWidth=1)
40.8607 	EXP 	fixation: autoDraw = False
40.8607 	EXP 	target: autoDraw = False
40.8607 	EXP 	distr: autoDraw = False
40.8607 	EXP 	distr: autoDraw = False
40.8607 	EXP 	distr: autoDraw = False
40.8607 	EXP 	distr: autoDraw = False
40.8607 	EXP 	distr: autoDraw = False
40.8607 	EXP 	distr: autoDraw = True
40.8607 	EXP 	distr: autoDraw = True
40.8607 	EXP 	distr: autoDraw = True
40.8607 	EXP 	distr: autoDraw = True
40.8607 	EXP 	distr: autoDraw = True
40.8607 	EXP 	fixation: autoDraw = True
40.8607 	EXP 	target: autoDraw = True
41.0456 	DATA 	Mouse:  Left button up, pos=(834,464)
41.8608 	EXP 	fixation: autoDraw = False
41.9950 	DATA 	Mouse: Left button down, pos=(582,342)
41.9958 	EXP 	New trial (rep=30, index=0): <Trial 30 (0 in rep 30) data={'thisN': 30, 'thisTrialN': 0, 'thisRepN': 30}>
41.9983 	EXP 	Created distr = TextStim(__class__=<class 'psychopy.visual.text.TextStim'>, alignHoriz=method-wrapper(...), alignText='center', alignVert=method-wrapper(...), anchorHoriz='center', anchorVert='center', antialias=True, autoDraw=False, autoLog=True, bold=False, color=array([1., 1., 1.]), colorSpace='rgb', contrast=1.0, depth=0, draggable=False, flipHoriz=False, flipVert=False, font='Open Sans', fontFiles=[], height=np.float64(0.1), italic=False, languageStyle='LTR', name='distr', opacity=1.0, ori=248, pos=array([-0.06559977,  0.20110333]), rgb=UNKNOWN, text='L', units='height', win=Window(...), wrapWidth=1)
41.9999 	EXP 	Created distr = TextStim(__class__=<class 'psychopy.visual.text.TextStim'>, alignHoriz=method-wrapper(...), alignText='center', alignVert=method-wrapper(...), anchorHoriz='center', anchorVert='center', antialias=True, autoDraw=False, autoLog=True, bold=False, color=array([1., 1., 1.]), colorSpace='rgb', contrast=1.0, depth=0, draggable=False, flipHoriz=False, flipVert=False, font='Open Sans', fontFiles=[], height=np.float64(0.1), italic=False, languageStyle='LTR', name='distr', opacity=1.0, ori=329, pos=array([-0.20597339, -0.41323985]), rgb=UNKNOWN, text='L', units='height', win=Window(...), wrapWidth=1)
42.0013 	EXP 	Created distr = TextStim(__class__=<class 'psychopy.visual.text.TextStim'>, alignHoriz=method-wrapper(...), alignText='center', alignVert=method-wrapper(...), anchorHoriz='center', anchorVert='center', antialias=True, autoDraw=False, autoLog=True, bold=False, color=array([1., 1., 1.]), colorSpace='rgb', contrast=1.0, depth=0, draggable=False, flipHoriz=False, flipVert=False, font='Open Sans', fontFiles=[], height=np.float64(0.1), italic=False, languageStyle='LTR', name='distr', opacity=1.0, ori=2, pos=array([-0.43657813,  0.47857134]), rgb=UNKNOWN, text='L', units='height', win=Window(...), wrapWidth=1)
42.0027 	EXP 	Created distr = TextStim(__class__=<class 'psychopy.visual.text.TextStim'>, alignHoriz=method-wrapper(...), alignText='center', alignVert=method-wrapper(...), anchorHoriz='center', anchorVert='center', antialias=True, autoDraw=False, autoLog=True, bold=False, color=array([1., 1., 1.]), colorSpace='rgb', contrast=1.0, depth=0, draggable=False, flipHoriz=False, flipVert=False, font='Open Sans', fontFiles=[], height=np.float64(0.1), italic=False, languageStyle='LTR', name='distr', opacity=1.0, ori=61, pos=array([ 0.33107332, -0.09130823]), rgb=UNKNOWN, text='L', units='height', win=Window(...), wrapWidth=1)
42.0040 	EXP 	Created distr = TextStim(__class__=<class 'psychopy.visual.text.TextStim'>, alignHoriz=method-wrapper(...), alignText='center', alignVert=method-wrapper(...), anchorHoriz='center', anchorVert='center', antialias=True, autoDraw=False, autoLog=True, bold=False, color=array([1., 1., 1.]), colorSpace='rgb', contrast=1.0, depth=0, draggable=False, flipHoriz=False, flipVert=False, font='Open Sans', fontFiles=[], height=np.float64(0.1), italic=False, languageStyle='LTR', name='distr', opacity=1.0, ori=26, pos=array([ 0.09773645, -0.49085421]), rgb=UNKNOWN, text='L', units='height', win=Window(...), wrapWidth=1)
42.0265 	EXP 	fixation: autoDraw = False
42.0265 	EXP 	target: autoDraw = False
42.0265 	EXP 	distr: autoDraw = False
42.0265 	EXP 	distr: autoDraw = False
42.0265 	EXP 	distr: autoDraw = False
42.0265 	EXP 	distr: autoDraw = False
42.0265 	EXP 	distr: autoDraw = False
42.0265 	EXP 	distr: autoDraw = True
42.0265 	EXP 	distr: autoDraw = True
42.0265 	EXP 	distr: autoDraw = True
42.0265 	EXP 	distr: autoDraw = True
42.0265 	EXP 	distr: autoDraw = True
42.0265 	EXP 	fixation: autoDraw = True
42.0265 	EXP 	target: autoDraw = True
42.2133 	DATA 	Mouse:  Left button up, pos=(582,342)
43.0264 	EXP 	fixation: autoDraw = False
43.0602 	DATA 	Mouse: Left button down, pos=(720,457)
43.0610 	EXP 	New trial (rep=31, index=0): <Trial 31 (0 in rep 31) data={'thisN': 31, 'thisTrialN': 0, 'thisRepN': 31}>
43.0633 	EXP 	Created distr = TextStim(__class__=<class 'psychopy.visual.text.TextStim'>, alignHoriz=method-wrapper(...), alignText='center', alignVert=method-wrapper(...), anchorHoriz='center', anchorVert='center', antialias=True, autoDraw=False, autoLog=True, bold=False, color=array([1., 1., 1.]), colorSpace='rgb', contrast=1.0, depth=0, draggable=False, flipHoriz=False, flipVert=False, font='Open Sans', fontFiles=[], height=np.float64(0.1), italic=False, languageStyle='LTR', name='distr', opacity=1.0, ori=336, pos=array([-0.40400379,  0.33263419]), rgb=UNKNOWN, text='L', units='height', win=Window(...), wrapWidth=1)
43.0649 	EXP 	Created distr = TextStim(__class__=<class 'psychopy.visual.text.TextStim'>, alignHoriz=method-wrapper(...), alignText='center', alignVert=method-wrapper(...), anchorHoriz='center', anchorVert='center', antialias=True, autoDraw=False, autoLog=True, bold=False, color=array([1., 1., 1.]), colorSpace='rgb', contrast=1.0, depth=0, draggable=False, flipHoriz=False, flipVert=False, font='Open Sans', fontFiles=[], height=np.float64(0.1), italic=False, languageStyle='LTR', name='distr', opacity=1.0, ori=118, pos=array([-0.01834787, -0.15553263]), rgb=UNKNOWN, text='L', units='height', win=Window(...), wrapWidth=1)
43.0665 	EXP 	Created distr = TextStim(__class__=<class 'psychopy.visual.text.TextStim'>, alignHoriz=method-wrapper(...), alignText='center', alignVert=method-wrapper(...), anchorHoriz='center', anchorVert='center', antialias=True, autoDraw=False, autoLog=True, bold=False, color=array([1., 1., 1.]), colorSpace='rgb', contrast=1.0, depth=0, draggable=False, flipHoriz=False, flipVert=False, font='Open Sans', fontFiles=[], height=np.float64(0.1), italic=False, languageStyle='LTR', name='distr', opacity=1.0, ori=22, pos=array([-0.13404767,  0.39136198]), rgb=UNKNOWN, text='L', units='height', win=Window(...), wrapWidth=1)
43.0679 	EXP 	Created distr = TextStim(__class__=<class 'psychopy.visual.text.TextStim'>, alignHoriz=method-wrapper(...), alignText='center', alignVert=method-wrapper(...), anchorHoriz='center', anchorVert='center', antialias=True, autoDraw=False, autoLog=True, bold=False, color=array([1., 1., 1.]), colorSpace='rgb', contrast=1.0, depth=0, draggable=False, flipHoriz=False, flipVert=False, font='Open Sans', fontFiles=[], height=np.float64(0.1), italic=False, languageStyle='LTR', name='distr', opacity=1.0, ori=3, pos=array([ 0.15407173, -0.06246182]), rgb=UNKNOWN, text='L', units='height', win=Window(...), wrapWidth=1)
43.0692 	EXP 	Created distr = TextStim(__class__=<class 'psychopy.visual.text.TextStim'>, alignHoriz=method-wrapper(...), alignText='center', alignVert=method-wrapper(...), anchorHoriz='center', anchorVert='center', antialias=True, autoDraw=False, autoLog=True, bold=False, color=array([1., 1., 1.]), colorSpace='rgb', contrast=1.0, depth=0, draggable=False, flipHoriz=False, flipVert=False, font='Open Sans', fontFiles=[], height=np.float64(0.1), italic=False, languageStyle='LTR', name='distr', opacity=1.0, ori=28, pos=array([-0.15802896,  0.20272015]), rgb=UNKNOWN, text='L', units='height', win=Window(...), wrapWidth=1)
43.0922 	EXP 	fixation: autoDraw = False
43.0922 	EXP 	target: autoDraw = False
43.0922 	EXP 	distr: autoDraw = False
43.0922 	EXP 	distr: autoDraw = False
43.0922 	EXP 	distr: autoDraw = False
43.0922 	EXP 	distr: autoDraw = False
43.0922 	EXP 	distr: autoDraw = False
43.0922 	EXP 	distr: autoDraw = True
43.0922 	EXP 	distr: autoDraw = True
43.0922 	EXP 	distr: autoDraw = True
43.0922 	EXP 	distr: autoDraw = True
43.0922 	EXP 	distr: autoDraw = True
43.0922 	EXP 	fixation: autoDraw = True
43.0922 	EXP 	target: autoDraw = True
43.2945 	DATA 	Mouse:  Left button up, pos=(720,457)
44.0920 	EXP 	fixation: autoDraw = False
44.2595 	DATA 	Mouse: Left button down, pos=(380,347)
44.2604 	EXP 	New trial (rep=32, index=0): <Trial 32 (0 in rep 32) data={'thisN': 32, 'thisTrialN': 0, 'thisRepN': 32}>
44.2634 	EXP 	Created distr = TextStim(__class__=<class 'psychopy.visual.text.TextStim'>, alignHoriz=method-wrapper(...), alignText='center', alignVert=method-wrapper(...), anchorHoriz='center', anchorVert='center', antialias=True, autoDraw=False, autoLog=True, bold=False, color=array([1., 1., 1.]), colorSpace='rgb', contrast=1.0, depth=0, draggable=False, flipHoriz=False, flipVert=False, font='Open Sans', fontFiles=[], height=np.float64(0.1), italic=False, languageStyle='LTR', name='distr', opacity=1.0, ori=59, pos=array([ 0.12836379, -0.45601376]), rgb=UNKNOWN, text='L', units='height', win=Window(...), wrapWidth=1)
44.2650 	EXP 	Created distr = TextStim(__class__=<class 'psychopy.visual.text.TextStim'>, alignHoriz=method-wrapper(...), alignText='center', alignVert=method-wrapper(...), anchorHoriz='center', anchorVert='center', antialias=True, autoDraw=False, autoLog=True, bold=False, color=array([1., 1., 1.]), colorSpace='rgb', contrast=1.0, depth=0, draggable=False, flipHoriz=False, flipVert=False, font='Open Sans', fontFiles=[], height=np.float64(0.1), italic=False, languageStyle='LTR', name='distr', opacity=1.0, ori=193, pos=array([-0.20627682, -0.09057054]), rgb=UNKNOWN, text='L', units='height', win=Window(...), wrapWidth=1)
44.2664 	EXP 	Created distr = TextStim(__class__=<class 'psychopy.visual.text.TextStim'>, alignHoriz=method-wrapper(...), alignText='center', alignVert=method-wrapper(...), anchorHoriz='center', anchorVert='center', antialias=True, autoDraw=False, autoLog=True, bold=False, color=array([1., 1., 1.]), colorSpace='rgb', contrast=1.0, depth=0, draggable=False, flipHoriz=False, flipVert=False, font='Open Sans', fontFiles=[], height=np.float64(0.1), italic=False, languageStyle='LTR', name='distr', opacity=1.0, ori=132, pos=array([0.28986473, 0.34413677]), rgb=UNKNOWN, text='L', units='height', win=Window(...), wrapWidth=1)
44.2678 	EXP 	Created distr = TextStim(__class__=<class 'psychopy.visual.text.TextStim'>, alignHoriz=method-wrapper(...), alignText='center', alignVert=method-wrapper(...), anchorHoriz='center', anchorVert='center', antialias=True, autoDraw=False, autoLog=True, bold=False, color=array([1., 1., 1.]), colorSpace='rgb', contrast=1.0, depth=0, draggable=False, flipHoriz=False, flipVert=False, font='Open Sans', fontFiles=[], height=np.float64(0.1), italic=False, languageStyle='LTR', name='distr', opacity=1.0, ori=25, pos=array([0.11230274, 0.30944914]), rgb=UNKNOWN, text='L', units='height', win=Window(...), wrapWidth=1)
44.2691 	EXP 	Created distr = TextStim(__class__=<class 'psychopy.visual.text.TextStim'>, alignHoriz=method-wrapper(...), alignText='center', alignVert=method-wrapper(...), anchorHoriz='center', anchorVert='center', antialias=True, autoDraw=False, autoLog=True, bold=False, color=array([1., 1., 1.]), colorSpace='rgb', contrast=1.0, depth=0, draggable=False, flipHoriz=False, flipVert=False, font='Open Sans', fontFiles=[], height=np.float64(0.1), italic=False, languageStyle='LTR', name='distr', opacity=1.0, ori=345, pos=array([-0.47661586, -0.00840703]), rgb=UNKNOWN, text='L', units='height', win=Window(...), wrapWidth=1)
44.2706 	EXP 	Created distr = TextStim(__class__=<class 'psychopy.visual.text.TextStim'>, alignHoriz=method-wrapper(...), alignText='center', alignVert=method-wrapper(...), anchorHoriz='center', anchorVert='center', antialias=True, autoDraw=False, autoLog=True, bold=False, color=array([1., 1., 1.]), colorSpace='rgb', contrast=1.0, depth=0, draggable=False, flipHoriz=False, flipVert=False, font='Open Sans', fontFiles=[], height=np.float64(0.1), italic=False, languageStyle='LTR', name='distr', opacity=1.0, ori=274, pos=array([ 0.48707266, -0.40183665]), rgb=UNKNOWN, text='L', units='height', win=Window(...), wrapWidth=1)
44.2719 	EXP 	Created distr = TextStim(__class__=<class 'psychopy.visual.text.TextStim'>, alignHoriz=method-wrapper(...), alignText='center', alignVert=method-wrapper(...), anchorHoriz='center', anchorVert='center', antialias=True, autoDraw=False, autoLog=True, bold=False, color=array([1., 1., 1.]), colorSpace='rgb', contrast=1.0, depth=0, draggable=False, flipHoriz=False, flipVert=False, font='Open Sans', fontFiles=[], height=np.float64(0.1), italic=False, languageStyle='LTR', name='distr', opacity=1.0, ori=37, pos=array([-0.28270364,  0.26873805]), rgb=UNKNOWN, text='L', units='height', win=Window(...), wrapWidth=1)
44.2741 	EXP 	Created distr = TextStim(__class__=<class 'psychopy.visual.text.TextStim'>, alignHoriz=method-wrapper(...), alignText='center', alignVert=method-wrapper(...), anchorHoriz='center', anchorVert='center', antialias=True, autoDraw=False, autoLog=True, bold=False, color=array([1., 1., 1.]), colorSpace='rgb', contrast=1.0, depth=0, draggable=False, flipHoriz=False, flipVert=False, font='Open Sans', fontFiles=[], height=np.float64(0.1), italic=False, languageStyle='LTR', name='distr', opacity=1.0, ori=208, pos=array([ 0.24440703, -0.40452012]), rgb=UNKNOWN, text='L', units='height', win=Window(...), wrapWidth=1)
44.2758 	EXP 	Created distr = TextStim(__class__=<class 'psychopy.visual.text.TextStim'>, alignHoriz=method-wrapper(...), alignText='center', alignVert=method-wrapper(...), anchorHoriz='center', anchorVert='center', antialias=True, autoDraw=False, autoLog=True, bold=False, color=array([1., 1., 1.]), colorSpace='rgb', contrast=1.0, depth=0, draggable=False, flipHoriz=False, flipVert=False, font='Open Sans', fontFiles=[], height=np.float64(0.1), italic=False, languageStyle='LTR', name='distr', opacity=1.0, ori=155, pos=array([0.02453298, 0.31322786]), rgb=UNKNOWN, text='L', units='height', win=Window(...), wrapWidth=1)
44.2772 	EXP 	Created distr = TextStim(__class__=<class 'psychopy.visual.text.TextStim'>, alignHoriz=method-wrapper(...), alignText='center', alignVert=method-wrapper(...), anchorHoriz='center', anchorVert='center', antialias=True, autoDraw=False, autoLog=True, bold=False, color=array([1., 1., 1.]), colorSpace='rgb', contrast=1.0, depth=0, draggable=False, flipHoriz=False, flipVert=False, font='Open Sans', fontFiles=[], height=np.float64(0.1), italic=False, languageStyle='LTR', name='distr', opacity=1.0, ori=188, pos=array([-0.32977153,  0.1223854 ]), rgb=UNKNOWN, text='L', units='height', win=Window(...), wrapWidth=1)
44.2912 	EXP 	fixation: autoDraw = False
44.2912 	EXP 	target: autoDraw = False
44.2912 	EXP 	distr: autoDraw = False
44.2912 	EXP 	distr: autoDraw = False
44.2912 	EXP 	distr: autoDraw = False
44.2912 	EXP 	distr: autoDraw = False
44.2912 	EXP 	distr: autoDraw = False
44.2912 	EXP 	distr: autoDraw = True
44.2912 	EXP 	distr: autoDraw = True
44.2912 	EXP 	distr: autoDraw = True
44.2912 	EXP 	distr: autoDraw = True
44.2912 	EXP 	distr: autoDraw = True
44.2912 	EXP 	distr: autoDraw = True
44.2912 	EXP 	distr: autoDraw = True
44.2912 	EXP 	distr: autoDraw = True
44.2912 	EXP 	distr: autoDraw = True
44.2912 	EXP 	distr: autoDraw = True
44.2912 	EXP 	fixation: autoDraw = True
44.2912 	EXP 	target: autoDraw = True
44.4763 	DATA 	Mouse:  Left button up, pos=(380,347)
45.2913 	EXP 	fixation: autoDraw = False
45.5443 	DATA 	Mouse: Left button down, pos=(462,633)
45.5586 	EXP 	New trial (rep=33, index=0): <Trial 33 (0 in rep 33) data={'thisN': 33, 'thisTrialN': 0, 'thisRepN': 33}>
45.5607 	EXP 	Created distr = TextStim(__class__=<class 'psychopy.visual.text.TextStim'>, alignHoriz=method-wrapper(...), alignText='center', alignVert=method-wrapper(...), anchorHoriz='center', anchorVert='center', antialias=True, autoDraw=False, autoLog=True, bold=False, color=array([1., 1., 1.]), colorSpace='rgb', contrast=1.0, depth=0, draggable=False, flipHoriz=False, flipVert=False, font='Open Sans', fontFiles=[], height=np.float64(0.1), italic=False, languageStyle='LTR', name='distr', opacity=1.0, ori=89, pos=array([0.48438146, 0.28289718]), rgb=UNKNOWN, text='L', units='height', win=Window(...), wrapWidth=1)
45.5622 	EXP 	Created distr = TextStim(__class__=<class 'psychopy.visual.text.TextStim'>, alignHoriz=method-wrapper(...), alignText='center', alignVert=method-wrapper(...), anchorHoriz='center', anchorVert='center', antialias=True, autoDraw=False, autoLog=True, bold=False, color=array([1., 1., 1.]), colorSpace='rgb', contrast=1.0, depth=0, draggable=False, flipHoriz=False, flipVert=False, font='Open Sans', fontFiles=[], height=np.float64(0.1), italic=False, languageStyle='LTR', name='distr', opacity=1.0, ori=253, pos=array([0.00225072, 0.16436221]), rgb=UNKNOWN, text='L', units='height', win=Window(...), wrapWidth=1)
45.5637 	EXP 	Created distr = TextStim(__class__=<class 'psychopy.visual.text.TextStim'>, alignHoriz=method-wrapper(...), alignText='center', alignVert=method-wrapper(...), anchorHoriz='center', anchorVert='center', antialias=True, autoDraw=False, autoLog=True, bold=False, color=array([1., 1., 1.]), colorSpace='rgb', contrast=1.0, depth=0, draggable=False, flipHoriz=False, flipVert=False, font='Open Sans', fontFiles=[], height=np.float64(0.1), italic=False, languageStyle='LTR', name='distr', opacity=1.0, ori=320, pos=array([ 0.03236189, -0.32921063]), rgb=UNKNOWN, text='L', units='height', win=Window(...), wrapWidth=1)
45.5650 	EXP 	Created distr = TextStim(__class__=<class 'psychopy.visual.text.TextStim'>, alignHoriz=method-wrapper(...), alignText='center', alignVert=method-wrapper(...), anchorHoriz='center', anchorVert='center', antialias=True, autoDraw=False, autoLog=True, bold=False, color=array([1., 1., 1.]), colorSpace='rgb', contrast=1.0, depth=0, draggable=False, flipHoriz=False, flipVert=False, font='Open Sans', fontFiles=[], height=np.float64(0.1), italic=False, languageStyle='LTR', name='distr', opacity=1.0, ori=156, pos=array([-0.26581224, -0.12603054]), rgb=UNKNOWN, text='L', units='height', win=Window(...), wrapWidth=1)
45.5664 	EXP 	Created distr = TextStim(__class__=<class 'psychopy.visual.text.TextStim'>, alignHoriz=method-wrapper(...), alignText='center', alignVert=method-wrapper(...), anchorHoriz='center', anchorVert='center', antialias=True, autoDraw=False, autoLog=True, bold=False, color=array([1., 1., 1.]), colorSpace='rgb', contrast=1.0, depth=0, draggable=False, flipHoriz=False, flipVert=False, font='Open Sans', fontFiles=[], height=np.float64(0.1), italic=False, languageStyle='LTR', name='distr', opacity=1.0, ori=86, pos=array([0.25955267, 0.11537644]), rgb=UNKNOWN, text='L', units='height', win=Window(...), wrapWidth=1)
45.5739 	EXP 	fixation: autoDraw = False
45.5739 	EXP 	target: autoDraw = False
45.5739 	EXP 	distr: autoDraw = False
45.5739 	EXP 	distr: autoDraw = False
45.5739 	EXP 	distr: autoDraw = False
45.5739 	EXP 	distr: autoDraw = False
45.5739 	EXP 	distr: autoDraw = False
45.5739 	EXP 	distr: autoDraw = False
45.5739 	EXP 	distr: autoDraw = False
45.5739 	EXP 	distr: autoDraw = False
45.5739 	EXP 	distr: autoDraw = False
45.5739 	EXP 	distr: autoDraw = False
45.5739 	EXP 	distr: autoDraw = True
45.5739 	EXP 	distr: autoDraw = True
45.5739 	EXP 	distr: autoDraw = True
45.5739 	EXP 	distr: autoDraw = True
45.5739 	EXP 	distr: autoDraw = True
45.5739 	EXP 	fixation: autoDraw = True
45.5739 	EXP 	target: autoDraw = True
45.7612 	DATA 	Mouse:  Left button up, pos=(462,633)
46.5733 	EXP 	fixation: autoDraw = False
47.0410 	DATA 	Mouse: Left button down, pos=(863,327)
47.0419 	EXP 	New trial (rep=34, index=0): <Trial 34 (0 in rep 34) data={'thisN': 34, 'thisTrialN': 0, 'thisRepN': 34}>
47.0444 	EXP 	Created distr = TextStim(__class__=<class 'psychopy.visual.text.TextStim'>, alignHoriz=method-wrapper(...), alignText='center', alignVert=method-wrapper(...), anchorHoriz='center', anchorVert='center', antialias=True, autoDraw=False, autoLog=True, bold=False, color=array([1., 1., 1.]), colorSpace='rgb', contrast=1.0, depth=0, draggable=False, flipHoriz=False, flipVert=False, font='Open Sans', fontFiles=[], height=np.float64(0.1), italic=False, languageStyle='LTR', name='distr', opacity=1.0, ori=252, pos=array([-0.49449889,  0.21284329]), rgb=UNKNOWN, text='L', units='height', win=Window(...), wrapWidth=1)
47.0458 	EXP 	Created distr = TextStim(__class__=<class 'psychopy.visual.text.TextStim'>, alignHoriz=method-wrapper(...), alignText='center', alignVert=method-wrapper(...), anchorHoriz='center', anchorVert='center', antialias=True, autoDraw=False, autoLog=True, bold=False, color=array([1., 1., 1.]), colorSpace='rgb', contrast=1.0, depth=0, draggable=False, flipHoriz=False, flipVert=False, font='Open Sans', fontFiles=[], height=np.float64(0.1), italic=False, languageStyle='LTR', name='distr', opacity=1.0, ori=345, pos=array([-0.20021199, -0.39200445]), rgb=UNKNOWN, text='L', units='height', win=Window(...), wrapWidth=1)
47.0472 	EXP 	Created distr = TextStim(__class__=<class 'psychopy.visual.text.TextStim'>, alignHoriz=method-wrapper(...), alignText='center', alignVert=method-wrapper(...), anchorHoriz='center', anchorVert='center', antialias=True, autoDraw=False, autoLog=True, bold=False, color=array([1., 1., 1.]), colorSpace='rgb', contrast=1.0, depth=0, draggable=False, flipHoriz=False, flipVert=False, font='Open Sans', fontFiles=[], height=np.float64(0.1), italic=False, languageStyle='LTR', name='distr', opacity=1.0, ori=220, pos=array([-0.15894178,  0.25776928]), rgb=UNKNOWN, text='L', units='height', win=Window(...), wrapWidth=1)
47.0485 	EXP 	Created distr = TextStim(__class__=<class 'psychopy.visual.text.TextStim'>, alignHoriz=method-wrapper(...), alignText='center', alignVert=method-wrapper(...), anchorHoriz='center', anchorVert='center', antialias=True, autoDraw=False, autoLog=True, bold=False, color=array([1., 1., 1.]), colorSpace='rgb', contrast=1.0, depth=0, draggable=False, flipHoriz=False, flipVert=False, font='Open Sans', fontFiles=[], height=np.float64(0.1), italic=False, languageStyle='LTR', name='distr', opacity=1.0, ori=9, pos=array([-0.15935626, -0.35036882]), rgb=UNKNOWN, text='L', units='height', win=Window(...), wrapWidth=1)
47.0499 	EXP 	Created distr = TextStim(__class__=<class 'psychopy.visual.text.TextStim'>, alignHoriz=method-wrapper(...), alignText='center', alignVert=method-wrapper(...), anchorHoriz='center', anchorVert='center', antialias=True, autoDraw=False, autoLog=True, bold=False, color=array([1., 1., 1.]), colorSpace='rgb', contrast=1.0, depth=0, draggable=False, flipHoriz=False, flipVert=False, font='Open Sans', fontFiles=[], height=np.float64(0.1), italic=False, languageStyle='LTR', name='distr', opacity=1.0, ori=240, pos=array([-0.16140327,  0.38642359]), rgb=UNKNOWN, text='L', units='height', win=Window(...), wrapWidth=1)
47.0718 	EXP 	fixation: autoDraw = False
47.0718 	EXP 	target: autoDraw = False
47.0718 	EXP 	distr: autoDraw = False
47.0718 	EXP 	distr: autoDraw = False
47.0718 	EXP 	distr: autoDraw = False
47.0718 	EXP 	distr: autoDraw = False
47.0718 	EXP 	distr: autoDraw = False
47.0718 	EXP 	distr: autoDraw = True
47.0718 	EXP 	distr: autoDraw = True
47.0718 	EXP 	distr: autoDraw = True
47.0718 	EXP 	distr: autoDraw = True
47.0718 	EXP 	distr: autoDraw = True
47.0718 	EXP 	fixation: autoDraw = True
47.0718 	EXP 	target: autoDraw = True
47.2585 	DATA 	Mouse:  Left button up, pos=(863,327)
48.0722 	EXP 	fixation: autoDraw = False
48.3728 	DATA 	Mouse: Left button down, pos=(587,585)
48.3736 	EXP 	New trial (rep=35, index=0): <Trial 35 (0 in rep 35) data={'thisN': 35, 'thisTrialN': 0, 'thisRepN': 35}>
48.3761 	EXP 	Created distr = TextStim(__class__=<class 'psychopy.visual.text.TextStim'>, alignHoriz=method-wrapper(...), alignText='center', alignVert=method-wrapper(...), anchorHoriz='center', anchorVert='center', antialias=True, autoDraw=False, autoLog=True, bold=False, color=array([1., 1., 1.]), colorSpace='rgb', contrast=1.0, depth=0, draggable=False, flipHoriz=False, flipVert=False, font='Open Sans', fontFiles=[], height=np.float64(0.1), italic=False, languageStyle='LTR', name='distr', opacity=1.0, ori=31, pos=array([-0.30507062,  0.41740451]), rgb=UNKNOWN, text='L', units='height', win=Window(...), wrapWidth=1)
48.3776 	EXP 	Created distr = TextStim(__class__=<class 'psychopy.visual.text.TextStim'>, alignHoriz=method-wrapper(...), alignText='center', alignVert=method-wrapper(...), anchorHoriz='center', anchorVert='center', antialias=True, autoDraw=False, autoLog=True, bold=False, color=array([1., 1., 1.]), colorSpace='rgb', contrast=1.0, depth=0, draggable=False, flipHoriz=False, flipVert=False, font='Open Sans', fontFiles=[], height=np.float64(0.1), italic=False, languageStyle='LTR', name='distr', opacity=1.0, ori=231, pos=array([ 0.48132588, -0.09621109]), rgb=UNKNOWN, text='L', units='height', win=Window(...), wrapWidth=1)
48.3791 	EXP 	Created distr = TextStim(__class__=<class 'psychopy.visual.text.TextStim'>, alignHoriz=method-wrapper(...), alignText='center', alignVert=method-wrapper(...), anchorHoriz='center', anchorVert='center', antialias=True, autoDraw=False, autoLog=True, bold=False, color=array([1., 1., 1.]), colorSpace='rgb', contrast=1.0, depth=0, draggable=False, flipHoriz=False, flipVert=False, font='Open Sans', fontFiles=[], height=np.float64(0.1), italic=False, languageStyle='LTR', name='distr', opacity=1.0, ori=35, pos=array([-0.05640813, -0.06578003]), rgb=UNKNOWN, text='L', units='height', win=Window(...), wrapWidth=1)
48.3806 	EXP 	Created distr = TextStim(__class__=<class 'psychopy.visual.text.TextStim'>, alignHoriz=method-wrapper(...), alignText='center', alignVert=method-wrapper(...), anchorHoriz='center', anchorVert='center', antialias=True, autoDraw=False, autoLog=True, bold=False, color=array([1., 1., 1.]), colorSpace='rgb', contrast=1.0, depth=0, draggable=False, flipHoriz=False, flipVert=False, font='Open Sans', fontFiles=[], height=np.float64(0.1), italic=False, languageStyle='LTR', name='distr', opacity=1.0, ori=5, pos=array([-0.34688719, -0.24149315]), rgb=UNKNOWN, text='L', units='height', win=Window(...), wrapWidth=1)
48.3819 	EXP 	Created distr = TextStim(__class__=<class 'psychopy.visual.text.TextStim'>, alignHoriz=method-wrapper(...), alignText='center', alignVert=method-wrapper(...), anchorHoriz='center', anchorVert='center', antialias=True, autoDraw=False, autoLog=True, bold=False, color=array([1., 1., 1.]), colorSpace='rgb', contrast=1.0, depth=0, draggable=False, flipHoriz=False, flipVert=False, font='Open Sans', fontFiles=[], height=np.float64(0.1), italic=False, languageStyle='LTR', name='distr', opacity=1.0, ori=234, pos=array([-0.35582544, -0.01850824]), rgb=UNKNOWN, text='L', units='height', win=Window(...), wrapWidth=1)
48.3834 	EXP 	Created distr = TextStim(__class__=<class 'psychopy.visual.text.TextStim'>, alignHoriz=method-wrapper(...), alignText='center', alignVert=method-wrapper(...), anchorHoriz='center', anchorVert='center', antialias=True, autoDraw=False, autoLog=True, bold=False, color=array([1., 1., 1.]), colorSpace='rgb', contrast=1.0, depth=0, draggable=False, flipHoriz=False, flipVert=False, font='Open Sans', fontFiles=[], height=np.float64(0.1), italic=False, languageStyle='LTR', name='distr', opacity=1.0, ori=139, pos=array([ 0.36574301, -0.08086346]), rgb=UNKNOWN, text='L', units='height', win=Window(...), wrapWidth=1)
48.3847 	EXP 	Created distr = TextStim(__class__=<class 'psychopy.visual.text.TextStim'>, alignHoriz=method-wrapper(...), alignText='center', alignVert=method-wrapper(...), anchorHoriz='center', anchorVert='center', antialias=True, autoDraw=False, autoLog=True, bold=False, color=array([1., 1., 1.]), colorSpace='rgb', contrast=1.0, depth=0, draggable=False, flipHoriz=False, flipVert=False, font='Open Sans', fontFiles=[], height=np.float64(0.1), italic=False, languageStyle='LTR', name='distr', opacity=1.0, ori=44, pos=array([-0.24941889, -0.13138267]), rgb=UNKNOWN, text='L', units='height', win=Window(...), wrapWidth=1)
48.3865 	EXP 	Created distr = TextStim(__class__=<class 'psychopy.visual.text.TextStim'>, alignHoriz=method-wrapper(...), alignText='center', alignVert=method-wrapper(...), anchorHoriz='center', anchorVert='center', antialias=True, autoDraw=False, autoLog=True, bold=False, color=array([1., 1., 1.]), colorSpace='rgb', contrast=1.0, depth=0, draggable=False, flipHoriz=False, flipVert=False, font='Open Sans', fontFiles=[], height=np.float64(0.1), italic=False, languageStyle='LTR', name='distr', opacity=1.0, ori=64, pos=array([ 0.30771427, -0.26540256]), rgb=UNKNOWN, text='L', units='height', win=Window(...), wrapWidth=1)
48.3886 	EXP 	Created distr = TextStim(__class__=<class 'psychopy.visual.text.TextStim'>, alignHoriz=method-wrapper(...), alignText='center', alignVert=method-wrapper(...), anchorHoriz='center', anchorVert='center', antialias=True, autoDraw=False, autoLog=True, bold=False, color=array([1., 1., 1.]), colorSpace='rgb', contrast=1.0, depth=0, draggable=False, flipHoriz=False, flipVert=False, font='Open Sans', fontFiles=[], height=np.float64(0.1), italic=False, languageStyle='LTR', name='distr', opacity=1.0, ori=264, pos=array([ 0.20122314, -0.15453056]), rgb=UNKNOWN, text='L', units='height', win=Window(...), wrapWidth=1)
48.3900 	EXP 	Created distr = TextStim(__class__=<class 'psychopy.visual.text.TextStim'>, alignHoriz=method-wrapper(...), alignText='center', alignVert=method-wrapper(...), anchorHoriz='center', anchorVert='center', antialias=True, autoDraw=False, autoLog=True, bold=False, color=array([1., 1., 1.]), colorSpace='rgb', contrast=1.0, depth=0, draggable=False, flipHoriz=False, flipVert=False, font='Open Sans', fontFiles=[], height=np.float64(0.1), italic=False, languageStyle='LTR', name='distr', opacity=1.0, ori=182, pos=array([0.17939016, 0.28594345]), rgb=UNKNOWN, text='L', units='height', win=Window(...), wrapWidth=1)
48.4044 	EXP 	fixation: autoDraw = False
48.4044 	EXP 	target: autoDraw = False
48.4044 	EXP 	distr: autoDraw = False
48.4044 	EXP 	distr: autoDraw = False
48.4044 	EXP 	distr: autoDraw = False
48.4044 	EXP 	distr: autoDraw = False
48.4044 	EXP 	distr: autoDraw = False
48.4044 	EXP 	distr: autoDraw = True
48.4044 	EXP 	distr: autoDraw = True
48.4044 	EXP 	distr: autoDraw = True
48.4044 	EXP 	distr: autoDraw = True
48.4044 	EXP 	distr: autoDraw = True
48.4044 	EXP 	distr: autoDraw = True
48.4044 	EXP 	distr: autoDraw = True
48.4044 	EXP 	distr: autoDraw = True
48.4044 	EXP 	distr: autoDraw = True
48.4044 	EXP 	distr: autoDraw = True
48.4044 	EXP 	fixation: autoDraw = True
48.4044 	EXP 	target: autoDraw = True
48.5897 	DATA 	Mouse:  Left button up, pos=(587,585)
49.3719 	DATA 	Mouse: Left button down, pos=(543,478)
49.3727 	EXP 	New trial (rep=36, index=0): <Trial 36 (0 in rep 36) data={'thisN': 36, 'thisTrialN': 0, 'thisRepN': 36}>
49.3751 	EXP 	Created distr = TextStim(__class__=<class 'psychopy.visual.text.TextStim'>, alignHoriz=method-wrapper(...), alignText='center', alignVert=method-wrapper(...), anchorHoriz='center', anchorVert='center', antialias=True, autoDraw=False, autoLog=True, bold=False, color=array([1., 1., 1.]), colorSpace='rgb', contrast=1.0, depth=0, draggable=False, flipHoriz=False, flipVert=False, font='Open Sans', fontFiles=[], height=np.float64(0.1), italic=False, languageStyle='LTR', name='distr', opacity=1.0, ori=107, pos=array([-0.29560501, -0.32070994]), rgb=UNKNOWN, text='L', units='height', win=Window(...), wrapWidth=1)
49.3766 	EXP 	Created distr = TextStim(__class__=<class 'psychopy.visual.text.TextStim'>, alignHoriz=method-wrapper(...), alignText='center', alignVert=method-wrapper(...), anchorHoriz='center', anchorVert='center', antialias=True, autoDraw=False, autoLog=True, bold=False, color=array([1., 1., 1.]), colorSpace='rgb', contrast=1.0, depth=0, draggable=False, flipHoriz=False, flipVert=False, font='Open Sans', fontFiles=[], height=np.float64(0.1), italic=False, languageStyle='LTR', name='distr', opacity=1.0, ori=323, pos=array([-0.47095703,  0.40650435]), rgb=UNKNOWN, text='L', units='height', win=Window(...), wrapWidth=1)
49.3779 	EXP 	Created distr = TextStim(__class__=<class 'psychopy.visual.text.TextStim'>, alignHoriz=method-wrapper(...), alignText='center', alignVert=method-wrapper(...), anchorHoriz='center', anchorVert='center', antialias=True, autoDraw=False, autoLog=True, bold=False, color=array([1., 1., 1.]), colorSpace='rgb', contrast=1.0, depth=0, draggable=False, flipHoriz=False, flipVert=False, font='Open Sans', fontFiles=[], height=np.float64(0.1), italic=False, languageStyle='LTR', name='distr', opacity=1.0, ori=297, pos=array([-0.47511568, -0.47950316]), rgb=UNKNOWN, text='L', units='height', win=Window(...), wrapWidth=1)
49.3793 	EXP 	Created distr = TextStim(__class__=<class 'psychopy.visual.text.TextStim'>, alignHoriz=method-wrapper(...), alignText='center', alignVert=method-wrapper(...), anchorHoriz='center', anchorVert='center', antialias=True, autoDraw=False, autoLog=True, bold=False, color=array([1., 1., 1.]), colorSpace='rgb', contrast=1.0, depth=0, draggable=False, flipHoriz=False, flipVert=False, font='Open Sans', fontFiles=[], height=np.float64(0.1), italic=False, languageStyle='LTR', name='distr', opacity=1.0, ori=223, pos=array([-0.04512766, -0.39609601]), rgb=UNKNOWN, text='L', units='height', win=Window(...), wrapWidth=1)
49.3806 	EXP 	Created distr = TextStim(__class__=<class 'psychopy.visual.text.TextStim'>, alignHoriz=method-wrapper(...), alignText='center', alignVert=method-wrapper(...), anchorHoriz='center', anchorVert='center', antialias=True, autoDraw=False, autoLog=True, bold=False, color=array([1., 1., 1.]), colorSpace='rgb', contrast=1.0, depth=0, draggable=False, flipHoriz=False, flipVert=False, font='Open Sans', fontFiles=[], height=np.float64(0.1), italic=False, languageStyle='LTR', name='distr', opacity=1.0, ori=331, pos=array([0.30199456, 0.34995051]), rgb=UNKNOWN, text='L', units='height', win=Window(...), wrapWidth=1)
49.3822 	EXP 	Created distr = TextStim(__class__=<class 'psychopy.visual.text.TextStim'>, alignHoriz=method-wrapper(...), alignText='center', alignVert=method-wrapper(...), anchorHoriz='center', anchorVert='center', antialias=True, autoDraw=False, autoLog=True, bold=False, color=array([1., 1., 1.]), colorSpace='rgb', contrast=1.0, depth=0, draggable=False, flipHoriz=False, flipVert=False, font='Open Sans', fontFiles=[], height=np.float64(0.1), italic=False, languageStyle='LTR', name='distr', opacity=1.0, ori=87, pos=array([0.06945562, 0.43665396]), rgb=UNKNOWN, text='L', units='height', win=Window(...), wrapWidth=1)
49.3835 	EXP 	Created distr = TextStim(__class__=<class 'psychopy.visual.text.TextStim'>, alignHoriz=method-wrapper(...), alignText='center', alignVert=method-wrapper(...), anchorHoriz='center', anchorVert='center', antialias=True, autoDraw=False, autoLog=True, bold=False, color=array([1., 1., 1.]), colorSpace='rgb', contrast=1.0, depth=0, draggable=False, flipHoriz=False, flipVert=False, font='Open Sans', fontFiles=[], height=np.float64(0.1), italic=False, languageStyle='LTR', name='distr', opacity=1.0, ori=25, pos=array([ 0.1553104 , -0.29738213]), rgb=UNKNOWN, text='L', units='height', win=Window(...), wrapWidth=1)
49.3853 	EXP 	Created distr = TextStim(__class__=<class 'psychopy.visual.text.TextStim'>, alignHoriz=method-wrapper(...), alignText='center', alignVert=method-wrapper(...), anchorHoriz='center', anchorVert='center', antialias=True, autoDraw=False, autoLog=True, bold=False, color=array([1., 1., 1.]), colorSpace='rgb', contrast=1.0, depth=0, draggable=False, flipHoriz=False, flipVert=False, font='Open Sans', fontFiles=[], height=np.float64(0.1), italic=False, languageStyle='LTR', name='distr', opacity=1.0, ori=78, pos=array([ 0.43235326, -0.44931317]), rgb=UNKNOWN, text='L', units='height', win=Window(...), wrapWidth=1)
49.3874 	EXP 	Created distr = TextStim(__class__=<class 'psychopy.visual.text.TextStim'>, alignHoriz=method-wrapper(...), alignText='center', alignVert=method-wrapper(...), anchorHoriz='center', anchorVert='center', antialias=True, autoDraw=False, autoLog=True, bold=False, color=array([1., 1., 1.]), colorSpace='rgb', contrast=1.0, depth=0, draggable=False, flipHoriz=False, flipVert=False, font='Open Sans', fontFiles=[], height=np.float64(0.1), italic=False, languageStyle='LTR', name='distr', opacity=1.0, ori=262, pos=array([-0.26723258, -0.1642828 ]), rgb=UNKNOWN, text='L', units='height', win=Window(...), wrapWidth=1)
49.3889 	EXP 	Created distr = TextStim(__class__=<class 'psychopy.visual.text.TextStim'>, alignHoriz=method-wrapper(...), alignText='center', alignVert=method-wrapper(...), anchorHoriz='center', anchorVert='center', antialias=True, autoDraw=False, autoLog=True, bold=False, color=array([1., 1., 1.]), colorSpace='rgb', contrast=1.0, depth=0, draggable=False, flipHoriz=False, flipVert=False, font='Open Sans', fontFiles=[], height=np.float64(0.1), italic=False, languageStyle='LTR', name='distr', opacity=1.0, ori=113, pos=array([0.37110404, 0.04869727]), rgb=UNKNOWN, text='L', units='height', win=Window(...), wrapWidth=1)
49.4034 	EXP 	fixation: autoDraw = False
49.4034 	EXP 	target: autoDraw = False
49.4034 	EXP 	distr: autoDraw = False
49.4034 	EXP 	distr: autoDraw = False
49.4034 	EXP 	distr: autoDraw = False
49.4034 	EXP 	distr: autoDraw = False
49.4034 	EXP 	distr: autoDraw = False
49.4034 	EXP 	distr: autoDraw = False
49.4034 	EXP 	distr: autoDraw = False
49.4034 	EXP 	distr: autoDraw = False
49.4034 	EXP 	distr: autoDraw = False
49.4034 	EXP 	distr: autoDraw = False
49.4034 	EXP 	distr: autoDraw = True
49.4034 	EXP 	distr: autoDraw = True
49.4034 	EXP 	distr: autoDraw = True
49.4034 	EXP 	distr: autoDraw = True
49.4034 	EXP 	distr: autoDraw = True
49.4034 	EXP 	distr: autoDraw = True
49.4034 	EXP 	distr: autoDraw = True
49.4034 	EXP 	distr: autoDraw = True
49.4034 	EXP 	distr: autoDraw = True
49.4034 	EXP 	distr: autoDraw = True
49.4034 	EXP 	fixation: autoDraw = True
49.4034 	EXP 	target: autoDraw = True
49.6052 	DATA 	Mouse:  Left button up, pos=(543,478)
50.4036 	EXP 	fixation: autoDraw = False
50.9372 	DATA 	Mouse: Left button down, pos=(322,51)
50.9381 	EXP 	New trial (rep=37, index=0): <Trial 37 (0 in rep 37) data={'thisN': 37, 'thisTrialN': 0, 'thisRepN': 37}>
50.9405 	EXP 	Created distr = TextStim(__class__=<class 'psychopy.visual.text.TextStim'>, alignHoriz=method-wrapper(...), alignText='center', alignVert=method-wrapper(...), anchorHoriz='center', anchorVert='center', antialias=True, autoDraw=False, autoLog=True, bold=False, color=array([1., 1., 1.]), colorSpace='rgb', contrast=1.0, depth=0, draggable=False, flipHoriz=False, flipVert=False, font='Open Sans', fontFiles=[], height=np.float64(0.1), italic=False, languageStyle='LTR', name='distr', opacity=1.0, ori=87, pos=array([-0.44018741, -0.37570632]), rgb=UNKNOWN, text='L', units='height', win=Window(...), wrapWidth=1)
50.9419 	EXP 	Created distr = TextStim(__class__=<class 'psychopy.visual.text.TextStim'>, alignHoriz=method-wrapper(...), alignText='center', alignVert=method-wrapper(...), anchorHoriz='center', anchorVert='center', antialias=True, autoDraw=False, autoLog=True, bold=False, color=array([1., 1., 1.]), colorSpace='rgb', contrast=1.0, depth=0, draggable=False, flipHoriz=False, flipVert=False, font='Open Sans', fontFiles=[], height=np.float64(0.1), italic=False, languageStyle='LTR', name='distr', opacity=1.0, ori=4, pos=array([ 0.21500709, -0.05875247]), rgb=UNKNOWN, text='L', units='height', win=Window(...), wrapWidth=1)
50.9434 	EXP 	Created distr = TextStim(__class__=<class 'psychopy.visual.text.TextStim'>, alignHoriz=method-wrapper(...), alignText='center', alignVert=method-wrapper(...), anchorHoriz='center', anchorVert='center', antialias=True, autoDraw=False, autoLog=True, bold=False, color=array([1., 1., 1.]), colorSpace='rgb', contrast=1.0, depth=0, draggable=False, flipHoriz=False, flipVert=False, font='Open Sans', fontFiles=[], height=np.float64(0.1), italic=False, languageStyle='LTR', name='distr', opacity=1.0, ori=58, pos=array([-0.42515436, -0.42425765]), rgb=UNKNOWN, text='L', units='height', win=Window(...), wrapWidth=1)
50.9447 	EXP 	Created distr = TextStim(__class__=<class 'psychopy.visual.text.TextStim'>, alignHoriz=method-wrapper(...), alignText='center', alignVert=method-wrapper(...), anchorHoriz='center', anchorVert='center', antialias=True, autoDraw=False, autoLog=True, bold=False, color=array([1., 1., 1.]), colorSpace='rgb', contrast=1.0, depth=0, draggable=False, flipHoriz=False, flipVert=False, font='Open Sans', fontFiles=[], height=np.float64(0.1), italic=False, languageStyle='LTR', name='distr', opacity=1.0, ori=212, pos=array([ 0.41895893, -0.25366106]), rgb=UNKNOWN, text='L', units='height', win=Window(...), wrapWidth=1)
50.9461 	EXP 	Created distr = TextStim(__class__=<class 'psychopy.visual.text.TextStim'>, alignHoriz=method-wrapper(...), alignText='center', alignVert=method-wrapper(...), anchorHoriz='center', anchorVert='center', antialias=True, autoDraw=False, autoLog=True, bold=False, color=array([1., 1., 1.]), colorSpace='rgb', contrast=1.0, depth=0, draggable=False, flipHoriz=False, flipVert=False, font='Open Sans', fontFiles=[], height=np.float64(0.1), italic=False, languageStyle='LTR', name='distr', opacity=1.0, ori=233, pos=array([ 0.01646644, -0.16537014]), rgb=UNKNOWN, text='L', units='height', win=Window(...), wrapWidth=1)
50.9475 	EXP 	Created distr = TextStim(__class__=<class 'psychopy.visual.text.TextStim'>, alignHoriz=method-wrapper(...), alignText='center', alignVert=method-wrapper(...), anchorHoriz='center', anchorVert='center', antialias=True, autoDraw=False, autoLog=True, bold=False, color=array([1., 1., 1.]), colorSpace='rgb', contrast=1.0, depth=0, draggable=False, flipHoriz=False, flipVert=False, font='Open Sans', fontFiles=[], height=np.float64(0.1), italic=False, languageStyle='LTR', name='distr', opacity=1.0, ori=90, pos=array([0.32971652, 0.28120946]), rgb=UNKNOWN, text='L', units='height', win=Window(...), wrapWidth=1)
50.9489 	EXP 	Created distr = TextStim(__class__=<class 'psychopy.visual.text.TextStim'>, alignHoriz=method-wrapper(...), alignText='center', alignVert=method-wrapper(...), anchorHoriz='center', anchorVert='center', antialias=True, autoDraw=False, autoLog=True, bold=False, color=array([1., 1., 1.]), colorSpace='rgb', contrast=1.0, depth=0, draggable=False, flipHoriz=False, flipVert=False, font='Open Sans', fontFiles=[], height=np.float64(0.1), italic=False, languageStyle='LTR', name='distr', opacity=1.0, ori=54, pos=array([-0.05057046, -0.33448251]), rgb=UNKNOWN, text='L', units='height', win=Window(...), wrapWidth=1)
50.9506 	EXP 	Created distr = TextStim(__class__=<class 'psychopy.visual.text.TextStim'>, alignHoriz=method-wrapper(...), alignText='center', alignVert=method-wrapper(...), anchorHoriz='center', anchorVert='center', antialias=True, autoDraw=False, autoLog=True, bold=False, color=array([1., 1., 1.]), colorSpace='rgb', contrast=1.0, depth=0, draggable=False, flipHoriz=False, flipVert=False, font='Open Sans', fontFiles=[], height=np.float64(0.1), italic=False, languageStyle='LTR', name='distr', opacity=1.0, ori=149, pos=array([0.39391118, 0.0268442 ]), rgb=UNKNOWN, text='L', units='height', win=Window(...), wrapWidth=1)
50.9531 	EXP 	Created distr = TextStim(__class__=<class 'psychopy.visual.text.TextStim'>, alignHoriz=method-wrapper(...), alignText='center', alignVert=method-wrapper(...), anchorHoriz='center', anchorVert='center', antialias=True, autoDraw=False, autoLog=True, bold=False, color=array([1., 1., 1.]), colorSpace='rgb', contrast=1.0, depth=0, draggable=False, flipHoriz=False, flipVert=False, font='Open Sans', fontFiles=[], height=np.float64(0.1), italic=False, languageStyle='LTR', name='distr', opacity=1.0, ori=315, pos=array([ 0.28023858, -0.29008152]), rgb=UNKNOWN, text='L', units='height', win=Window(...), wrapWidth=1)
50.9546 	EXP 	Created distr = TextStim(__class__=<class 'psychopy.visual.text.TextStim'>, alignHoriz=method-wrapper(...), alignText='center', alignVert=method-wrapper(...), anchorHoriz='center', anchorVert='center', antialias=True, autoDraw=False, autoLog=True, bold=False, color=array([1., 1., 1.]), colorSpace='rgb', contrast=1.0, depth=0, draggable=False, flipHoriz=False, flipVert=False, font='Open Sans', fontFiles=[], height=np.float64(0.1), italic=False, languageStyle='LTR', name='distr', opacity=1.0, ori=17, pos=array([-0.39297154,  0.13414174]), rgb=UNKNOWN, text='L', units='height', win=Window(...), wrapWidth=1)
50.9689 	EXP 	fixation: autoDraw = False
50.9689 	EXP 	target: autoDraw = False
50.9689 	EXP 	distr: autoDraw = False
50.9689 	EXP 	distr: autoDraw = False
50.9689 	EXP 	distr: autoDraw = False
50.9689 	EXP 	distr: autoDraw = False
50.9689 	EXP 	distr: autoDraw = False
50.9689 	EXP 	distr: autoDraw = False
50.9689 	EXP 	distr: autoDraw = False
50.9689 	EXP 	distr: autoDraw = False
50.9689 	EXP 	distr: autoDraw = False
50.9689 	EXP 	distr: autoDraw = False
50.9689 	EXP 	distr: autoDraw = True
50.9689 	EXP 	distr: autoDraw = True
50.9689 	EXP 	distr: autoDraw = True
50.9689 	EXP 	distr: autoDraw = True
50.9689 	EXP 	distr: autoDraw = True
50.9689 	EXP 	distr: autoDraw = True
50.9689 	EXP 	distr: autoDraw = True
50.9689 	EXP 	distr: autoDraw = True
50.9689 	EXP 	distr: autoDraw = True
50.9689 	EXP 	distr: autoDraw = True
50.9689 	EXP 	fixation: autoDraw = True
50.9689 	EXP 	target: autoDraw = True
51.1555 	DATA 	Mouse:  Left button up, pos=(322,51)
51.9690 	EXP 	fixation: autoDraw = False
52.1197 	DATA 	Mouse: Left button down, pos=(805,537)
52.3363 	DATA 	Mouse:  Left button up, pos=(805,537)
52.8354 	DATA 	Mouse: Left button down, pos=(817,529)
52.8359 	EXP 	New trial (rep=38, index=0): <Trial 38 (0 in rep 38) data={'thisN': 38, 'thisTrialN': 0, 'thisRepN': 38}>
52.8382 	EXP 	Created distr = TextStim(__class__=<class 'psychopy.visual.text.TextStim'>, alignHoriz=method-wrapper(...), alignText='center', alignVert=method-wrapper(...), anchorHoriz='center', anchorVert='center', antialias=True, autoDraw=False, autoLog=True, bold=False, color=array([1., 1., 1.]), colorSpace='rgb', contrast=1.0, depth=0, draggable=False, flipHoriz=False, flipVert=False, font='Open Sans', fontFiles=[], height=np.float64(0.1), italic=False, languageStyle='LTR', name='distr', opacity=1.0, ori=269, pos=array([0.34475857, 0.04296437]), rgb=UNKNOWN, text='L', units='height', win=Window(...), wrapWidth=1)
52.8397 	EXP 	Created distr = TextStim(__class__=<class 'psychopy.visual.text.TextStim'>, alignHoriz=method-wrapper(...), alignText='center', alignVert=method-wrapper(...), anchorHoriz='center', anchorVert='center', antialias=True, autoDraw=False, autoLog=True, bold=False, color=array([1., 1., 1.]), colorSpace='rgb', contrast=1.0, depth=0, draggable=False, flipHoriz=False, flipVert=False, font='Open Sans', fontFiles=[], height=np.float64(0.1), italic=False, languageStyle='LTR', name='distr', opacity=1.0, ori=129, pos=array([-0.38846824, -0.39711734]), rgb=UNKNOWN, text='L', units='height', win=Window(...), wrapWidth=1)
52.8411 	EXP 	Created distr = TextStim(__class__=<class 'psychopy.visual.text.TextStim'>, alignHoriz=method-wrapper(...), alignText='center', alignVert=method-wrapper(...), anchorHoriz='center', anchorVert='center', antialias=True, autoDraw=False, autoLog=True, bold=False, color=array([1., 1., 1.]), colorSpace='rgb', contrast=1.0, depth=0, draggable=False, flipHoriz=False, flipVert=False, font='Open Sans', fontFiles=[], height=np.float64(0.1), italic=False, languageStyle='LTR', name='distr', opacity=1.0, ori=197, pos=array([-0.29469569,  0.01722587]), rgb=UNKNOWN, text='L', units='height', win=Window(...), wrapWidth=1)
52.8424 	EXP 	Created distr = TextStim(__class__=<class 'psychopy.visual.text.TextStim'>, alignHoriz=method-wrapper(...), alignText='center', alignVert=method-wrapper(...), anchorHoriz='center', anchorVert='center', antialias=True, autoDraw=False, autoLog=True, bold=False, color=array([1., 1., 1.]), colorSpace='rgb', contrast=1.0, depth=0, draggable=False, flipHoriz=False, flipVert=False, font='Open Sans', fontFiles=[], height=np.float64(0.1), italic=False, languageStyle='LTR', name='distr', opacity=1.0, ori=43, pos=array([0.08849604, 0.06163083]), rgb=UNKNOWN, text='L', units='height', win=Window(...), wrapWidth=1)
52.8439 	EXP 	Created distr = TextStim(__class__=<class 'psychopy.visual.text.TextStim'>, alignHoriz=method-wrapper(...), alignText='center', alignVert=method-wrapper(...), anchorHoriz='center', anchorVert='center', antialias=True, autoDraw=False, autoLog=True, bold=False, color=array([1., 1., 1.]), colorSpace='rgb', contrast=1.0, depth=0, draggable=False, flipHoriz=False, flipVert=False, font='Open Sans', fontFiles=[], height=np.float64(0.1), italic=False, languageStyle='LTR', name='distr', opacity=1.0, ori=282, pos=array([ 0.22735695, -0.29740826]), rgb=UNKNOWN, text='L', units='height', win=Window(...), wrapWidth=1)
52.8452 	EXP 	Created distr = TextStim(__class__=<class 'psychopy.visual.text.TextStim'>, alignHoriz=method-wrapper(...), alignText='center', alignVert=method-wrapper(...), anchorHoriz='center', anchorVert='center', antialias=True, autoDraw=False, autoLog=True, bold=False, color=array([1., 1., 1.]), colorSpace='rgb', contrast=1.0, depth=0, draggable=False, flipHoriz=False, flipVert=False, font='Open Sans', fontFiles=[], height=np.float64(0.1), italic=False, languageStyle='LTR', name='distr', opacity=1.0, ori=111, pos=array([ 0.0929289 , -0.19145125]), rgb=UNKNOWN, text='L', units='height', win=Window(...), wrapWidth=1)
52.8466 	EXP 	Created distr = TextStim(__class__=<class 'psychopy.visual.text.TextStim'>, alignHoriz=method-wrapper(...), alignText='center', alignVert=method-wrapper(...), anchorHoriz='center', anchorVert='center', antialias=True, autoDraw=False, autoLog=True, bold=False, color=array([1., 1., 1.]), colorSpace='rgb', contrast=1.0, depth=0, draggable=False, flipHoriz=False, flipVert=False, font='Open Sans', fontFiles=[], height=np.float64(0.1), italic=False, languageStyle='LTR', name='distr', opacity=1.0, ori=330, pos=array([-0.16051872,  0.20399647]), rgb=UNKNOWN, text='L', units='height', win=Window(...), wrapWidth=1)
52.8480 	EXP 	Created distr = TextStim(__class__=<class 'psychopy.visual.text.TextStim'>, alignHoriz=method-wrapper(...), alignText='center', alignVert=method-wrapper(...), anchorHoriz='center', anchorVert='center', antialias=True, autoDraw=False, autoLog=True, bold=False, color=array([1., 1., 1.]), colorSpace='rgb', contrast=1.0, depth=0, draggable=False, flipHoriz=False, flipVert=False, font='Open Sans', fontFiles=[], height=np.float64(0.1), italic=False, languageStyle='LTR', name='distr', opacity=1.0, ori=295, pos=array([-0.19352422, -0.40733664]), rgb=UNKNOWN, text='L', units='height', win=Window(...), wrapWidth=1)
52.8496 	EXP 	Created distr = TextStim(__class__=<class 'psychopy.visual.text.TextStim'>, alignHoriz=method-wrapper(...), alignText='center', alignVert=method-wrapper(...), anchorHoriz='center', anchorVert='center', antialias=True, autoDraw=False, autoLog=True, bold=False, color=array([1., 1., 1.]), colorSpace='rgb', contrast=1.0, depth=0, draggable=False, flipHoriz=False, flipVert=False, font='Open Sans', fontFiles=[], height=np.float64(0.1), italic=False, languageStyle='LTR', name='distr', opacity=1.0, ori=6, pos=array([0.44873906, 0.01373179]), rgb=UNKNOWN, text='L', units='height', win=Window(...), wrapWidth=1)
52.8514 	EXP 	Created distr = TextStim(__class__=<class 'psychopy.visual.text.TextStim'>, alignHoriz=method-wrapper(...), alignText='center', alignVert=method-wrapper(...), anchorHoriz='center', anchorVert='center', antialias=True, autoDraw=False, autoLog=True, bold=False, color=array([1., 1., 1.]), colorSpace='rgb', contrast=1.0, depth=0, draggable=False, flipHoriz=False, flipVert=False, font='Open Sans', fontFiles=[], height=np.float64(0.1), italic=False, languageStyle='LTR', name='distr', opacity=1.0, ori=5, pos=array([ 0.37798138, -0.44167684]), rgb=UNKNOWN, text='L', units='height', win=Window(...), wrapWidth=1)
52.8672 	EXP 	fixation: autoDraw = False
52.8672 	EXP 	target: autoDraw = False
52.8672 	EXP 	distr: autoDraw = False
52.8672 	EXP 	distr: autoDraw = False
52.8672 	EXP 	distr: autoDraw = False
52.8672 	EXP 	distr: autoDraw = False
52.8672 	EXP 	distr: autoDraw = False
52.8672 	EXP 	distr: autoDraw = False
52.8672 	EXP 	distr: autoDraw = False
52.8672 	EXP 	distr: autoDraw = False
52.8672 	EXP 	distr: autoDraw = False
52.8672 	EXP 	distr: autoDraw = False
52.8672 	EXP 	distr: autoDraw = True
52.8672 	EXP 	distr: autoDraw = True
52.8672 	EXP 	distr: autoDraw = True
52.8672 	EXP 	distr: autoDraw = True
52.8672 	EXP 	distr: autoDraw = True
52.8672 	EXP 	distr: autoDraw = True
52.8672 	EXP 	distr: autoDraw = True
52.8672 	EXP 	distr: autoDraw = True
52.8672 	EXP 	distr: autoDraw = True
52.8672 	EXP 	distr: autoDraw = True
52.8672 	EXP 	fixation: autoDraw = True
52.8672 	EXP 	target: autoDraw = True
53.0544 	DATA 	Mouse:  Left button up, pos=(817,529)
53.8679 	EXP 	fixation: autoDraw = False
54.1343 	DATA 	Mouse: Left button down, pos=(748,265)
54.1352 	EXP 	New trial (rep=39, index=0): <Trial 39 (0 in rep 39) data={'thisN': 39, 'thisTrialN': 0, 'thisRepN': 39}>
54.1375 	EXP 	Created distr = TextStim(__class__=<class 'psychopy.visual.text.TextStim'>, alignHoriz=method-wrapper(...), alignText='center', alignVert=method-wrapper(...), anchorHoriz='center', anchorVert='center', antialias=True, autoDraw=False, autoLog=True, bold=False, color=array([1., 1., 1.]), colorSpace='rgb', contrast=1.0, depth=0, draggable=False, flipHoriz=False, flipVert=False, font='Open Sans', fontFiles=[], height=np.float64(0.1), italic=False, languageStyle='LTR', name='distr', opacity=1.0, ori=164, pos=array([ 0.17158649, -0.17848219]), rgb=UNKNOWN, text='L', units='height', win=Window(...), wrapWidth=1)
54.1390 	EXP 	Created distr = TextStim(__class__=<class 'psychopy.visual.text.TextStim'>, alignHoriz=method-wrapper(...), alignText='center', alignVert=method-wrapper(...), anchorHoriz='center', anchorVert='center', antialias=True, autoDraw=False, autoLog=True, bold=False, color=array([1., 1., 1.]), colorSpace='rgb', contrast=1.0, depth=0, draggable=False, flipHoriz=False, flipVert=False, font='Open Sans', fontFiles=[], height=np.float64(0.1), italic=False, languageStyle='LTR', name='distr', opacity=1.0, ori=319, pos=array([0.42621849, 0.22189984]), rgb=UNKNOWN, text='L', units='height', win=Window(...), wrapWidth=1)
54.1404 	EXP 	Created distr = TextStim(__class__=<class 'psychopy.visual.text.TextStim'>, alignHoriz=method-wrapper(...), alignText='center', alignVert=method-wrapper(...), anchorHoriz='center', anchorVert='center', antialias=True, autoDraw=False, autoLog=True, bold=False, color=array([1., 1., 1.]), colorSpace='rgb', contrast=1.0, depth=0, draggable=False, flipHoriz=False, flipVert=False, font='Open Sans', fontFiles=[], height=np.float64(0.1), italic=False, languageStyle='LTR', name='distr', opacity=1.0, ori=329, pos=array([0.08256415, 0.10315489]), rgb=UNKNOWN, text='L', units='height', win=Window(...), wrapWidth=1)
54.1417 	EXP 	Created distr = TextStim(__class__=<class 'psychopy.visual.text.TextStim'>, alignHoriz=method-wrapper(...), alignText='center', alignVert=method-wrapper(...), anchorHoriz='center', anchorVert='center', antialias=True, autoDraw=False, autoLog=True, bold=False, color=array([1., 1., 1.]), colorSpace='rgb', contrast=1.0, depth=0, draggable=False, flipHoriz=False, flipVert=False, font='Open Sans', fontFiles=[], height=np.float64(0.1), italic=False, languageStyle='LTR', name='distr', opacity=1.0, ori=299, pos=array([-0.35360264,  0.03331541]), rgb=UNKNOWN, text='L', units='height', win=Window(...), wrapWidth=1)
54.1431 	EXP 	Created distr = TextStim(__class__=<class 'psychopy.visual.text.TextStim'>, alignHoriz=method-wrapper(...), alignText='center', alignVert=method-wrapper(...), anchorHoriz='center', anchorVert='center', antialias=True, autoDraw=False, autoLog=True, bold=False, color=array([1., 1., 1.]), colorSpace='rgb', contrast=1.0, depth=0, draggable=False, flipHoriz=False, flipVert=False, font='Open Sans', fontFiles=[], height=np.float64(0.1), italic=False, languageStyle='LTR', name='distr', opacity=1.0, ori=301, pos=array([-0.41636864,  0.33581734]), rgb=UNKNOWN, text='L', units='height', win=Window(...), wrapWidth=1)
54.1446 	EXP 	Created distr = TextStim(__class__=<class 'psychopy.visual.text.TextStim'>, alignHoriz=method-wrapper(...), alignText='center', alignVert=method-wrapper(...), anchorHoriz='center', anchorVert='center', antialias=True, autoDraw=False, autoLog=True, bold=False, color=array([1., 1., 1.]), colorSpace='rgb', contrast=1.0, depth=0, draggable=False, flipHoriz=False, flipVert=False, font='Open Sans', fontFiles=[], height=np.float64(0.1), italic=False, languageStyle='LTR', name='distr', opacity=1.0, ori=110, pos=array([ 0.07407327, -0.39236629]), rgb=UNKNOWN, text='L', units='height', win=Window(...), wrapWidth=1)
54.1460 	EXP 	Created distr = TextStim(__class__=<class 'psychopy.visual.text.TextStim'>, alignHoriz=method-wrapper(...), alignText='center', alignVert=method-wrapper(...), anchorHoriz='center', anchorVert='center', antialias=True, autoDraw=False, autoLog=True, bold=False, color=array([1., 1., 1.]), colorSpace='rgb', contrast=1.0, depth=0, draggable=False, flipHoriz=False, flipVert=False, font='Open Sans', fontFiles=[], height=np.float64(0.1), italic=False, languageStyle='LTR', name='distr', opacity=1.0, ori=261, pos=array([-0.17705597, -0.16710339]), rgb=UNKNOWN, text='L', units='height', win=Window(...), wrapWidth=1)
54.1477 	EXP 	Created distr = TextStim(__class__=<class 'psychopy.visual.text.TextStim'>, alignHoriz=method-wrapper(...), alignText='center', alignVert=method-wrapper(...), anchorHoriz='center', anchorVert='center', antialias=True, autoDraw=False, autoLog=True, bold=False, color=array([1., 1., 1.]), colorSpace='rgb', contrast=1.0, depth=0, draggable=False, flipHoriz=False, flipVert=False, font='Open Sans', fontFiles=[], height=np.float64(0.1), italic=False, languageStyle='LTR', name='distr', opacity=1.0, ori=337, pos=array([ 0.27282509, -0.07602855]), rgb=UNKNOWN, text='L', units='height', win=Window(...), wrapWidth=1)
54.1505 	EXP 	Created distr = TextStim(__class__=<class 'psychopy.visual.text.TextStim'>, alignHoriz=method-wrapper(...), alignText='center', alignVert=method-wrapper(...), anchorHoriz='center', anchorVert='center', antialias=True, autoDraw=False, autoLog=True, bold=False, color=array([1., 1., 1.]), colorSpace='rgb', contrast=1.0, depth=0, draggable=False, flipHoriz=False, flipVert=False, font='Open Sans', fontFiles=[], height=np.float64(0.1), italic=False, languageStyle='LTR', name='distr', opacity=1.0, ori=64, pos=array([-0.33607249, -0.09940731]), rgb=UNKNOWN, text='L', units='height', win=Window(...), wrapWidth=1)
54.1523 	EXP 	Created distr = TextStim(__class__=<class 'psychopy.visual.text.TextStim'>, alignHoriz=method-wrapper(...), alignText='center', alignVert=method-wrapper(...), anchorHoriz='center', anchorVert='center', antialias=True, autoDraw=False, autoLog=True, bold=False, color=array([1., 1., 1.]), colorSpace='rgb', contrast=1.0, depth=0, draggable=False, flipHoriz=False, flipVert=False, font='Open Sans', fontFiles=[], height=np.float64(0.1), italic=False, languageStyle='LTR', name='distr', opacity=1.0, ori=235, pos=array([ 0.02437122, -0.43244573]), rgb=UNKNOWN, text='L', units='height', win=Window(...), wrapWidth=1)
54.1662 	EXP 	fixation: autoDraw = False
54.1662 	EXP 	target: autoDraw = False
54.1662 	EXP 	distr: autoDraw = False
54.1662 	EXP 	distr: autoDraw = False
54.1662 	EXP 	distr: autoDraw = False
54.1662 	EXP 	distr: autoDraw = False
54.1662 	EXP 	distr: autoDraw = False
54.1662 	EXP 	distr: autoDraw = False
54.1662 	EXP 	distr: autoDraw = False
54.1662 	EXP 	distr: autoDraw = False
54.1662 	EXP 	distr: autoDraw = False
54.1662 	EXP 	distr: autoDraw = False
54.1662 	EXP 	distr: autoDraw = True
54.1662 	EXP 	distr: autoDraw = True
54.1662 	EXP 	distr: autoDraw = True
54.1662 	EXP 	distr: autoDraw = True
54.1662 	EXP 	distr: autoDraw = True
54.1662 	EXP 	distr: autoDraw = True
54.1662 	EXP 	distr: autoDraw = True
54.1662 	EXP 	distr: autoDraw = True
54.1662 	EXP 	distr: autoDraw = True
54.1662 	EXP 	distr: autoDraw = True
54.1662 	EXP 	fixation: autoDraw = True
54.1662 	EXP 	target: autoDraw = True
54.3526 	DATA 	Mouse:  Left button up, pos=(748,265)
55.1666 	EXP 	fixation: autoDraw = False
56.1832 	DATA 	Mouse: Left button down, pos=(643,342)
56.1843 	EXP 	New trial (rep=40, index=0): <Trial 40 (0 in rep 40) data={'thisN': 40, 'thisTrialN': 0, 'thisRepN': 40}>
56.1870 	EXP 	Created distr = TextStim(__class__=<class 'psychopy.visual.text.TextStim'>, alignHoriz=method-wrapper(...), alignText='center', alignVert=method-wrapper(...), anchorHoriz='center', anchorVert='center', antialias=True, autoDraw=False, autoLog=True, bold=False, color=array([1., 1., 1.]), colorSpace='rgb', contrast=1.0, depth=0, draggable=False, flipHoriz=False, flipVert=False, font='Open Sans', fontFiles=[], height=np.float64(0.1), italic=False, languageStyle='LTR', name='distr', opacity=1.0, ori=69, pos=array([-0.02121752, -0.26491855]), rgb=UNKNOWN, text='L', units='height', win=Window(...), wrapWidth=1)
56.1890 	EXP 	Created distr = TextStim(__class__=<class 'psychopy.visual.text.TextStim'>, alignHoriz=method-wrapper(...), alignText='center', alignVert=method-wrapper(...), anchorHoriz='center', anchorVert='center', antialias=True, autoDraw=False, autoLog=True, bold=False, color=array([1., 1., 1.]), colorSpace='rgb', contrast=1.0, depth=0, draggable=False, flipHoriz=False, flipVert=False, font='Open Sans', fontFiles=[], height=np.float64(0.1), italic=False, languageStyle='LTR', name='distr', opacity=1.0, ori=113, pos=array([-0.08292782, -0.31552608]), rgb=UNKNOWN, text='L', units='height', win=Window(...), wrapWidth=1)
56.1904 	EXP 	Created distr = TextStim(__class__=<class 'psychopy.visual.text.TextStim'>, alignHoriz=method-wrapper(...), alignText='center', alignVert=method-wrapper(...), anchorHoriz='center', anchorVert='center', antialias=True, autoDraw=False, autoLog=True, bold=False, color=array([1., 1., 1.]), colorSpace='rgb', contrast=1.0, depth=0, draggable=False, flipHoriz=False, flipVert=False, font='Open Sans', fontFiles=[], height=np.float64(0.1), italic=False, languageStyle='LTR', name='distr', opacity=1.0, ori=288, pos=array([ 0.46594089, -0.42892233]), rgb=UNKNOWN, text='L', units='height', win=Window(...), wrapWidth=1)
56.1918 	EXP 	Created distr = TextStim(__class__=<class 'psychopy.visual.text.TextStim'>, alignHoriz=method-wrapper(...), alignText='center', alignVert=method-wrapper(...), anchorHoriz='center', anchorVert='center', antialias=True, autoDraw=False, autoLog=True, bold=False, color=array([1., 1., 1.]), colorSpace='rgb', contrast=1.0, depth=0, draggable=False, flipHoriz=False, flipVert=False, font='Open Sans', fontFiles=[], height=np.float64(0.1), italic=False, languageStyle='LTR', name='distr', opacity=1.0, ori=77, pos=array([0.15913309, 0.16703561]), rgb=UNKNOWN, text='L', units='height', win=Window(...), wrapWidth=1)
56.1931 	EXP 	Created distr = TextStim(__class__=<class 'psychopy.visual.text.TextStim'>, alignHoriz=method-wrapper(...), alignText='center', alignVert=method-wrapper(...), anchorHoriz='center', anchorVert='center', antialias=True, autoDraw=False, autoLog=True, bold=False, color=array([1., 1., 1.]), colorSpace='rgb', contrast=1.0, depth=0, draggable=False, flipHoriz=False, flipVert=False, font='Open Sans', fontFiles=[], height=np.float64(0.1), italic=False, languageStyle='LTR', name='distr', opacity=1.0, ori=282, pos=array([-0.09941574,  0.42802468]), rgb=UNKNOWN, text='L', units='height', win=Window(...), wrapWidth=1)
56.1946 	EXP 	Created distr = TextStim(__class__=<class 'psychopy.visual.text.TextStim'>, alignHoriz=method-wrapper(...), alignText='center', alignVert=method-wrapper(...), anchorHoriz='center', anchorVert='center', antialias=True, autoDraw=False, autoLog=True, bold=False, color=array([1., 1., 1.]), colorSpace='rgb', contrast=1.0, depth=0, draggable=False, flipHoriz=False, flipVert=False, font='Open Sans', fontFiles=[], height=np.float64(0.1), italic=False, languageStyle='LTR', name='distr', opacity=1.0, ori=41, pos=array([-0.24186987,  0.03371436]), rgb=UNKNOWN, text='L', units='height', win=Window(...), wrapWidth=1)
56.1962 	EXP 	Created distr = TextStim(__class__=<class 'psychopy.visual.text.TextStim'>, alignHoriz=method-wrapper(...), alignText='center', alignVert=method-wrapper(...), anchorHoriz='center', anchorVert='center', antialias=True, autoDraw=False, autoLog=True, bold=False, color=array([1., 1., 1.]), colorSpace='rgb', contrast=1.0, depth=0, draggable=False, flipHoriz=False, flipVert=False, font='Open Sans', fontFiles=[], height=np.float64(0.1), italic=False, languageStyle='LTR', name='distr', opacity=1.0, ori=249, pos=array([-0.07534539,  0.46042655]), rgb=UNKNOWN, text='L', units='height', win=Window(...), wrapWidth=1)
56.1983 	EXP 	Created distr = TextStim(__class__=<class 'psychopy.visual.text.TextStim'>, alignHoriz=method-wrapper(...), alignText='center', alignVert=method-wrapper(...), anchorHoriz='center', anchorVert='center', antialias=True, autoDraw=False, autoLog=True, bold=False, color=array([1., 1., 1.]), colorSpace='rgb', contrast=1.0, depth=0, draggable=False, flipHoriz=False, flipVert=False, font='Open Sans', fontFiles=[], height=np.float64(0.1), italic=False, languageStyle='LTR', name='distr', opacity=1.0, ori=255, pos=array([-0.16818569,  0.37130017]), rgb=UNKNOWN, text='L', units='height', win=Window(...), wrapWidth=1)
56.1998 	EXP 	Created distr = TextStim(__class__=<class 'psychopy.visual.text.TextStim'>, alignHoriz=method-wrapper(...), alignText='center', alignVert=method-wrapper(...), anchorHoriz='center', anchorVert='center', antialias=True, autoDraw=False, autoLog=True, bold=False, color=array([1., 1., 1.]), colorSpace='rgb', contrast=1.0, depth=0, draggable=False, flipHoriz=False, flipVert=False, font='Open Sans', fontFiles=[], height=np.float64(0.1), italic=False, languageStyle='LTR', name='distr', opacity=1.0, ori=54, pos=array([0.09149732, 0.34636939]), rgb=UNKNOWN, text='L', units='height', win=Window(...), wrapWidth=1)
56.2012 	EXP 	Created distr = TextStim(__class__=<class 'psychopy.visual.text.TextStim'>, alignHoriz=method-wrapper(...), alignText='center', alignVert=method-wrapper(...), anchorHoriz='center', anchorVert='center', antialias=True, autoDraw=False, autoLog=True, bold=False, color=array([1., 1., 1.]), colorSpace='rgb', contrast=1.0, depth=0, draggable=False, flipHoriz=False, flipVert=False, font='Open Sans', fontFiles=[], height=np.float64(0.1), italic=False, languageStyle='LTR', name='distr', opacity=1.0, ori=71, pos=array([-0.14487058,  0.46580985]), rgb=UNKNOWN, text='L', units='height', win=Window(...), wrapWidth=1)
56.2144 	EXP 	fixation: autoDraw = False
56.2144 	EXP 	target: autoDraw = False
56.2144 	EXP 	distr: autoDraw = False
56.2144 	EXP 	distr: autoDraw = False
56.2144 	EXP 	distr: autoDraw = False
56.2144 	EXP 	distr: autoDraw = False
56.2144 	EXP 	distr: autoDraw = False
56.2144 	EXP 	distr: autoDraw = False
56.2144 	EXP 	distr: autoDraw = False
56.2144 	EXP 	distr: autoDraw = False
56.2144 	EXP 	distr: autoDraw = False
56.2144 	EXP 	distr: autoDraw = False
56.2144 	EXP 	distr: autoDraw = True
56.2144 	EXP 	distr: autoDraw = True
56.2144 	EXP 	distr: autoDraw = True
56.2144 	EXP 	distr: autoDraw = True
56.2144 	EXP 	distr: autoDraw = True
56.2144 	EXP 	distr: autoDraw = True
56.2144 	EXP 	distr: autoDraw = True
56.2144 	EXP 	distr: autoDraw = True
56.2144 	EXP 	distr: autoDraw = True
56.2144 	EXP 	distr: autoDraw = True
56.2144 	EXP 	fixation: autoDraw = True
56.2144 	EXP 	target: autoDraw = True
56.4001 	DATA 	Mouse:  Left button up, pos=(643,342)
57.2149 	EXP 	fixation: autoDraw = False
57.5650 	DATA 	Mouse: Left button down, pos=(630,716)
57.5659 	EXP 	New trial (rep=41, index=0): <Trial 41 (0 in rep 41) data={'thisN': 41, 'thisTrialN': 0, 'thisRepN': 41}>
57.5682 	EXP 	Created distr = TextStim(__class__=<class 'psychopy.visual.text.TextStim'>, alignHoriz=method-wrapper(...), alignText='center', alignVert=method-wrapper(...), anchorHoriz='center', anchorVert='center', antialias=True, autoDraw=False, autoLog=True, bold=False, color=array([1., 1., 1.]), colorSpace='rgb', contrast=1.0, depth=0, draggable=False, flipHoriz=False, flipVert=False, font='Open Sans', fontFiles=[], height=np.float64(0.1), italic=False, languageStyle='LTR', name='distr', opacity=1.0, ori=239, pos=array([ 0.17852129, -0.49171601]), rgb=UNKNOWN, text='L', units='height', win=Window(...), wrapWidth=1)
57.5697 	EXP 	Created distr = TextStim(__class__=<class 'psychopy.visual.text.TextStim'>, alignHoriz=method-wrapper(...), alignText='center', alignVert=method-wrapper(...), anchorHoriz='center', anchorVert='center', antialias=True, autoDraw=False, autoLog=True, bold=False, color=array([1., 1., 1.]), colorSpace='rgb', contrast=1.0, depth=0, draggable=False, flipHoriz=False, flipVert=False, font='Open Sans', fontFiles=[], height=np.float64(0.1), italic=False, languageStyle='LTR', name='distr', opacity=1.0, ori=61, pos=array([-0.20794365,  0.09588418]), rgb=UNKNOWN, text='L', units='height', win=Window(...), wrapWidth=1)
57.5712 	EXP 	Created distr = TextStim(__class__=<class 'psychopy.visual.text.TextStim'>, alignHoriz=method-wrapper(...), alignText='center', alignVert=method-wrapper(...), anchorHoriz='center', anchorVert='center', antialias=True, autoDraw=False, autoLog=True, bold=False, color=array([1., 1., 1.]), colorSpace='rgb', contrast=1.0, depth=0, draggable=False, flipHoriz=False, flipVert=False, font='Open Sans', fontFiles=[], height=np.float64(0.1), italic=False, languageStyle='LTR', name='distr', opacity=1.0, ori=19, pos=array([0.4105782, 0.2979756]), rgb=UNKNOWN, text='L', units='height', win=Window(...), wrapWidth=1)
57.5726 	EXP 	Created distr = TextStim(__class__=<class 'psychopy.visual.text.TextStim'>, alignHoriz=method-wrapper(...), alignText='center', alignVert=method-wrapper(...), anchorHoriz='center', anchorVert='center', antialias=True, autoDraw=False, autoLog=True, bold=False, color=array([1., 1., 1.]), colorSpace='rgb', contrast=1.0, depth=0, draggable=False, flipHoriz=False, flipVert=False, font='Open Sans', fontFiles=[], height=np.float64(0.1), italic=False, languageStyle='LTR', name='distr', opacity=1.0, ori=2, pos=array([-0.34357266,  0.47370246]), rgb=UNKNOWN, text='L', units='height', win=Window(...), wrapWidth=1)
57.5740 	EXP 	Created distr = TextStim(__class__=<class 'psychopy.visual.text.TextStim'>, alignHoriz=method-wrapper(...), alignText='center', alignVert=method-wrapper(...), anchorHoriz='center', anchorVert='center', antialias=True, autoDraw=False, autoLog=True, bold=False, color=array([1., 1., 1.]), colorSpace='rgb', contrast=1.0, depth=0, draggable=False, flipHoriz=False, flipVert=False, font='Open Sans', fontFiles=[], height=np.float64(0.1), italic=False, languageStyle='LTR', name='distr', opacity=1.0, ori=136, pos=array([-0.15880518,  0.45641724]), rgb=UNKNOWN, text='L', units='height', win=Window(...), wrapWidth=1)
57.5754 	EXP 	Created distr = TextStim(__class__=<class 'psychopy.visual.text.TextStim'>, alignHoriz=method-wrapper(...), alignText='center', alignVert=method-wrapper(...), anchorHoriz='center', anchorVert='center', antialias=True, autoDraw=False, autoLog=True, bold=False, color=array([1., 1., 1.]), colorSpace='rgb', contrast=1.0, depth=0, draggable=False, flipHoriz=False, flipVert=False, font='Open Sans', fontFiles=[], height=np.float64(0.1), italic=False, languageStyle='LTR', name='distr', opacity=1.0, ori=25, pos=array([ 0.1726769 , -0.04047744]), rgb=UNKNOWN, text='L', units='height', win=Window(...), wrapWidth=1)
57.5769 	EXP 	Created distr = TextStim(__class__=<class 'psychopy.visual.text.TextStim'>, alignHoriz=method-wrapper(...), alignText='center', alignVert=method-wrapper(...), anchorHoriz='center', anchorVert='center', antialias=True, autoDraw=False, autoLog=True, bold=False, color=array([1., 1., 1.]), colorSpace='rgb', contrast=1.0, depth=0, draggable=False, flipHoriz=False, flipVert=False, font='Open Sans', fontFiles=[], height=np.float64(0.1), italic=False, languageStyle='LTR', name='distr', opacity=1.0, ori=229, pos=array([ 0.07957563, -0.42497954]), rgb=UNKNOWN, text='L', units='height', win=Window(...), wrapWidth=1)
57.5784 	EXP 	Created distr = TextStim(__class__=<class 'psychopy.visual.text.TextStim'>, alignHoriz=method-wrapper(...), alignText='center', alignVert=method-wrapper(...), anchorHoriz='center', anchorVert='center', antialias=True, autoDraw=False, autoLog=True, bold=False, color=array([1., 1., 1.]), colorSpace='rgb', contrast=1.0, depth=0, draggable=False, flipHoriz=False, flipVert=False, font='Open Sans', fontFiles=[], height=np.float64(0.1), italic=False, languageStyle='LTR', name='distr', opacity=1.0, ori=152, pos=array([-0.10649899, -0.32654878]), rgb=UNKNOWN, text='L', units='height', win=Window(...), wrapWidth=1)
57.5806 	EXP 	Created distr = TextStim(__class__=<class 'psychopy.visual.text.TextStim'>, alignHoriz=method-wrapper(...), alignText='center', alignVert=method-wrapper(...), anchorHoriz='center', anchorVert='center', antialias=True, autoDraw=False, autoLog=True, bold=False, color=array([1., 1., 1.]), colorSpace='rgb', contrast=1.0, depth=0, draggable=False, flipHoriz=False, flipVert=False, font='Open Sans', fontFiles=[], height=np.float64(0.1), italic=False, languageStyle='LTR', name='distr', opacity=1.0, ori=228, pos=array([ 0.26108563, -0.04645362]), rgb=UNKNOWN, text='L', units='height', win=Window(...), wrapWidth=1)
57.5825 	EXP 	Created distr = TextStim(__class__=<class 'psychopy.visual.text.TextStim'>, alignHoriz=method-wrapper(...), alignText='center', alignVert=method-wrapper(...), anchorHoriz='center', anchorVert='center', antialias=True, autoDraw=False, autoLog=True, bold=False, color=array([1., 1., 1.]), colorSpace='rgb', contrast=1.0, depth=0, draggable=False, flipHoriz=False, flipVert=False, font='Open Sans', fontFiles=[], height=np.float64(0.1), italic=False, languageStyle='LTR', name='distr', opacity=1.0, ori=143, pos=array([-0.14652594, -0.25533419]), rgb=UNKNOWN, text='L', units='height', win=Window(...), wrapWidth=1)
57.5968 	EXP 	fixation: autoDraw = False
57.5968 	EXP 	target: autoDraw = False
57.5968 	EXP 	distr: autoDraw = False
57.5968 	EXP 	distr: autoDraw = False
57.5968 	EXP 	distr: autoDraw = False
57.5968 	EXP 	distr: autoDraw = False
57.5968 	EXP 	distr: autoDraw = False
57.5968 	EXP 	distr: autoDraw = False
57.5968 	EXP 	distr: autoDraw = False
57.5968 	EXP 	distr: autoDraw = False
57.5968 	EXP 	distr: autoDraw = False
57.5968 	EXP 	distr: autoDraw = False
57.5968 	EXP 	distr: autoDraw = True
57.5968 	EXP 	distr: autoDraw = True
57.5968 	EXP 	distr: autoDraw = True
57.5968 	EXP 	distr: autoDraw = True
57.5968 	EXP 	distr: autoDraw = True
57.5968 	EXP 	distr: autoDraw = True
57.5968 	EXP 	distr: autoDraw = True
57.5968 	EXP 	distr: autoDraw = True
57.5968 	EXP 	distr: autoDraw = True
57.5968 	EXP 	distr: autoDraw = True
57.5968 	EXP 	fixation: autoDraw = True
57.5968 	EXP 	target: autoDraw = True
57.7826 	DATA 	Mouse:  Left button up, pos=(630,716)
58.5972 	EXP 	fixation: autoDraw = False
58.8304 	DATA 	Mouse: Left button down, pos=(307,187)
58.8312 	EXP 	New trial (rep=42, index=0): <Trial 42 (0 in rep 42) data={'thisN': 42, 'thisTrialN': 0, 'thisRepN': 42}>
58.8337 	EXP 	Created distr = TextStim(__class__=<class 'psychopy.visual.text.TextStim'>, alignHoriz=method-wrapper(...), alignText='center', alignVert=method-wrapper(...), anchorHoriz='center', anchorVert='center', antialias=True, autoDraw=False, autoLog=True, bold=False, color=array([1., 1., 1.]), colorSpace='rgb', contrast=1.0, depth=0, draggable=False, flipHoriz=False, flipVert=False, font='Open Sans', fontFiles=[], height=np.float64(0.1), italic=False, languageStyle='LTR', name='distr', opacity=1.0, ori=57, pos=array([-0.40288556, -0.22719738]), rgb=UNKNOWN, text='L', units='height', win=Window(...), wrapWidth=1)
58.8352 	EXP 	Created distr = TextStim(__class__=<class 'psychopy.visual.text.TextStim'>, alignHoriz=method-wrapper(...), alignText='center', alignVert=method-wrapper(...), anchorHoriz='center', anchorVert='center', antialias=True, autoDraw=False, autoLog=True, bold=False, color=array([1., 1., 1.]), colorSpace='rgb', contrast=1.0, depth=0, draggable=False, flipHoriz=False, flipVert=False, font='Open Sans', fontFiles=[], height=np.float64(0.1), italic=False, languageStyle='LTR', name='distr', opacity=1.0, ori=124, pos=array([ 0.14288852, -0.4450472 ]), rgb=UNKNOWN, text='L', units='height', win=Window(...), wrapWidth=1)
58.8366 	EXP 	Created distr = TextStim(__class__=<class 'psychopy.visual.text.TextStim'>, alignHoriz=method-wrapper(...), alignText='center', alignVert=method-wrapper(...), anchorHoriz='center', anchorVert='center', antialias=True, autoDraw=False, autoLog=True, bold=False, color=array([1., 1., 1.]), colorSpace='rgb', contrast=1.0, depth=0, draggable=False, flipHoriz=False, flipVert=False, font='Open Sans', fontFiles=[], height=np.float64(0.1), italic=False, languageStyle='LTR', name='distr', opacity=1.0, ori=237, pos=array([ 0.2578878 , -0.40923978]), rgb=UNKNOWN, text='L', units='height', win=Window(...), wrapWidth=1)
58.8380 	EXP 	Created distr = TextStim(__class__=<class 'psychopy.visual.text.TextStim'>, alignHoriz=method-wrapper(...), alignText='center', alignVert=method-wrapper(...), anchorHoriz='center', anchorVert='center', antialias=True, autoDraw=False, autoLog=True, bold=False, color=array([1., 1., 1.]), colorSpace='rgb', contrast=1.0, depth=0, draggable=False, flipHoriz=False, flipVert=False, font='Open Sans', fontFiles=[], height=np.float64(0.1), italic=False, languageStyle='LTR', name='distr', opacity=1.0, ori=129, pos=array([-0.09385918,  0.48587175]), rgb=UNKNOWN, text='L', units='height', win=Window(...), wrapWidth=1)
58.8393 	EXP 	Created distr = TextStim(__class__=<class 'psychopy.visual.text.TextStim'>, alignHoriz=method-wrapper(...), alignText='center', alignVert=method-wrapper(...), anchorHoriz='center', anchorVert='center', antialias=True, autoDraw=False, autoLog=True, bold=False, color=array([1., 1., 1.]), colorSpace='rgb', contrast=1.0, depth=0, draggable=False, flipHoriz=False, flipVert=False, font='Open Sans', fontFiles=[], height=np.float64(0.1), italic=False, languageStyle='LTR', name='distr', opacity=1.0, ori=228, pos=array([-0.42861466,  0.43592164]), rgb=UNKNOWN, text='L', units='height', win=Window(...), wrapWidth=1)
58.8626 	EXP 	fixation: autoDraw = False
58.8626 	EXP 	target: autoDraw = False
58.8626 	EXP 	distr: autoDraw = False
58.8626 	EXP 	distr: autoDraw = False
58.8626 	EXP 	distr: autoDraw = False
58.8626 	EXP 	distr: autoDraw = False
58.8626 	EXP 	distr: autoDraw = False
58.8626 	EXP 	distr: autoDraw = False
58.8626 	EXP 	distr: autoDraw = False
58.8626 	EXP 	distr: autoDraw = False
58.8626 	EXP 	distr: autoDraw = False
58.8626 	EXP 	distr: autoDraw = False
58.8626 	EXP 	distr: autoDraw = True
58.8626 	EXP 	distr: autoDraw = True
58.8626 	EXP 	distr: autoDraw = True
58.8626 	EXP 	distr: autoDraw = True
58.8626 	EXP 	distr: autoDraw = True
58.8626 	EXP 	fixation: autoDraw = True
58.8626 	EXP 	target: autoDraw = True
59.0490 	DATA 	Mouse:  Left button up, pos=(307,187)
59.8629 	EXP 	fixation: autoDraw = False
59.9806 	DATA 	Mouse: Left button down, pos=(410,336)
59.9816 	EXP 	New trial (rep=43, index=0): <Trial 43 (0 in rep 43) data={'thisN': 43, 'thisTrialN': 0, 'thisRepN': 43}>
59.9841 	EXP 	Created distr = TextStim(__class__=<class 'psychopy.visual.text.TextStim'>, alignHoriz=method-wrapper(...), alignText='center', alignVert=method-wrapper(...), anchorHoriz='center', anchorVert='center', antialias=True, autoDraw=False, autoLog=True, bold=False, color=array([1., 1., 1.]), colorSpace='rgb', contrast=1.0, depth=0, draggable=False, flipHoriz=False, flipVert=False, font='Open Sans', fontFiles=[], height=np.float64(0.1), italic=False, languageStyle='LTR', name='distr', opacity=1.0, ori=222, pos=array([ 0.4063731 , -0.44118694]), rgb=UNKNOWN, text='L', units='height', win=Window(...), wrapWidth=1)
59.9858 	EXP 	Created distr = TextStim(__class__=<class 'psychopy.visual.text.TextStim'>, alignHoriz=method-wrapper(...), alignText='center', alignVert=method-wrapper(...), anchorHoriz='center', anchorVert='center', antialias=True, autoDraw=False, autoLog=True, bold=False, color=array([1., 1., 1.]), colorSpace='rgb', contrast=1.0, depth=0, draggable=False, flipHoriz=False, flipVert=False, font='Open Sans', fontFiles=[], height=np.float64(0.1), italic=False, languageStyle='LTR', name='distr', opacity=1.0, ori=309, pos=array([-0.11283607,  0.36021302]), rgb=UNKNOWN, text='L', units='height', win=Window(...), wrapWidth=1)
59.9871 	EXP 	Created distr = TextStim(__class__=<class 'psychopy.visual.text.TextStim'>, alignHoriz=method-wrapper(...), alignText='center', alignVert=method-wrapper(...), anchorHoriz='center', anchorVert='center', antialias=True, autoDraw=False, autoLog=True, bold=False, color=array([1., 1., 1.]), colorSpace='rgb', contrast=1.0, depth=0, draggable=False, flipHoriz=False, flipVert=False, font='Open Sans', fontFiles=[], height=np.float64(0.1), italic=False, languageStyle='LTR', name='distr', opacity=1.0, ori=343, pos=array([-0.3694342 , -0.48054656]), rgb=UNKNOWN, text='L', units='height', win=Window(...), wrapWidth=1)
59.9885 	EXP 	Created distr = TextStim(__class__=<class 'psychopy.visual.text.TextStim'>, alignHoriz=method-wrapper(...), alignText='center', alignVert=method-wrapper(...), anchorHoriz='center', anchorVert='center', antialias=True, autoDraw=False, autoLog=True, bold=False, color=array([1., 1., 1.]), colorSpace='rgb', contrast=1.0, depth=0, draggable=False, flipHoriz=False, flipVert=False, font='Open Sans', fontFiles=[], height=np.float64(0.1), italic=False, languageStyle='LTR', name='distr', opacity=1.0, ori=38, pos=array([-0.09529079, -0.18953034]), rgb=UNKNOWN, text='L', units='height', win=Window(...), wrapWidth=1)
59.9899 	EXP 	Created distr = TextStim(__class__=<class 'psychopy.visual.text.TextStim'>, alignHoriz=method-wrapper(...), alignText='center', alignVert=method-wrapper(...), anchorHoriz='center', anchorVert='center', antialias=True, autoDraw=False, autoLog=True, bold=False, color=array([1., 1., 1.]), colorSpace='rgb', contrast=1.0, depth=0, draggable=False, flipHoriz=False, flipVert=False, font='Open Sans', fontFiles=[], height=np.float64(0.1), italic=False, languageStyle='LTR', name='distr', opacity=1.0, ori=52, pos=array([ 0.14111209, -0.1580174 ]), rgb=UNKNOWN, text='L', units='height', win=Window(...), wrapWidth=1)
60.0117 	EXP 	fixation: autoDraw = False
60.0117 	EXP 	target: autoDraw = False
60.0117 	EXP 	distr: autoDraw = False
60.0117 	EXP 	distr: autoDraw = False
60.0117 	EXP 	distr: autoDraw = False
60.0117 	EXP 	distr: autoDraw = False
60.0117 	EXP 	distr: autoDraw = False
60.0117 	EXP 	distr: autoDraw = True
60.0117 	EXP 	distr: autoDraw = True
60.0117 	EXP 	distr: autoDraw = True
60.0117 	EXP 	distr: autoDraw = True
60.0117 	EXP 	distr: autoDraw = True
60.0117 	EXP 	fixation: autoDraw = True
60.0117 	EXP 	target: autoDraw = True
60.1979 	DATA 	Mouse:  Left button up, pos=(410,336)
61.0115 	EXP 	fixation: autoDraw = False
61.1961 	DATA 	Mouse: Left button down, pos=(553,323)
61.1970 	EXP 	New trial (rep=44, index=0): <Trial 44 (0 in rep 44) data={'thisN': 44, 'thisTrialN': 0, 'thisRepN': 44}>
61.1998 	EXP 	Created distr = TextStim(__class__=<class 'psychopy.visual.text.TextStim'>, alignHoriz=method-wrapper(...), alignText='center', alignVert=method-wrapper(...), anchorHoriz='center', anchorVert='center', antialias=True, autoDraw=False, autoLog=True, bold=False, color=array([1., 1., 1.]), colorSpace='rgb', contrast=1.0, depth=0, draggable=False, flipHoriz=False, flipVert=False, font='Open Sans', fontFiles=[], height=np.float64(0.1), italic=False, languageStyle='LTR', name='distr', opacity=1.0, ori=208, pos=array([-0.02811325,  0.142541  ]), rgb=UNKNOWN, text='L', units='height', win=Window(...), wrapWidth=1)
61.2012 	EXP 	Created distr = TextStim(__class__=<class 'psychopy.visual.text.TextStim'>, alignHoriz=method-wrapper(...), alignText='center', alignVert=method-wrapper(...), anchorHoriz='center', anchorVert='center', antialias=True, autoDraw=False, autoLog=True, bold=False, color=array([1., 1., 1.]), colorSpace='rgb', contrast=1.0, depth=0, draggable=False, flipHoriz=False, flipVert=False, font='Open Sans', fontFiles=[], height=np.float64(0.1), italic=False, languageStyle='LTR', name='distr', opacity=1.0, ori=180, pos=array([0.24047403, 0.48481542]), rgb=UNKNOWN, text='L', units='height', win=Window(...), wrapWidth=1)
61.2027 	EXP 	Created distr = TextStim(__class__=<class 'psychopy.visual.text.TextStim'>, alignHoriz=method-wrapper(...), alignText='center', alignVert=method-wrapper(...), anchorHoriz='center', anchorVert='center', antialias=True, autoDraw=False, autoLog=True, bold=False, color=array([1., 1., 1.]), colorSpace='rgb', contrast=1.0, depth=0, draggable=False, flipHoriz=False, flipVert=False, font='Open Sans', fontFiles=[], height=np.float64(0.1), italic=False, languageStyle='LTR', name='distr', opacity=1.0, ori=164, pos=array([0.19380114, 0.07778978]), rgb=UNKNOWN, text='L', units='height', win=Window(...), wrapWidth=1)
61.2041 	EXP 	Created distr = TextStim(__class__=<class 'psychopy.visual.text.TextStim'>, alignHoriz=method-wrapper(...), alignText='center', alignVert=method-wrapper(...), anchorHoriz='center', anchorVert='center', antialias=True, autoDraw=False, autoLog=True, bold=False, color=array([1., 1., 1.]), colorSpace='rgb', contrast=1.0, depth=0, draggable=False, flipHoriz=False, flipVert=False, font='Open Sans', fontFiles=[], height=np.float64(0.1), italic=False, languageStyle='LTR', name='distr', opacity=1.0, ori=212, pos=array([-0.27693139, -0.4871429 ]), rgb=UNKNOWN, text='L', units='height', win=Window(...), wrapWidth=1)
61.2054 	EXP 	Created distr = TextStim(__class__=<class 'psychopy.visual.text.TextStim'>, alignHoriz=method-wrapper(...), alignText='center', alignVert=method-wrapper(...), anchorHoriz='center', anchorVert='center', antialias=True, autoDraw=False, autoLog=True, bold=False, color=array([1., 1., 1.]), colorSpace='rgb', contrast=1.0, depth=0, draggable=False, flipHoriz=False, flipVert=False, font='Open Sans', fontFiles=[], height=np.float64(0.1), italic=False, languageStyle='LTR', name='distr', opacity=1.0, ori=170, pos=array([-0.27385278,  0.32149733]), rgb=UNKNOWN, text='L', units='height', win=Window(...), wrapWidth=1)
61.2273 	EXP 	fixation: autoDraw = False
61.2273 	EXP 	target: autoDraw = False
61.2273 	EXP 	distr: autoDraw = False
61.2273 	EXP 	distr: autoDraw = False
61.2273 	EXP 	distr: autoDraw = False
61.2273 	EXP 	distr: autoDraw = False
61.2273 	EXP 	distr: autoDraw = False
61.2273 	EXP 	distr: autoDraw = True
61.2273 	EXP 	distr: autoDraw = True
61.2273 	EXP 	distr: autoDraw = True
61.2273 	EXP 	distr: autoDraw = True
61.2273 	EXP 	distr: autoDraw = True
61.2273 	EXP 	fixation: autoDraw = True
61.2273 	EXP 	target: autoDraw = True
61.4290 	DATA 	Mouse:  Left button up, pos=(553,323)
62.1780 	DATA 	Mouse: Left button down, pos=(669,212)
62.1788 	EXP 	New trial (rep=45, index=0): <Trial 45 (0 in rep 45) data={'thisN': 45, 'thisTrialN': 0, 'thisRepN': 45}>
62.1814 	EXP 	Created distr = TextStim(__class__=<class 'psychopy.visual.text.TextStim'>, alignHoriz=method-wrapper(...), alignText='center', alignVert=method-wrapper(...), anchorHoriz='center', anchorVert='center', antialias=True, autoDraw=False, autoLog=True, bold=False, color=array([1., 1., 1.]), colorSpace='rgb', contrast=1.0, depth=0, draggable=False, flipHoriz=False, flipVert=False, font='Open Sans', fontFiles=[], height=np.float64(0.1), italic=False, languageStyle='LTR', name='distr', opacity=1.0, ori=212, pos=array([-0.39156359, -0.08074183]), rgb=UNKNOWN, text='L', units='height', win=Window(...), wrapWidth=1)
62.1829 	EXP 	Created distr = TextStim(__class__=<class 'psychopy.visual.text.TextStim'>, alignHoriz=method-wrapper(...), alignText='center', alignVert=method-wrapper(...), anchorHoriz='center', anchorVert='center', antialias=True, autoDraw=False, autoLog=True, bold=False, color=array([1., 1., 1.]), colorSpace='rgb', contrast=1.0, depth=0, draggable=False, flipHoriz=False, flipVert=False, font='Open Sans', fontFiles=[], height=np.float64(0.1), italic=False, languageStyle='LTR', name='distr', opacity=1.0, ori=53, pos=array([-0.31593414,  0.43134261]), rgb=UNKNOWN, text='L', units='height', win=Window(...), wrapWidth=1)
62.1842 	EXP 	Created distr = TextStim(__class__=<class 'psychopy.visual.text.TextStim'>, alignHoriz=method-wrapper(...), alignText='center', alignVert=method-wrapper(...), anchorHoriz='center', anchorVert='center', antialias=True, autoDraw=False, autoLog=True, bold=False, color=array([1., 1., 1.]), colorSpace='rgb', contrast=1.0, depth=0, draggable=False, flipHoriz=False, flipVert=False, font='Open Sans', fontFiles=[], height=np.float64(0.1), italic=False, languageStyle='LTR', name='distr', opacity=1.0, ori=97, pos=array([-0.1522064, -0.0851618]), rgb=UNKNOWN, text='L', units='height', win=Window(...), wrapWidth=1)
62.1856 	EXP 	Created distr = TextStim(__class__=<class 'psychopy.visual.text.TextStim'>, alignHoriz=method-wrapper(...), alignText='center', alignVert=method-wrapper(...), anchorHoriz='center', anchorVert='center', antialias=True, autoDraw=False, autoLog=True, bold=False, color=array([1., 1., 1.]), colorSpace='rgb', contrast=1.0, depth=0, draggable=False, flipHoriz=False, flipVert=False, font='Open Sans', fontFiles=[], height=np.float64(0.1), italic=False, languageStyle='LTR', name='distr', opacity=1.0, ori=275, pos=array([ 0.44587737, -0.11656784]), rgb=UNKNOWN, text='L', units='height', win=Window(...), wrapWidth=1)
62.1870 	EXP 	Created distr = TextStim(__class__=<class 'psychopy.visual.text.TextStim'>, alignHoriz=method-wrapper(...), alignText='center', alignVert=method-wrapper(...), anchorHoriz='center', anchorVert='center', antialias=True, autoDraw=False, autoLog=True, bold=False, color=array([1., 1., 1.]), colorSpace='rgb', contrast=1.0, depth=0, draggable=False, flipHoriz=False, flipVert=False, font='Open Sans', fontFiles=[], height=np.float64(0.1), italic=False, languageStyle='LTR', name='distr', opacity=1.0, ori=65, pos=array([0.09590573, 0.31395846]), rgb=UNKNOWN, text='L', units='height', win=Window(...), wrapWidth=1)
62.1935 	EXP 	fixation: autoDraw = False
62.1935 	EXP 	target: autoDraw = False
62.1935 	EXP 	distr: autoDraw = False
62.1935 	EXP 	distr: autoDraw = False
62.1935 	EXP 	distr: autoDraw = False
62.1935 	EXP 	distr: autoDraw = False
62.1935 	EXP 	distr: autoDraw = False
62.1935 	EXP 	distr: autoDraw = True
62.1935 	EXP 	distr: autoDraw = True
62.1935 	EXP 	distr: autoDraw = True
62.1935 	EXP 	distr: autoDraw = True
62.1935 	EXP 	distr: autoDraw = True
62.1935 	EXP 	fixation: autoDraw = True
62.1935 	EXP 	target: autoDraw = True
62.4116 	DATA 	Mouse:  Left button up, pos=(669,212)
63.1930 	EXP 	fixation: autoDraw = False
63.4946 	DATA 	Mouse: Left button down, pos=(984,29)
63.5103 	EXP 	New trial (rep=46, index=0): <Trial 46 (0 in rep 46) data={'thisN': 46, 'thisTrialN': 0, 'thisRepN': 46}>
63.5124 	EXP 	Created distr = TextStim(__class__=<class 'psychopy.visual.text.TextStim'>, alignHoriz=method-wrapper(...), alignText='center', alignVert=method-wrapper(...), anchorHoriz='center', anchorVert='center', antialias=True, autoDraw=False, autoLog=True, bold=False, color=array([1., 1., 1.]), colorSpace='rgb', contrast=1.0, depth=0, draggable=False, flipHoriz=False, flipVert=False, font='Open Sans', fontFiles=[], height=np.float64(0.1), italic=False, languageStyle='LTR', name='distr', opacity=1.0, ori=195, pos=array([0.49780883, 0.21100735]), rgb=UNKNOWN, text='L', units='height', win=Window(...), wrapWidth=1)
63.5138 	EXP 	Created distr = TextStim(__class__=<class 'psychopy.visual.text.TextStim'>, alignHoriz=method-wrapper(...), alignText='center', alignVert=method-wrapper(...), anchorHoriz='center', anchorVert='center', antialias=True, autoDraw=False, autoLog=True, bold=False, color=array([1., 1., 1.]), colorSpace='rgb', contrast=1.0, depth=0, draggable=False, flipHoriz=False, flipVert=False, font='Open Sans', fontFiles=[], height=np.float64(0.1), italic=False, languageStyle='LTR', name='distr', opacity=1.0, ori=227, pos=array([-0.36790144, -0.18462274]), rgb=UNKNOWN, text='L', units='height', win=Window(...), wrapWidth=1)
63.5154 	EXP 	Created distr = TextStim(__class__=<class 'psychopy.visual.text.TextStim'>, alignHoriz=method-wrapper(...), alignText='center', alignVert=method-wrapper(...), anchorHoriz='center', anchorVert='center', antialias=True, autoDraw=False, autoLog=True, bold=False, color=array([1., 1., 1.]), colorSpace='rgb', contrast=1.0, depth=0, draggable=False, flipHoriz=False, flipVert=False, font='Open Sans', fontFiles=[], height=np.float64(0.1), italic=False, languageStyle='LTR', name='distr', opacity=1.0, ori=328, pos=array([-0.22064544,  0.25305441]), rgb=UNKNOWN, text='L', units='height', win=Window(...), wrapWidth=1)
63.5167 	EXP 	Created distr = TextStim(__class__=<class 'psychopy.visual.text.TextStim'>, alignHoriz=method-wrapper(...), alignText='center', alignVert=method-wrapper(...), anchorHoriz='center', anchorVert='center', antialias=True, autoDraw=False, autoLog=True, bold=False, color=array([1., 1., 1.]), colorSpace='rgb', contrast=1.0, depth=0, draggable=False, flipHoriz=False, flipVert=False, font='Open Sans', fontFiles=[], height=np.float64(0.1), italic=False, languageStyle='LTR', name='distr', opacity=1.0, ori=170, pos=array([-0.1435082 ,  0.14816381]), rgb=UNKNOWN, text='L', units='height', win=Window(...), wrapWidth=1)
63.5181 	EXP 	Created distr = TextStim(__class__=<class 'psychopy.visual.text.TextStim'>, alignHoriz=method-wrapper(...), alignText='center', alignVert=method-wrapper(...), anchorHoriz='center', anchorVert='center', antialias=True, autoDraw=False, autoLog=True, bold=False, color=array([1., 1., 1.]), colorSpace='rgb', contrast=1.0, depth=0, draggable=False, flipHoriz=False, flipVert=False, font='Open Sans', fontFiles=[], height=np.float64(0.1), italic=False, languageStyle='LTR', name='distr', opacity=1.0, ori=47, pos=array([-0.07745574, -0.15901653]), rgb=UNKNOWN, text='L', units='height', win=Window(...), wrapWidth=1)
63.5196 	EXP 	Created distr = TextStim(__class__=<class 'psychopy.visual.text.TextStim'>, alignHoriz=method-wrapper(...), alignText='center', alignVert=method-wrapper(...), anchorHoriz='center', anchorVert='center', antialias=True, autoDraw=False, autoLog=True, bold=False, color=array([1., 1., 1.]), colorSpace='rgb', contrast=1.0, depth=0, draggable=False, flipHoriz=False, flipVert=False, font='Open Sans', fontFiles=[], height=np.float64(0.1), italic=False, languageStyle='LTR', name='distr', opacity=1.0, ori=124, pos=array([0.30435406, 0.08306682]), rgb=UNKNOWN, text='L', units='height', win=Window(...), wrapWidth=1)
63.5210 	EXP 	Created distr = TextStim(__class__=<class 'psychopy.visual.text.TextStim'>, alignHoriz=method-wrapper(...), alignText='center', alignVert=method-wrapper(...), anchorHoriz='center', anchorVert='center', antialias=True, autoDraw=False, autoLog=True, bold=False, color=array([1., 1., 1.]), colorSpace='rgb', contrast=1.0, depth=0, draggable=False, flipHoriz=False, flipVert=False, font='Open Sans', fontFiles=[], height=np.float64(0.1), italic=False, languageStyle='LTR', name='distr', opacity=1.0, ori=341, pos=array([-0.13155381,  0.06061238]), rgb=UNKNOWN, text='L', units='height', win=Window(...), wrapWidth=1)
63.5223 	EXP 	Created distr = TextStim(__class__=<class 'psychopy.visual.text.TextStim'>, alignHoriz=method-wrapper(...), alignText='center', alignVert=method-wrapper(...), anchorHoriz='center', anchorVert='center', antialias=True, autoDraw=False, autoLog=True, bold=False, color=array([1., 1., 1.]), colorSpace='rgb', contrast=1.0, depth=0, draggable=False, flipHoriz=False, flipVert=False, font='Open Sans', fontFiles=[], height=np.float64(0.1), italic=False, languageStyle='LTR', name='distr', opacity=1.0, ori=238, pos=array([ 0.38993076, -0.14208944]), rgb=UNKNOWN, text='L', units='height', win=Window(...), wrapWidth=1)
63.5242 	EXP 	Created distr = TextStim(__class__=<class 'psychopy.visual.text.TextStim'>, alignHoriz=method-wrapper(...), alignText='center', alignVert=method-wrapper(...), anchorHoriz='center', anchorVert='center', antialias=True, autoDraw=False, autoLog=True, bold=False, color=array([1., 1., 1.]), colorSpace='rgb', contrast=1.0, depth=0, draggable=False, flipHoriz=False, flipVert=False, font='Open Sans', fontFiles=[], height=np.float64(0.1), italic=False, languageStyle='LTR', name='distr', opacity=1.0, ori=240, pos=array([ 0.42224899, -0.02600245]), rgb=UNKNOWN, text='L', units='height', win=Window(...), wrapWidth=1)
63.5260 	EXP 	Created distr = TextStim(__class__=<class 'psychopy.visual.text.TextStim'>, alignHoriz=method-wrapper(...), alignText='center', alignVert=method-wrapper(...), anchorHoriz='center', anchorVert='center', antialias=True, autoDraw=False, autoLog=True, bold=False, color=array([1., 1., 1.]), colorSpace='rgb', contrast=1.0, depth=0, draggable=False, flipHoriz=False, flipVert=False, font='Open Sans', fontFiles=[], height=np.float64(0.1), italic=False, languageStyle='LTR', name='distr', opacity=1.0, ori=47, pos=array([-0.36260104, -0.01464261]), rgb=UNKNOWN, text='L', units='height', win=Window(...), wrapWidth=1)
63.5422 	EXP 	fixation: autoDraw = False
63.5422 	EXP 	target: autoDraw = False
63.5422 	EXP 	distr: autoDraw = False
63.5422 	EXP 	distr: autoDraw = False
63.5422 	EXP 	distr: autoDraw = False
63.5422 	EXP 	distr: autoDraw = False
63.5422 	EXP 	distr: autoDraw = False
63.5422 	EXP 	distr: autoDraw = True
63.5422 	EXP 	distr: autoDraw = True
63.5422 	EXP 	distr: autoDraw = True
63.5422 	EXP 	distr: autoDraw = True
63.5422 	EXP 	distr: autoDraw = True
63.5422 	EXP 	distr: autoDraw = True
63.5422 	EXP 	distr: autoDraw = True
63.5422 	EXP 	distr: autoDraw = True
63.5422 	EXP 	distr: autoDraw = True
63.5422 	EXP 	distr: autoDraw = True
63.5422 	EXP 	fixation: autoDraw = True
63.5422 	EXP 	target: autoDraw = True
63.7118 	DATA 	Mouse:  Left button up, pos=(984,29)
64.5423 	EXP 	fixation: autoDraw = False
64.8430 	DATA 	Mouse: Left button down, pos=(310,249)
64.8437 	EXP 	New trial (rep=47, index=0): <Trial 47 (0 in rep 47) data={'thisN': 47, 'thisTrialN': 0, 'thisRepN': 47}>
64.8461 	EXP 	Created distr = TextStim(__class__=<class 'psychopy.visual.text.TextStim'>, alignHoriz=method-wrapper(...), alignText='center', alignVert=method-wrapper(...), anchorHoriz='center', anchorVert='center', antialias=True, autoDraw=False, autoLog=True, bold=False, color=array([1., 1., 1.]), colorSpace='rgb', contrast=1.0, depth=0, draggable=False, flipHoriz=False, flipVert=False, font='Open Sans', fontFiles=[], height=np.float64(0.1), italic=False, languageStyle='LTR', name='distr', opacity=1.0, ori=135, pos=array([ 0.33685024, -0.17132197]), rgb=UNKNOWN, text='L', units='height', win=Window(...), wrapWidth=1)
64.8476 	EXP 	Created distr = TextStim(__class__=<class 'psychopy.visual.text.TextStim'>, alignHoriz=method-wrapper(...), alignText='center', alignVert=method-wrapper(...), anchorHoriz='center', anchorVert='center', antialias=True, autoDraw=False, autoLog=True, bold=False, color=array([1., 1., 1.]), colorSpace='rgb', contrast=1.0, depth=0, draggable=False, flipHoriz=False, flipVert=False, font='Open Sans', fontFiles=[], height=np.float64(0.1), italic=False, languageStyle='LTR', name='distr', opacity=1.0, ori=311, pos=array([-0.04554463,  0.48217004]), rgb=UNKNOWN, text='L', units='height', win=Window(...), wrapWidth=1)
64.8492 	EXP 	Created distr = TextStim(__class__=<class 'psychopy.visual.text.TextStim'>, alignHoriz=method-wrapper(...), alignText='center', alignVert=method-wrapper(...), anchorHoriz='center', anchorVert='center', antialias=True, autoDraw=False, autoLog=True, bold=False, color=array([1., 1., 1.]), colorSpace='rgb', contrast=1.0, depth=0, draggable=False, flipHoriz=False, flipVert=False, font='Open Sans', fontFiles=[], height=np.float64(0.1), italic=False, languageStyle='LTR', name='distr', opacity=1.0, ori=286, pos=array([-0.08659525,  0.02942489]), rgb=UNKNOWN, text='L', units='height', win=Window(...), wrapWidth=1)
64.8506 	EXP 	Created distr = TextStim(__class__=<class 'psychopy.visual.text.TextStim'>, alignHoriz=method-wrapper(...), alignText='center', alignVert=method-wrapper(...), anchorHoriz='center', anchorVert='center', antialias=True, autoDraw=False, autoLog=True, bold=False, color=array([1., 1., 1.]), colorSpace='rgb', contrast=1.0, depth=0, draggable=False, flipHoriz=False, flipVert=False, font='Open Sans', fontFiles=[], height=np.float64(0.1), italic=False, languageStyle='LTR', name='distr', opacity=1.0, ori=39, pos=array([-0.36682745, -0.48017954]), rgb=UNKNOWN, text='L', units='height', win=Window(...), wrapWidth=1)
64.8519 	EXP 	Created distr = TextStim(__class__=<class 'psychopy.visual.text.TextStim'>, alignHoriz=method-wrapper(...), alignText='center', alignVert=method-wrapper(...), anchorHoriz='center', anchorVert='center', antialias=True, autoDraw=False, autoLog=True, bold=False, color=array([1., 1., 1.]), colorSpace='rgb', contrast=1.0, depth=0, draggable=False, flipHoriz=False, flipVert=False, font='Open Sans', fontFiles=[], height=np.float64(0.1), italic=False, languageStyle='LTR', name='distr', opacity=1.0, ori=305, pos=array([-0.24505745,  0.28812404]), rgb=UNKNOWN, text='L', units='height', win=Window(...), wrapWidth=1)
64.8533 	EXP 	Created distr = TextStim(__class__=<class 'psychopy.visual.text.TextStim'>, alignHoriz=method-wrapper(...), alignText='center', alignVert=method-wrapper(...), anchorHoriz='center', anchorVert='center', antialias=True, autoDraw=False, autoLog=True, bold=False, color=array([1., 1., 1.]), colorSpace='rgb', contrast=1.0, depth=0, draggable=False, flipHoriz=False, flipVert=False, font='Open Sans', fontFiles=[], height=np.float64(0.1), italic=False, languageStyle='LTR', name='distr', opacity=1.0, ori=93, pos=array([ 0.23302227, -0.00518809]), rgb=UNKNOWN, text='L', units='height', win=Window(...), wrapWidth=1)
64.8547 	EXP 	Created distr = TextStim(__class__=<class 'psychopy.visual.text.TextStim'>, alignHoriz=method-wrapper(...), alignText='center', alignVert=method-wrapper(...), anchorHoriz='center', anchorVert='center', antialias=True, autoDraw=False, autoLog=True, bold=False, color=array([1., 1., 1.]), colorSpace='rgb', contrast=1.0, depth=0, draggable=False, flipHoriz=False, flipVert=False, font='Open Sans', fontFiles=[], height=np.float64(0.1), italic=False, languageStyle='LTR', name='distr', opacity=1.0, ori=279, pos=array([ 0.47022458, -0.05959367]), rgb=UNKNOWN, text='L', units='height', win=Window(...), wrapWidth=1)
64.8572 	EXP 	Created distr = TextStim(__class__=<class 'psychopy.visual.text.TextStim'>, alignHoriz=method-wrapper(...), alignText='center', alignVert=method-wrapper(...), anchorHoriz='center', anchorVert='center', antialias=True, autoDraw=False, autoLog=True, bold=False, color=array([1., 1., 1.]), colorSpace='rgb', contrast=1.0, depth=0, draggable=False, flipHoriz=False, flipVert=False, font='Open Sans', fontFiles=[], height=np.float64(0.1), italic=False, languageStyle='LTR', name='distr', opacity=1.0, ori=244, pos=array([-0.05703615,  0.19452868]), rgb=UNKNOWN, text='L', units='height', win=Window(...), wrapWidth=1)
64.8590 	EXP 	Created distr = TextStim(__class__=<class 'psychopy.visual.text.TextStim'>, alignHoriz=method-wrapper(...), alignText='center', alignVert=method-wrapper(...), anchorHoriz='center', anchorVert='center', antialias=True, autoDraw=False, autoLog=True, bold=False, color=array([1., 1., 1.]), colorSpace='rgb', contrast=1.0, depth=0, draggable=False, flipHoriz=False, flipVert=False, font='Open Sans', fontFiles=[], height=np.float64(0.1), italic=False, languageStyle='LTR', name='distr', opacity=1.0, ori=348, pos=array([-0.30271292,  0.11829687]), rgb=UNKNOWN, text='L', units='height', win=Window(...), wrapWidth=1)
64.8604 	EXP 	Created distr = TextStim(__class__=<class 'psychopy.visual.text.TextStim'>, alignHoriz=method-wrapper(...), alignText='center', alignVert=method-wrapper(...), anchorHoriz='center', anchorVert='center', antialias=True, autoDraw=False, autoLog=True, bold=False, color=array([1., 1., 1.]), colorSpace='rgb', contrast=1.0, depth=0, draggable=False, flipHoriz=False, flipVert=False, font='Open Sans', fontFiles=[], height=np.float64(0.1), italic=False, languageStyle='LTR', name='distr', opacity=1.0, ori=359, pos=array([ 0.23642512, -0.43307679]), rgb=UNKNOWN, text='L', units='height', win=Window(...), wrapWidth=1)
64.8742 	EXP 	fixation: autoDraw = False
64.8742 	EXP 	target: autoDraw = False
64.8742 	EXP 	distr: autoDraw = False
64.8742 	EXP 	distr: autoDraw = False
64.8742 	EXP 	distr: autoDraw = False
64.8742 	EXP 	distr: autoDraw = False
64.8742 	EXP 	distr: autoDraw = False
64.8742 	EXP 	distr: autoDraw = False
64.8742 	EXP 	distr: autoDraw = False
64.8742 	EXP 	distr: autoDraw = False
64.8742 	EXP 	distr: autoDraw = False
64.8742 	EXP 	distr: autoDraw = False
64.8742 	EXP 	distr: autoDraw = True
64.8742 	EXP 	distr: autoDraw = True
64.8742 	EXP 	distr: autoDraw = True
64.8742 	EXP 	distr: autoDraw = True
64.8742 	EXP 	distr: autoDraw = True
64.8742 	EXP 	distr: autoDraw = True
64.8742 	EXP 	distr: autoDraw = True
64.8742 	EXP 	distr: autoDraw = True
64.8742 	EXP 	distr: autoDraw = True
64.8742 	EXP 	distr: autoDraw = True
64.8742 	EXP 	fixation: autoDraw = True
64.8742 	EXP 	target: autoDraw = True
65.0757 	DATA 	Mouse:  Left button up, pos=(310,249)
65.8743 	EXP 	fixation: autoDraw = False
66.2084 	DATA 	Mouse: Left button down, pos=(778,565)
66.2095 	EXP 	New trial (rep=48, index=0): <Trial 48 (0 in rep 48) data={'thisN': 48, 'thisTrialN': 0, 'thisRepN': 48}>
66.2123 	EXP 	Created distr = TextStim(__class__=<class 'psychopy.visual.text.TextStim'>, alignHoriz=method-wrapper(...), alignText='center', alignVert=method-wrapper(...), anchorHoriz='center', anchorVert='center', antialias=True, autoDraw=False, autoLog=True, bold=False, color=array([1., 1., 1.]), colorSpace='rgb', contrast=1.0, depth=0, draggable=False, flipHoriz=False, flipVert=False, font='Open Sans', fontFiles=[], height=np.float64(0.1), italic=False, languageStyle='LTR', name='distr', opacity=1.0, ori=227, pos=array([0.43421215, 0.17214706]), rgb=UNKNOWN, text='L', units='height', win=Window(...), wrapWidth=1)
66.2138 	EXP 	Created distr = TextStim(__class__=<class 'psychopy.visual.text.TextStim'>, alignHoriz=method-wrapper(...), alignText='center', alignVert=method-wrapper(...), anchorHoriz='center', anchorVert='center', antialias=True, autoDraw=False, autoLog=True, bold=False, color=array([1., 1., 1.]), colorSpace='rgb', contrast=1.0, depth=0, draggable=False, flipHoriz=False, flipVert=False, font='Open Sans', fontFiles=[], height=np.float64(0.1), italic=False, languageStyle='LTR', name='distr', opacity=1.0, ori=88, pos=array([0.18296043, 0.44609399]), rgb=UNKNOWN, text='L', units='height', win=Window(...), wrapWidth=1)
66.2152 	EXP 	Created distr = TextStim(__class__=<class 'psychopy.visual.text.TextStim'>, alignHoriz=method-wrapper(...), alignText='center', alignVert=method-wrapper(...), anchorHoriz='center', anchorVert='center', antialias=True, autoDraw=False, autoLog=True, bold=False, color=array([1., 1., 1.]), colorSpace='rgb', contrast=1.0, depth=0, draggable=False, flipHoriz=False, flipVert=False, font='Open Sans', fontFiles=[], height=np.float64(0.1), italic=False, languageStyle='LTR', name='distr', opacity=1.0, ori=181, pos=array([ 0.31583963, -0.27978006]), rgb=UNKNOWN, text='L', units='height', win=Window(...), wrapWidth=1)
66.2165 	EXP 	Created distr = TextStim(__class__=<class 'psychopy.visual.text.TextStim'>, alignHoriz=method-wrapper(...), alignText='center', alignVert=method-wrapper(...), anchorHoriz='center', anchorVert='center', antialias=True, autoDraw=False, autoLog=True, bold=False, color=array([1., 1., 1.]), colorSpace='rgb', contrast=1.0, depth=0, draggable=False, flipHoriz=False, flipVert=False, font='Open Sans', fontFiles=[], height=np.float64(0.1), italic=False, languageStyle='LTR', name='distr', opacity=1.0, ori=164, pos=array([-0.20913624,  0.25400729]), rgb=UNKNOWN, text='L', units='height', win=Window(...), wrapWidth=1)
66.2179 	EXP 	Created distr = TextStim(__class__=<class 'psychopy.visual.text.TextStim'>, alignHoriz=method-wrapper(...), alignText='center', alignVert=method-wrapper(...), anchorHoriz='center', anchorVert='center', antialias=True, autoDraw=False, autoLog=True, bold=False, color=array([1., 1., 1.]), colorSpace='rgb', contrast=1.0, depth=0, draggable=False, flipHoriz=False, flipVert=False, font='Open Sans', fontFiles=[], height=np.float64(0.1), italic=False, languageStyle='LTR', name='distr', opacity=1.0, ori=39, pos=array([-0.33269858, -0.29848114]), rgb=UNKNOWN, text='L', units='height', win=Window(...), wrapWidth=1)
66.2397 	EXP 	fixation: autoDraw = False
66.2397 	EXP 	target: autoDraw = False
66.2397 	EXP 	distr: autoDraw = False
66.2397 	EXP 	distr: autoDraw = False
66.2397 	EXP 	distr: autoDraw = False
66.2397 	EXP 	distr: autoDraw = False
66.2397 	EXP 	distr: autoDraw = False
66.2397 	EXP 	distr: autoDraw = False
66.2397 	EXP 	distr: autoDraw = False
66.2397 	EXP 	distr: autoDraw = False
66.2397 	EXP 	distr: autoDraw = False
66.2397 	EXP 	distr: autoDraw = False
66.2397 	EXP 	distr: autoDraw = True
66.2397 	EXP 	distr: autoDraw = True
66.2397 	EXP 	distr: autoDraw = True
66.2397 	EXP 	distr: autoDraw = True
66.2397 	EXP 	distr: autoDraw = True
66.2397 	EXP 	fixation: autoDraw = True
66.2397 	EXP 	target: autoDraw = True
66.4246 	DATA 	Mouse:  Left button up, pos=(778,565)
67.2397 	EXP 	fixation: autoDraw = False
67.2742 	DATA 	Mouse: Left button down, pos=(472,595)
67.2753 	EXP 	New trial (rep=49, index=0): <Trial 49 (0 in rep 49) data={'thisN': 49, 'thisTrialN': 0, 'thisRepN': 49}>
67.2779 	EXP 	Created distr = TextStim(__class__=<class 'psychopy.visual.text.TextStim'>, alignHoriz=method-wrapper(...), alignText='center', alignVert=method-wrapper(...), anchorHoriz='center', anchorVert='center', antialias=True, autoDraw=False, autoLog=True, bold=False, color=array([1., 1., 1.]), colorSpace='rgb', contrast=1.0, depth=0, draggable=False, flipHoriz=False, flipVert=False, font='Open Sans', fontFiles=[], height=np.float64(0.1), italic=False, languageStyle='LTR', name='distr', opacity=1.0, ori=74, pos=array([-0.04923134, -0.32226644]), rgb=UNKNOWN, text='L', units='height', win=Window(...), wrapWidth=1)
67.2793 	EXP 	Created distr = TextStim(__class__=<class 'psychopy.visual.text.TextStim'>, alignHoriz=method-wrapper(...), alignText='center', alignVert=method-wrapper(...), anchorHoriz='center', anchorVert='center', antialias=True, autoDraw=False, autoLog=True, bold=False, color=array([1., 1., 1.]), colorSpace='rgb', contrast=1.0, depth=0, draggable=False, flipHoriz=False, flipVert=False, font='Open Sans', fontFiles=[], height=np.float64(0.1), italic=False, languageStyle='LTR', name='distr', opacity=1.0, ori=33, pos=array([-0.45443912, -0.12466723]), rgb=UNKNOWN, text='L', units='height', win=Window(...), wrapWidth=1)
67.2807 	EXP 	Created distr = TextStim(__class__=<class 'psychopy.visual.text.TextStim'>, alignHoriz=method-wrapper(...), alignText='center', alignVert=method-wrapper(...), anchorHoriz='center', anchorVert='center', antialias=True, autoDraw=False, autoLog=True, bold=False, color=array([1., 1., 1.]), colorSpace='rgb', contrast=1.0, depth=0, draggable=False, flipHoriz=False, flipVert=False, font='Open Sans', fontFiles=[], height=np.float64(0.1), italic=False, languageStyle='LTR', name='distr', opacity=1.0, ori=55, pos=array([-0.06405549, -0.17285825]), rgb=UNKNOWN, text='L', units='height', win=Window(...), wrapWidth=1)
67.2820 	EXP 	Created distr = TextStim(__class__=<class 'psychopy.visual.text.TextStim'>, alignHoriz=method-wrapper(...), alignText='center', alignVert=method-wrapper(...), anchorHoriz='center', anchorVert='center', antialias=True, autoDraw=False, autoLog=True, bold=False, color=array([1., 1., 1.]), colorSpace='rgb', contrast=1.0, depth=0, draggable=False, flipHoriz=False, flipVert=False, font='Open Sans', fontFiles=[], height=np.float64(0.1), italic=False, languageStyle='LTR', name='distr', opacity=1.0, ori=88, pos=array([0.2800207 , 0.26922818]), rgb=UNKNOWN, text='L', units='height', win=Window(...), wrapWidth=1)
67.2833 	EXP 	Created distr = TextStim(__class__=<class 'psychopy.visual.text.TextStim'>, alignHoriz=method-wrapper(...), alignText='center', alignVert=method-wrapper(...), anchorHoriz='center', anchorVert='center', antialias=True, autoDraw=False, autoLog=True, bold=False, color=array([1., 1., 1.]), colorSpace='rgb', contrast=1.0, depth=0, draggable=False, flipHoriz=False, flipVert=False, font='Open Sans', fontFiles=[], height=np.float64(0.1), italic=False, languageStyle='LTR', name='distr', opacity=1.0, ori=54, pos=array([-0.18805135, -0.23207697]), rgb=UNKNOWN, text='L', units='height', win=Window(...), wrapWidth=1)
67.2848 	EXP 	Created distr = TextStim(__class__=<class 'psychopy.visual.text.TextStim'>, alignHoriz=method-wrapper(...), alignText='center', alignVert=method-wrapper(...), anchorHoriz='center', anchorVert='center', antialias=True, autoDraw=False, autoLog=True, bold=False, color=array([1., 1., 1.]), colorSpace='rgb', contrast=1.0, depth=0, draggable=False, flipHoriz=False, flipVert=False, font='Open Sans', fontFiles=[], height=np.float64(0.1), italic=False, languageStyle='LTR', name='distr', opacity=1.0, ori=207, pos=array([0.46216717, 0.15130704]), rgb=UNKNOWN, text='L', units='height', win=Window(...), wrapWidth=1)
67.2863 	EXP 	Created distr = TextStim(__class__=<class 'psychopy.visual.text.TextStim'>, alignHoriz=method-wrapper(...), alignText='center', alignVert=method-wrapper(...), anchorHoriz='center', anchorVert='center', antialias=True, autoDraw=False, autoLog=True, bold=False, color=array([1., 1., 1.]), colorSpace='rgb', contrast=1.0, depth=0, draggable=False, flipHoriz=False, flipVert=False, font='Open Sans', fontFiles=[], height=np.float64(0.1), italic=False, languageStyle='LTR', name='distr', opacity=1.0, ori=248, pos=array([ 0.03885187, -0.09435277]), rgb=UNKNOWN, text='L', units='height', win=Window(...), wrapWidth=1)
67.2885 	EXP 	Created distr = TextStim(__class__=<class 'psychopy.visual.text.TextStim'>, alignHoriz=method-wrapper(...), alignText='center', alignVert=method-wrapper(...), anchorHoriz='center', anchorVert='center', antialias=True, autoDraw=False, autoLog=True, bold=False, color=array([1., 1., 1.]), colorSpace='rgb', contrast=1.0, depth=0, draggable=False, flipHoriz=False, flipVert=False, font='Open Sans', fontFiles=[], height=np.float64(0.1), italic=False, languageStyle='LTR', name='distr', opacity=1.0, ori=320, pos=array([-0.31080683,  0.09905479]), rgb=UNKNOWN, text='L', units='height', win=Window(...), wrapWidth=1)
67.2901 	EXP 	Created distr = TextStim(__class__=<class 'psychopy.visual.text.TextStim'>, alignHoriz=method-wrapper(...), alignText='center', alignVert=method-wrapper(...), anchorHoriz='center', anchorVert='center', antialias=True, autoDraw=False, autoLog=True, bold=False, color=array([1., 1., 1.]), colorSpace='rgb', contrast=1.0, depth=0, draggable=False, flipHoriz=False, flipVert=False, font='Open Sans', fontFiles=[], height=np.float64(0.1), italic=False, languageStyle='LTR', name='distr', opacity=1.0, ori=55, pos=array([ 0.33831316, -0.27231923]), rgb=UNKNOWN, text='L', units='height', win=Window(...), wrapWidth=1)
67.2916 	EXP 	Created distr = TextStim(__class__=<class 'psychopy.visual.text.TextStim'>, alignHoriz=method-wrapper(...), alignText='center', alignVert=method-wrapper(...), anchorHoriz='center', anchorVert='center', antialias=True, autoDraw=False, autoLog=True, bold=False, color=array([1., 1., 1.]), colorSpace='rgb', contrast=1.0, depth=0, draggable=False, flipHoriz=False, flipVert=False, font='Open Sans', fontFiles=[], height=np.float64(0.1), italic=False, languageStyle='LTR', name='distr', opacity=1.0, ori=322, pos=array([-0.38140864,  0.39803499]), rgb=UNKNOWN, text='L', units='height', win=Window(...), wrapWidth=1)
67.3057 	EXP 	fixation: autoDraw = False
67.3057 	EXP 	target: autoDraw = False
67.3057 	EXP 	distr: autoDraw = False
67.3057 	EXP 	distr: autoDraw = False
67.3057 	EXP 	distr: autoDraw = False
67.3057 	EXP 	distr: autoDraw = False
67.3057 	EXP 	distr: autoDraw = False
67.3057 	EXP 	distr: autoDraw = True
67.3057 	EXP 	distr: autoDraw = True
67.3057 	EXP 	distr: autoDraw = True
67.3057 	EXP 	distr: autoDraw = True
67.3057 	EXP 	distr: autoDraw = True
67.3057 	EXP 	distr: autoDraw = True
67.3057 	EXP 	distr: autoDraw = True
67.3057 	EXP 	distr: autoDraw = True
67.3057 	EXP 	distr: autoDraw = True
67.3057 	EXP 	distr: autoDraw = True
67.3057 	EXP 	fixation: autoDraw = True
67.3057 	EXP 	target: autoDraw = True
67.4902 	DATA 	Mouse:  Left button up, pos=(472,595)
68.3062 	EXP 	fixation: autoDraw = False
68.5062 	DATA 	Mouse: Left button down, pos=(635,51)
68.7228 	DATA 	Mouse:  Left button up, pos=(635,51)
69.2389 	DATA 	Mouse: Left button down, pos=(633,38)
69.2395 	EXP 	New trial (rep=50, index=0): <Trial 50 (0 in rep 50) data={'thisN': 50, 'thisTrialN': 0, 'thisRepN': 50}>
69.2419 	EXP 	Created distr = TextStim(__class__=<class 'psychopy.visual.text.TextStim'>, alignHoriz=method-wrapper(...), alignText='center', alignVert=method-wrapper(...), anchorHoriz='center', anchorVert='center', antialias=True, autoDraw=False, autoLog=True, bold=False, color=array([1., 1., 1.]), colorSpace='rgb', contrast=1.0, depth=0, draggable=False, flipHoriz=False, flipVert=False, font='Open Sans', fontFiles=[], height=np.float64(0.1), italic=False, languageStyle='LTR', name='distr', opacity=1.0, ori=210, pos=array([-0.20590289, -0.40414933]), rgb=UNKNOWN, text='L', units='height', win=Window(...), wrapWidth=1)
69.2436 	EXP 	Created distr = TextStim(__class__=<class 'psychopy.visual.text.TextStim'>, alignHoriz=method-wrapper(...), alignText='center', alignVert=method-wrapper(...), anchorHoriz='center', anchorVert='center', antialias=True, autoDraw=False, autoLog=True, bold=False, color=array([1., 1., 1.]), colorSpace='rgb', contrast=1.0, depth=0, draggable=False, flipHoriz=False, flipVert=False, font='Open Sans', fontFiles=[], height=np.float64(0.1), italic=False, languageStyle='LTR', name='distr', opacity=1.0, ori=4, pos=array([-0.14495455, -0.16313929]), rgb=UNKNOWN, text='L', units='height', win=Window(...), wrapWidth=1)
69.2449 	EXP 	Created distr = TextStim(__class__=<class 'psychopy.visual.text.TextStim'>, alignHoriz=method-wrapper(...), alignText='center', alignVert=method-wrapper(...), anchorHoriz='center', anchorVert='center', antialias=True, autoDraw=False, autoLog=True, bold=False, color=array([1., 1., 1.]), colorSpace='rgb', contrast=1.0, depth=0, draggable=False, flipHoriz=False, flipVert=False, font='Open Sans', fontFiles=[], height=np.float64(0.1), italic=False, languageStyle='LTR', name='distr', opacity=1.0, ori=347, pos=array([-0.07706974, -0.26104708]), rgb=UNKNOWN, text='L', units='height', win=Window(...), wrapWidth=1)
69.2463 	EXP 	Created distr = TextStim(__class__=<class 'psychopy.visual.text.TextStim'>, alignHoriz=method-wrapper(...), alignText='center', alignVert=method-wrapper(...), anchorHoriz='center', anchorVert='center', antialias=True, autoDraw=False, autoLog=True, bold=False, color=array([1., 1., 1.]), colorSpace='rgb', contrast=1.0, depth=0, draggable=False, flipHoriz=False, flipVert=False, font='Open Sans', fontFiles=[], height=np.float64(0.1), italic=False, languageStyle='LTR', name='distr', opacity=1.0, ori=65, pos=array([ 0.45781749, -0.16470953]), rgb=UNKNOWN, text='L', units='height', win=Window(...), wrapWidth=1)
69.2477 	EXP 	Created distr = TextStim(__class__=<class 'psychopy.visual.text.TextStim'>, alignHoriz=method-wrapper(...), alignText='center', alignVert=method-wrapper(...), anchorHoriz='center', anchorVert='center', antialias=True, autoDraw=False, autoLog=True, bold=False, color=array([1., 1., 1.]), colorSpace='rgb', contrast=1.0, depth=0, draggable=False, flipHoriz=False, flipVert=False, font='Open Sans', fontFiles=[], height=np.float64(0.1), italic=False, languageStyle='LTR', name='distr', opacity=1.0, ori=200, pos=array([-0.29957265,  0.17859891]), rgb=UNKNOWN, text='L', units='height', win=Window(...), wrapWidth=1)
69.2491 	EXP 	Created distr = TextStim(__class__=<class 'psychopy.visual.text.TextStim'>, alignHoriz=method-wrapper(...), alignText='center', alignVert=method-wrapper(...), anchorHoriz='center', anchorVert='center', antialias=True, autoDraw=False, autoLog=True, bold=False, color=array([1., 1., 1.]), colorSpace='rgb', contrast=1.0, depth=0, draggable=False, flipHoriz=False, flipVert=False, font='Open Sans', fontFiles=[], height=np.float64(0.1), italic=False, languageStyle='LTR', name='distr', opacity=1.0, ori=110, pos=array([-0.06918242,  0.28900539]), rgb=UNKNOWN, text='L', units='height', win=Window(...), wrapWidth=1)
69.2504 	EXP 	Created distr = TextStim(__class__=<class 'psychopy.visual.text.TextStim'>, alignHoriz=method-wrapper(...), alignText='center', alignVert=method-wrapper(...), anchorHoriz='center', anchorVert='center', antialias=True, autoDraw=False, autoLog=True, bold=False, color=array([1., 1., 1.]), colorSpace='rgb', contrast=1.0, depth=0, draggable=False, flipHoriz=False, flipVert=False, font='Open Sans', fontFiles=[], height=np.float64(0.1), italic=False, languageStyle='LTR', name='distr', opacity=1.0, ori=34, pos=array([0.12106125, 0.23966523]), rgb=UNKNOWN, text='L', units='height', win=Window(...), wrapWidth=1)
69.2520 	EXP 	Created distr = TextStim(__class__=<class 'psychopy.visual.text.TextStim'>, alignHoriz=method-wrapper(...), alignText='center', alignVert=method-wrapper(...), anchorHoriz='center', anchorVert='center', antialias=True, autoDraw=False, autoLog=True, bold=False, color=array([1., 1., 1.]), colorSpace='rgb', contrast=1.0, depth=0, draggable=False, flipHoriz=False, flipVert=False, font='Open Sans', fontFiles=[], height=np.float64(0.1), italic=False, languageStyle='LTR', name='distr', opacity=1.0, ori=5, pos=array([ 0.11927225, -0.25529297]), rgb=UNKNOWN, text='L', units='height', win=Window(...), wrapWidth=1)
69.2541 	EXP 	Created distr = TextStim(__class__=<class 'psychopy.visual.text.TextStim'>, alignHoriz=method-wrapper(...), alignText='center', alignVert=method-wrapper(...), anchorHoriz='center', anchorVert='center', antialias=True, autoDraw=False, autoLog=True, bold=False, color=array([1., 1., 1.]), colorSpace='rgb', contrast=1.0, depth=0, draggable=False, flipHoriz=False, flipVert=False, font='Open Sans', fontFiles=[], height=np.float64(0.1), italic=False, languageStyle='LTR', name='distr', opacity=1.0, ori=337, pos=array([-0.43037678,  0.03122725]), rgb=UNKNOWN, text='L', units='height', win=Window(...), wrapWidth=1)
69.2556 	EXP 	Created distr = TextStim(__class__=<class 'psychopy.visual.text.TextStim'>, alignHoriz=method-wrapper(...), alignText='center', alignVert=method-wrapper(...), anchorHoriz='center', anchorVert='center', antialias=True, autoDraw=False, autoLog=True, bold=False, color=array([1., 1., 1.]), colorSpace='rgb', contrast=1.0, depth=0, draggable=False, flipHoriz=False, flipVert=False, font='Open Sans', fontFiles=[], height=np.float64(0.1), italic=False, languageStyle='LTR', name='distr', opacity=1.0, ori=162, pos=array([ 0.23348409, -0.3928098 ]), rgb=UNKNOWN, text='L', units='height', win=Window(...), wrapWidth=1)
69.2707 	EXP 	fixation: autoDraw = False
69.2707 	EXP 	target: autoDraw = False
69.2707 	EXP 	distr: autoDraw = False
69.2707 	EXP 	distr: autoDraw = False
69.2707 	EXP 	distr: autoDraw = False
69.2707 	EXP 	distr: autoDraw = False
69.2707 	EXP 	distr: autoDraw = False
69.2707 	EXP 	distr: autoDraw = False
69.2707 	EXP 	distr: autoDraw = False
69.2707 	EXP 	distr: autoDraw = False
69.2707 	EXP 	distr: autoDraw = False
69.2707 	EXP 	distr: autoDraw = False
69.2707 	EXP 	distr: autoDraw = True
69.2707 	EXP 	distr: autoDraw = True
69.2707 	EXP 	distr: autoDraw = True
69.2707 	EXP 	distr: autoDraw = True
69.2707 	EXP 	distr: autoDraw = True
69.2707 	EXP 	distr: autoDraw = True
69.2707 	EXP 	distr: autoDraw = True
69.2707 	EXP 	distr: autoDraw = True
69.2707 	EXP 	distr: autoDraw = True
69.2707 	EXP 	distr: autoDraw = True
69.2707 	EXP 	fixation: autoDraw = True
69.2707 	EXP 	target: autoDraw = True
69.4560 	DATA 	Mouse:  Left button up, pos=(633,38)
70.2711 	EXP 	fixation: autoDraw = False
70.5402 	DATA 	Mouse: Left button down, pos=(334,127)
70.5548 	EXP 	New trial (rep=51, index=0): <Trial 51 (0 in rep 51) data={'thisN': 51, 'thisTrialN': 0, 'thisRepN': 51}>
70.5573 	EXP 	Created distr = TextStim(__class__=<class 'psychopy.visual.text.TextStim'>, alignHoriz=method-wrapper(...), alignText='center', alignVert=method-wrapper(...), anchorHoriz='center', anchorVert='center', antialias=True, autoDraw=False, autoLog=True, bold=False, color=array([1., 1., 1.]), colorSpace='rgb', contrast=1.0, depth=0, draggable=False, flipHoriz=False, flipVert=False, font='Open Sans', fontFiles=[], height=np.float64(0.1), italic=False, languageStyle='LTR', name='distr', opacity=1.0, ori=191, pos=array([-0.28176131,  0.38973104]), rgb=UNKNOWN, text='L', units='height', win=Window(...), wrapWidth=1)
70.5590 	EXP 	Created distr = TextStim(__class__=<class 'psychopy.visual.text.TextStim'>, alignHoriz=method-wrapper(...), alignText='center', alignVert=method-wrapper(...), anchorHoriz='center', anchorVert='center', antialias=True, autoDraw=False, autoLog=True, bold=False, color=array([1., 1., 1.]), colorSpace='rgb', contrast=1.0, depth=0, draggable=False, flipHoriz=False, flipVert=False, font='Open Sans', fontFiles=[], height=np.float64(0.1), italic=False, languageStyle='LTR', name='distr', opacity=1.0, ori=251, pos=array([-0.00254081,  0.27182187]), rgb=UNKNOWN, text='L', units='height', win=Window(...), wrapWidth=1)
70.5606 	EXP 	Created distr = TextStim(__class__=<class 'psychopy.visual.text.TextStim'>, alignHoriz=method-wrapper(...), alignText='center', alignVert=method-wrapper(...), anchorHoriz='center', anchorVert='center', antialias=True, autoDraw=False, autoLog=True, bold=False, color=array([1., 1., 1.]), colorSpace='rgb', contrast=1.0, depth=0, draggable=False, flipHoriz=False, flipVert=False, font='Open Sans', fontFiles=[], height=np.float64(0.1), italic=False, languageStyle='LTR', name='distr', opacity=1.0, ori=350, pos=array([0.20835424, 0.08060362]), rgb=UNKNOWN, text='L', units='height', win=Window(...), wrapWidth=1)
70.5620 	EXP 	Created distr = TextStim(__class__=<class 'psychopy.visual.text.TextStim'>, alignHoriz=method-wrapper(...), alignText='center', alignVert=method-wrapper(...), anchorHoriz='center', anchorVert='center', antialias=True, autoDraw=False, autoLog=True, bold=False, color=array([1., 1., 1.]), colorSpace='rgb', contrast=1.0, depth=0, draggable=False, flipHoriz=False, flipVert=False, font='Open Sans', fontFiles=[], height=np.float64(0.1), italic=False, languageStyle='LTR', name='distr', opacity=1.0, ori=342, pos=array([ 0.26577477, -0.25894499]), rgb=UNKNOWN, text='L', units='height', win=Window(...), wrapWidth=1)
70.5636 	EXP 	Created distr = TextStim(__class__=<class 'psychopy.visual.text.TextStim'>, alignHoriz=method-wrapper(...), alignText='center', alignVert=method-wrapper(...), anchorHoriz='center', anchorVert='center', antialias=True, autoDraw=False, autoLog=True, bold=False, color=array([1., 1., 1.]), colorSpace='rgb', contrast=1.0, depth=0, draggable=False, flipHoriz=False, flipVert=False, font='Open Sans', fontFiles=[], height=np.float64(0.1), italic=False, languageStyle='LTR', name='distr', opacity=1.0, ori=294, pos=array([ 0.26500869, -0.47574166]), rgb=UNKNOWN, text='L', units='height', win=Window(...), wrapWidth=1)
70.5862 	EXP 	fixation: autoDraw = False
70.5862 	EXP 	target: autoDraw = False
70.5862 	EXP 	distr: autoDraw = False
70.5862 	EXP 	distr: autoDraw = False
70.5862 	EXP 	distr: autoDraw = False
70.5862 	EXP 	distr: autoDraw = False
70.5862 	EXP 	distr: autoDraw = False
70.5862 	EXP 	distr: autoDraw = False
70.5862 	EXP 	distr: autoDraw = False
70.5862 	EXP 	distr: autoDraw = False
70.5862 	EXP 	distr: autoDraw = False
70.5862 	EXP 	distr: autoDraw = False
70.5862 	EXP 	distr: autoDraw = True
70.5862 	EXP 	distr: autoDraw = True
70.5862 	EXP 	distr: autoDraw = True
70.5862 	EXP 	distr: autoDraw = True
70.5862 	EXP 	distr: autoDraw = True
70.5862 	EXP 	fixation: autoDraw = True
70.5862 	EXP 	target: autoDraw = True
70.7718 	DATA 	Mouse:  Left button up, pos=(334,127)
71.5864 	EXP 	fixation: autoDraw = False
71.8029 	DATA 	Mouse: Left button down, pos=(539,546)
72.0225 	DATA 	Mouse:  Left button up, pos=(539,546)
72.5530 	DATA 	Mouse: Left button down, pos=(535,546)
72.5536 	EXP 	New trial (rep=52, index=0): <Trial 52 (0 in rep 52) data={'thisN': 52, 'thisTrialN': 0, 'thisRepN': 52}>
72.5561 	EXP 	Created distr = TextStim(__class__=<class 'psychopy.visual.text.TextStim'>, alignHoriz=method-wrapper(...), alignText='center', alignVert=method-wrapper(...), anchorHoriz='center', anchorVert='center', antialias=True, autoDraw=False, autoLog=True, bold=False, color=array([1., 1., 1.]), colorSpace='rgb', contrast=1.0, depth=0, draggable=False, flipHoriz=False, flipVert=False, font='Open Sans', fontFiles=[], height=np.float64(0.1), italic=False, languageStyle='LTR', name='distr', opacity=1.0, ori=152, pos=array([-0.11634546,  0.42698428]), rgb=UNKNOWN, text='L', units='height', win=Window(...), wrapWidth=1)
72.5580 	EXP 	Created distr = TextStim(__class__=<class 'psychopy.visual.text.TextStim'>, alignHoriz=method-wrapper(...), alignText='center', alignVert=method-wrapper(...), anchorHoriz='center', anchorVert='center', antialias=True, autoDraw=False, autoLog=True, bold=False, color=array([1., 1., 1.]), colorSpace='rgb', contrast=1.0, depth=0, draggable=False, flipHoriz=False, flipVert=False, font='Open Sans', fontFiles=[], height=np.float64(0.1), italic=False, languageStyle='LTR', name='distr', opacity=1.0, ori=76, pos=array([-0.01525559,  0.15997508]), rgb=UNKNOWN, text='L', units='height', win=Window(...), wrapWidth=1)
72.5593 	EXP 	Created distr = TextStim(__class__=<class 'psychopy.visual.text.TextStim'>, alignHoriz=method-wrapper(...), alignText='center', alignVert=method-wrapper(...), anchorHoriz='center', anchorVert='center', antialias=True, autoDraw=False, autoLog=True, bold=False, color=array([1., 1., 1.]), colorSpace='rgb', contrast=1.0, depth=0, draggable=False, flipHoriz=False, flipVert=False, font='Open Sans', fontFiles=[], height=np.float64(0.1), italic=False, languageStyle='LTR', name='distr', opacity=1.0, ori=213, pos=array([ 0.19679341, -0.48643743]), rgb=UNKNOWN, text='L', units='height', win=Window(...), wrapWidth=1)
72.5607 	EXP 	Created distr = TextStim(__class__=<class 'psychopy.visual.text.TextStim'>, alignHoriz=method-wrapper(...), alignText='center', alignVert=method-wrapper(...), anchorHoriz='center', anchorVert='center', antialias=True, autoDraw=False, autoLog=True, bold=False, color=array([1., 1., 1.]), colorSpace='rgb', contrast=1.0, depth=0, draggable=False, flipHoriz=False, flipVert=False, font='Open Sans', fontFiles=[], height=np.float64(0.1), italic=False, languageStyle='LTR', name='distr', opacity=1.0, ori=226, pos=array([-0.01528962, -0.0293455 ]), rgb=UNKNOWN, text='L', units='height', win=Window(...), wrapWidth=1)
72.5620 	EXP 	Created distr = TextStim(__class__=<class 'psychopy.visual.text.TextStim'>, alignHoriz=method-wrapper(...), alignText='center', alignVert=method-wrapper(...), anchorHoriz='center', anchorVert='center', antialias=True, autoDraw=False, autoLog=True, bold=False, color=array([1., 1., 1.]), colorSpace='rgb', contrast=1.0, depth=0, draggable=False, flipHoriz=False, flipVert=False, font='Open Sans', fontFiles=[], height=np.float64(0.1), italic=False, languageStyle='LTR', name='distr', opacity=1.0, ori=12, pos=array([0.38598129, 0.11717912]), rgb=UNKNOWN, text='L', units='height', win=Window(...), wrapWidth=1)
72.5689 	EXP 	fixation: autoDraw = False
72.5689 	EXP 	target: autoDraw = False
72.5689 	EXP 	distr: autoDraw = False
72.5689 	EXP 	distr: autoDraw = False
72.5689 	EXP 	distr: autoDraw = False
72.5689 	EXP 	distr: autoDraw = False
72.5689 	EXP 	distr: autoDraw = False
72.5689 	EXP 	distr: autoDraw = True
72.5689 	EXP 	distr: autoDraw = True
72.5689 	EXP 	distr: autoDraw = True
72.5689 	EXP 	distr: autoDraw = True
72.5689 	EXP 	distr: autoDraw = True
72.5689 	EXP 	fixation: autoDraw = True
72.5689 	EXP 	target: autoDraw = True
72.7713 	DATA 	Mouse:  Left button up, pos=(535,546)
73.5852 	EXP 	fixation: autoDraw = False
73.7350 	DATA 	Mouse: Left button down, pos=(794,353)
73.9533 	DATA 	Mouse:  Left button up, pos=(794,353)
74.4189 	DATA 	Mouse: Left button down, pos=(800,347)
74.4196 	EXP 	New trial (rep=53, index=0): <Trial 53 (0 in rep 53) data={'thisN': 53, 'thisTrialN': 0, 'thisRepN': 53}>
74.4224 	EXP 	Created distr = TextStim(__class__=<class 'psychopy.visual.text.TextStim'>, alignHoriz=method-wrapper(...), alignText='center', alignVert=method-wrapper(...), anchorHoriz='center', anchorVert='center', antialias=True, autoDraw=False, autoLog=True, bold=False, color=array([1., 1., 1.]), colorSpace='rgb', contrast=1.0, depth=0, draggable=False, flipHoriz=False, flipVert=False, font='Open Sans', fontFiles=[], height=np.float64(0.1), italic=False, languageStyle='LTR', name='distr', opacity=1.0, ori=18, pos=array([ 0.42452143, -0.24090312]), rgb=UNKNOWN, text='L', units='height', win=Window(...), wrapWidth=1)
74.4241 	EXP 	Created distr = TextStim(__class__=<class 'psychopy.visual.text.TextStim'>, alignHoriz=method-wrapper(...), alignText='center', alignVert=method-wrapper(...), anchorHoriz='center', anchorVert='center', antialias=True, autoDraw=False, autoLog=True, bold=False, color=array([1., 1., 1.]), colorSpace='rgb', contrast=1.0, depth=0, draggable=False, flipHoriz=False, flipVert=False, font='Open Sans', fontFiles=[], height=np.float64(0.1), italic=False, languageStyle='LTR', name='distr', opacity=1.0, ori=57, pos=array([ 0.2074605 , -0.27968382]), rgb=UNKNOWN, text='L', units='height', win=Window(...), wrapWidth=1)
74.4255 	EXP 	Created distr = TextStim(__class__=<class 'psychopy.visual.text.TextStim'>, alignHoriz=method-wrapper(...), alignText='center', alignVert=method-wrapper(...), anchorHoriz='center', anchorVert='center', antialias=True, autoDraw=False, autoLog=True, bold=False, color=array([1., 1., 1.]), colorSpace='rgb', contrast=1.0, depth=0, draggable=False, flipHoriz=False, flipVert=False, font='Open Sans', fontFiles=[], height=np.float64(0.1), italic=False, languageStyle='LTR', name='distr', opacity=1.0, ori=304, pos=array([0.26247333, 0.22948558]), rgb=UNKNOWN, text='L', units='height', win=Window(...), wrapWidth=1)
74.4269 	EXP 	Created distr = TextStim(__class__=<class 'psychopy.visual.text.TextStim'>, alignHoriz=method-wrapper(...), alignText='center', alignVert=method-wrapper(...), anchorHoriz='center', anchorVert='center', antialias=True, autoDraw=False, autoLog=True, bold=False, color=array([1., 1., 1.]), colorSpace='rgb', contrast=1.0, depth=0, draggable=False, flipHoriz=False, flipVert=False, font='Open Sans', fontFiles=[], height=np.float64(0.1), italic=False, languageStyle='LTR', name='distr', opacity=1.0, ori=277, pos=array([-0.46437946,  0.12344564]), rgb=UNKNOWN, text='L', units='height', win=Window(...), wrapWidth=1)
74.4284 	EXP 	Created distr = TextStim(__class__=<class 'psychopy.visual.text.TextStim'>, alignHoriz=method-wrapper(...), alignText='center', alignVert=method-wrapper(...), anchorHoriz='center', anchorVert='center', antialias=True, autoDraw=False, autoLog=True, bold=False, color=array([1., 1., 1.]), colorSpace='rgb', contrast=1.0, depth=0, draggable=False, flipHoriz=False, flipVert=False, font='Open Sans', fontFiles=[], height=np.float64(0.1), italic=False, languageStyle='LTR', name='distr', opacity=1.0, ori=46, pos=array([0.23510308, 0.28474554]), rgb=UNKNOWN, text='L', units='height', win=Window(...), wrapWidth=1)
74.4496 	EXP 	fixation: autoDraw = False
74.4496 	EXP 	target: autoDraw = False
74.4496 	EXP 	distr: autoDraw = False
74.4496 	EXP 	distr: autoDraw = False
74.4496 	EXP 	distr: autoDraw = False
74.4496 	EXP 	distr: autoDraw = False
74.4496 	EXP 	distr: autoDraw = False
74.4496 	EXP 	distr: autoDraw = True
74.4496 	EXP 	distr: autoDraw = True
74.4496 	EXP 	distr: autoDraw = True
74.4496 	EXP 	distr: autoDraw = True
74.4496 	EXP 	distr: autoDraw = True
74.4496 	EXP 	fixation: autoDraw = True
74.4496 	EXP 	target: autoDraw = True
74.6513 	DATA 	Mouse:  Left button up, pos=(800,347)
75.4498 	EXP 	fixation: autoDraw = False
75.7004 	DATA 	Mouse: Left button down, pos=(525,404)
75.7011 	EXP 	New trial (rep=54, index=0): <Trial 54 (0 in rep 54) data={'thisN': 54, 'thisTrialN': 0, 'thisRepN': 54}>
75.7034 	EXP 	Created distr = TextStim(__class__=<class 'psychopy.visual.text.TextStim'>, alignHoriz=method-wrapper(...), alignText='center', alignVert=method-wrapper(...), anchorHoriz='center', anchorVert='center', antialias=True, autoDraw=False, autoLog=True, bold=False, color=array([1., 1., 1.]), colorSpace='rgb', contrast=1.0, depth=0, draggable=False, flipHoriz=False, flipVert=False, font='Open Sans', fontFiles=[], height=np.float64(0.1), italic=False, languageStyle='LTR', name='distr', opacity=1.0, ori=68, pos=array([-0.19421471,  0.44103057]), rgb=UNKNOWN, text='L', units='height', win=Window(...), wrapWidth=1)
75.7051 	EXP 	Created distr = TextStim(__class__=<class 'psychopy.visual.text.TextStim'>, alignHoriz=method-wrapper(...), alignText='center', alignVert=method-wrapper(...), anchorHoriz='center', anchorVert='center', antialias=True, autoDraw=False, autoLog=True, bold=False, color=array([1., 1., 1.]), colorSpace='rgb', contrast=1.0, depth=0, draggable=False, flipHoriz=False, flipVert=False, font='Open Sans', fontFiles=[], height=np.float64(0.1), italic=False, languageStyle='LTR', name='distr', opacity=1.0, ori=214, pos=array([-0.23906724, -0.41224368]), rgb=UNKNOWN, text='L', units='height', win=Window(...), wrapWidth=1)
75.7065 	EXP 	Created distr = TextStim(__class__=<class 'psychopy.visual.text.TextStim'>, alignHoriz=method-wrapper(...), alignText='center', alignVert=method-wrapper(...), anchorHoriz='center', anchorVert='center', antialias=True, autoDraw=False, autoLog=True, bold=False, color=array([1., 1., 1.]), colorSpace='rgb', contrast=1.0, depth=0, draggable=False, flipHoriz=False, flipVert=False, font='Open Sans', fontFiles=[], height=np.float64(0.1), italic=False, languageStyle='LTR', name='distr', opacity=1.0, ori=128, pos=array([-0.13484666, -0.14924193]), rgb=UNKNOWN, text='L', units='height', win=Window(...), wrapWidth=1)
75.7078 	EXP 	Created distr = TextStim(__class__=<class 'psychopy.visual.text.TextStim'>, alignHoriz=method-wrapper(...), alignText='center', alignVert=method-wrapper(...), anchorHoriz='center', anchorVert='center', antialias=True, autoDraw=False, autoLog=True, bold=False, color=array([1., 1., 1.]), colorSpace='rgb', contrast=1.0, depth=0, draggable=False, flipHoriz=False, flipVert=False, font='Open Sans', fontFiles=[], height=np.float64(0.1), italic=False, languageStyle='LTR', name='distr', opacity=1.0, ori=209, pos=array([0.35655284, 0.29000984]), rgb=UNKNOWN, text='L', units='height', win=Window(...), wrapWidth=1)
75.7093 	EXP 	Created distr = TextStim(__class__=<class 'psychopy.visual.text.TextStim'>, alignHoriz=method-wrapper(...), alignText='center', alignVert=method-wrapper(...), anchorHoriz='center', anchorVert='center', antialias=True, autoDraw=False, autoLog=True, bold=False, color=array([1., 1., 1.]), colorSpace='rgb', contrast=1.0, depth=0, draggable=False, flipHoriz=False, flipVert=False, font='Open Sans', fontFiles=[], height=np.float64(0.1), italic=False, languageStyle='LTR', name='distr', opacity=1.0, ori=112, pos=array([-0.2001688 , -0.02257466]), rgb=UNKNOWN, text='L', units='height', win=Window(...), wrapWidth=1)
75.7318 	EXP 	fixation: autoDraw = False
75.7318 	EXP 	target: autoDraw = False
75.7318 	EXP 	distr: autoDraw = False
75.7318 	EXP 	distr: autoDraw = False
75.7318 	EXP 	distr: autoDraw = False
75.7318 	EXP 	distr: autoDraw = False
75.7318 	EXP 	distr: autoDraw = False
75.7318 	EXP 	distr: autoDraw = True
75.7318 	EXP 	distr: autoDraw = True
75.7318 	EXP 	distr: autoDraw = True
75.7318 	EXP 	distr: autoDraw = True
75.7318 	EXP 	distr: autoDraw = True
75.7318 	EXP 	fixation: autoDraw = True
75.7318 	EXP 	target: autoDraw = True
75.9335 	DATA 	Mouse:  Left button up, pos=(525,404)
76.6994 	DATA 	Mouse: Left button down, pos=(700,589)
76.7001 	EXP 	New trial (rep=55, index=0): <Trial 55 (0 in rep 55) data={'thisN': 55, 'thisTrialN': 0, 'thisRepN': 55}>
76.7024 	EXP 	Created distr = TextStim(__class__=<class 'psychopy.visual.text.TextStim'>, alignHoriz=method-wrapper(...), alignText='center', alignVert=method-wrapper(...), anchorHoriz='center', anchorVert='center', antialias=True, autoDraw=False, autoLog=True, bold=False, color=array([1., 1., 1.]), colorSpace='rgb', contrast=1.0, depth=0, draggable=False, flipHoriz=False, flipVert=False, font='Open Sans', fontFiles=[], height=np.float64(0.1), italic=False, languageStyle='LTR', name='distr', opacity=1.0, ori=177, pos=array([-0.18004298, -0.45150124]), rgb=UNKNOWN, text='L', units='height', win=Window(...), wrapWidth=1)
76.7041 	EXP 	Created distr = TextStim(__class__=<class 'psychopy.visual.text.TextStim'>, alignHoriz=method-wrapper(...), alignText='center', alignVert=method-wrapper(...), anchorHoriz='center', anchorVert='center', antialias=True, autoDraw=False, autoLog=True, bold=False, color=array([1., 1., 1.]), colorSpace='rgb', contrast=1.0, depth=0, draggable=False, flipHoriz=False, flipVert=False, font='Open Sans', fontFiles=[], height=np.float64(0.1), italic=False, languageStyle='LTR', name='distr', opacity=1.0, ori=91, pos=array([-0.06195232, -0.20850152]), rgb=UNKNOWN, text='L', units='height', win=Window(...), wrapWidth=1)
76.7055 	EXP 	Created distr = TextStim(__class__=<class 'psychopy.visual.text.TextStim'>, alignHoriz=method-wrapper(...), alignText='center', alignVert=method-wrapper(...), anchorHoriz='center', anchorVert='center', antialias=True, autoDraw=False, autoLog=True, bold=False, color=array([1., 1., 1.]), colorSpace='rgb', contrast=1.0, depth=0, draggable=False, flipHoriz=False, flipVert=False, font='Open Sans', fontFiles=[], height=np.float64(0.1), italic=False, languageStyle='LTR', name='distr', opacity=1.0, ori=234, pos=array([ 0.08308587, -0.23645849]), rgb=UNKNOWN, text='L', units='height', win=Window(...), wrapWidth=1)
76.7069 	EXP 	Created distr = TextStim(__class__=<class 'psychopy.visual.text.TextStim'>, alignHoriz=method-wrapper(...), alignText='center', alignVert=method-wrapper(...), anchorHoriz='center', anchorVert='center', antialias=True, autoDraw=False, autoLog=True, bold=False, color=array([1., 1., 1.]), colorSpace='rgb', contrast=1.0, depth=0, draggable=False, flipHoriz=False, flipVert=False, font='Open Sans', fontFiles=[], height=np.float64(0.1), italic=False, languageStyle='LTR', name='distr', opacity=1.0, ori=245, pos=array([0.15482303, 0.32104109]), rgb=UNKNOWN, text='L', units='height', win=Window(...), wrapWidth=1)
76.7087 	EXP 	Created distr = TextStim(__class__=<class 'psychopy.visual.text.TextStim'>, alignHoriz=method-wrapper(...), alignText='center', alignVert=method-wrapper(...), anchorHoriz='center', anchorVert='center', antialias=True, autoDraw=False, autoLog=True, bold=False, color=array([1., 1., 1.]), colorSpace='rgb', contrast=1.0, depth=0, draggable=False, flipHoriz=False, flipVert=False, font='Open Sans', fontFiles=[], height=np.float64(0.1), italic=False, languageStyle='LTR', name='distr', opacity=1.0, ori=179, pos=array([-0.16587776, -0.36520385]), rgb=UNKNOWN, text='L', units='height', win=Window(...), wrapWidth=1)
76.7312 	EXP 	fixation: autoDraw = False
76.7312 	EXP 	target: autoDraw = False
76.7312 	EXP 	distr: autoDraw = False
76.7312 	EXP 	distr: autoDraw = False
76.7312 	EXP 	distr: autoDraw = False
76.7312 	EXP 	distr: autoDraw = False
76.7312 	EXP 	distr: autoDraw = False
76.7312 	EXP 	distr: autoDraw = True
76.7312 	EXP 	distr: autoDraw = True
76.7312 	EXP 	distr: autoDraw = True
76.7312 	EXP 	distr: autoDraw = True
76.7312 	EXP 	distr: autoDraw = True
76.7312 	EXP 	fixation: autoDraw = True
76.7312 	EXP 	target: autoDraw = True
76.9331 	DATA 	Mouse:  Left button up, pos=(700,589)
77.6655 	DATA 	Mouse: Left button down, pos=(679,418)
77.6663 	EXP 	New trial (rep=56, index=0): <Trial 56 (0 in rep 56) data={'thisN': 56, 'thisTrialN': 0, 'thisRepN': 56}>
77.6684 	EXP 	Created distr = TextStim(__class__=<class 'psychopy.visual.text.TextStim'>, alignHoriz=method-wrapper(...), alignText='center', alignVert=method-wrapper(...), anchorHoriz='center', anchorVert='center', antialias=True, autoDraw=False, autoLog=True, bold=False, color=array([1., 1., 1.]), colorSpace='rgb', contrast=1.0, depth=0, draggable=False, flipHoriz=False, flipVert=False, font='Open Sans', fontFiles=[], height=np.float64(0.1), italic=False, languageStyle='LTR', name='distr', opacity=1.0, ori=108, pos=array([-0.4835149 ,  0.47532761]), rgb=UNKNOWN, text='L', units='height', win=Window(...), wrapWidth=1)
77.6698 	EXP 	Created distr = TextStim(__class__=<class 'psychopy.visual.text.TextStim'>, alignHoriz=method-wrapper(...), alignText='center', alignVert=method-wrapper(...), anchorHoriz='center', anchorVert='center', antialias=True, autoDraw=False, autoLog=True, bold=False, color=array([1., 1., 1.]), colorSpace='rgb', contrast=1.0, depth=0, draggable=False, flipHoriz=False, flipVert=False, font='Open Sans', fontFiles=[], height=np.float64(0.1), italic=False, languageStyle='LTR', name='distr', opacity=1.0, ori=250, pos=array([-0.24996644, -0.35680114]), rgb=UNKNOWN, text='L', units='height', win=Window(...), wrapWidth=1)
77.6712 	EXP 	Created distr = TextStim(__class__=<class 'psychopy.visual.text.TextStim'>, alignHoriz=method-wrapper(...), alignText='center', alignVert=method-wrapper(...), anchorHoriz='center', anchorVert='center', antialias=True, autoDraw=False, autoLog=True, bold=False, color=array([1., 1., 1.]), colorSpace='rgb', contrast=1.0, depth=0, draggable=False, flipHoriz=False, flipVert=False, font='Open Sans', fontFiles=[], height=np.float64(0.1), italic=False, languageStyle='LTR', name='distr', opacity=1.0, ori=291, pos=array([-0.09775631,  0.28963396]), rgb=UNKNOWN, text='L', units='height', win=Window(...), wrapWidth=1)
77.6726 	EXP 	Created distr = TextStim(__class__=<class 'psychopy.visual.text.TextStim'>, alignHoriz=method-wrapper(...), alignText='center', alignVert=method-wrapper(...), anchorHoriz='center', anchorVert='center', antialias=True, autoDraw=False, autoLog=True, bold=False, color=array([1., 1., 1.]), colorSpace='rgb', contrast=1.0, depth=0, draggable=False, flipHoriz=False, flipVert=False, font='Open Sans', fontFiles=[], height=np.float64(0.1), italic=False, languageStyle='LTR', name='distr', opacity=1.0, ori=149, pos=array([0.0404813 , 0.26592583]), rgb=UNKNOWN, text='L', units='height', win=Window(...), wrapWidth=1)
77.6739 	EXP 	Created distr = TextStim(__class__=<class 'psychopy.visual.text.TextStim'>, alignHoriz=method-wrapper(...), alignText='center', alignVert=method-wrapper(...), anchorHoriz='center', anchorVert='center', antialias=True, autoDraw=False, autoLog=True, bold=False, color=array([1., 1., 1.]), colorSpace='rgb', contrast=1.0, depth=0, draggable=False, flipHoriz=False, flipVert=False, font='Open Sans', fontFiles=[], height=np.float64(0.1), italic=False, languageStyle='LTR', name='distr', opacity=1.0, ori=206, pos=array([ 0.17081091, -0.30785405]), rgb=UNKNOWN, text='L', units='height', win=Window(...), wrapWidth=1)
77.6754 	EXP 	Created distr = TextStim(__class__=<class 'psychopy.visual.text.TextStim'>, alignHoriz=method-wrapper(...), alignText='center', alignVert=method-wrapper(...), anchorHoriz='center', anchorVert='center', antialias=True, autoDraw=False, autoLog=True, bold=False, color=array([1., 1., 1.]), colorSpace='rgb', contrast=1.0, depth=0, draggable=False, flipHoriz=False, flipVert=False, font='Open Sans', fontFiles=[], height=np.float64(0.1), italic=False, languageStyle='LTR', name='distr', opacity=1.0, ori=285, pos=array([0.10705181, 0.19835394]), rgb=UNKNOWN, text='L', units='height', win=Window(...), wrapWidth=1)
77.6767 	EXP 	Created distr = TextStim(__class__=<class 'psychopy.visual.text.TextStim'>, alignHoriz=method-wrapper(...), alignText='center', alignVert=method-wrapper(...), anchorHoriz='center', anchorVert='center', antialias=True, autoDraw=False, autoLog=True, bold=False, color=array([1., 1., 1.]), colorSpace='rgb', contrast=1.0, depth=0, draggable=False, flipHoriz=False, flipVert=False, font='Open Sans', fontFiles=[], height=np.float64(0.1), italic=False, languageStyle='LTR', name='distr', opacity=1.0, ori=209, pos=array([ 0.48344892, -0.2239705 ]), rgb=UNKNOWN, text='L', units='height', win=Window(...), wrapWidth=1)
77.6781 	EXP 	Created distr = TextStim(__class__=<class 'psychopy.visual.text.TextStim'>, alignHoriz=method-wrapper(...), alignText='center', alignVert=method-wrapper(...), anchorHoriz='center', anchorVert='center', antialias=True, autoDraw=False, autoLog=True, bold=False, color=array([1., 1., 1.]), colorSpace='rgb', contrast=1.0, depth=0, draggable=False, flipHoriz=False, flipVert=False, font='Open Sans', fontFiles=[], height=np.float64(0.1), italic=False, languageStyle='LTR', name='distr', opacity=1.0, ori=74, pos=array([ 0.19676475, -0.14210155]), rgb=UNKNOWN, text='L', units='height', win=Window(...), wrapWidth=1)
77.6805 	EXP 	Created distr = TextStim(__class__=<class 'psychopy.visual.text.TextStim'>, alignHoriz=method-wrapper(...), alignText='center', alignVert=method-wrapper(...), anchorHoriz='center', anchorVert='center', antialias=True, autoDraw=False, autoLog=True, bold=False, color=array([1., 1., 1.]), colorSpace='rgb', contrast=1.0, depth=0, draggable=False, flipHoriz=False, flipVert=False, font='Open Sans', fontFiles=[], height=np.float64(0.1), italic=False, languageStyle='LTR', name='distr', opacity=1.0, ori=260, pos=array([-0.16481091,  0.24488351]), rgb=UNKNOWN, text='L', units='height', win=Window(...), wrapWidth=1)
77.6824 	EXP 	Created distr = TextStim(__class__=<class 'psychopy.visual.text.TextStim'>, alignHoriz=method-wrapper(...), alignText='center', alignVert=method-wrapper(...), anchorHoriz='center', anchorVert='center', antialias=True, autoDraw=False, autoLog=True, bold=False, color=array([1., 1., 1.]), colorSpace='rgb', contrast=1.0, depth=0, draggable=False, flipHoriz=False, flipVert=False, font='Open Sans', fontFiles=[], height=np.float64(0.1), italic=False, languageStyle='LTR', name='distr', opacity=1.0, ori=49, pos=array([0.16496683, 0.01630696]), rgb=UNKNOWN, text='L', units='height', win=Window(...), wrapWidth=1)
77.6970 	EXP 	fixation: autoDraw = False
77.6970 	EXP 	target: autoDraw = False
77.6970 	EXP 	distr: autoDraw = False
77.6970 	EXP 	distr: autoDraw = False
77.6970 	EXP 	distr: autoDraw = False
77.6970 	EXP 	distr: autoDraw = False
77.6970 	EXP 	distr: autoDraw = False
77.6970 	EXP 	distr: autoDraw = True
77.6970 	EXP 	distr: autoDraw = True
77.6970 	EXP 	distr: autoDraw = True
77.6970 	EXP 	distr: autoDraw = True
77.6970 	EXP 	distr: autoDraw = True
77.6970 	EXP 	distr: autoDraw = True
77.6970 	EXP 	distr: autoDraw = True
77.6970 	EXP 	distr: autoDraw = True
77.6970 	EXP 	distr: autoDraw = True
77.6970 	EXP 	distr: autoDraw = True
77.6970 	EXP 	fixation: autoDraw = True
77.6970 	EXP 	target: autoDraw = True
77.8990 	DATA 	Mouse:  Left button up, pos=(679,418)
78.6973 	EXP 	fixation: autoDraw = False
78.7643 	DATA 	Mouse: Left button down, pos=(533,230)
78.7651 	EXP 	New trial (rep=57, index=0): <Trial 57 (0 in rep 57) data={'thisN': 57, 'thisTrialN': 0, 'thisRepN': 57}>
78.7672 	EXP 	Created distr = TextStim(__class__=<class 'psychopy.visual.text.TextStim'>, alignHoriz=method-wrapper(...), alignText='center', alignVert=method-wrapper(...), anchorHoriz='center', anchorVert='center', antialias=True, autoDraw=False, autoLog=True, bold=False, color=array([1., 1., 1.]), colorSpace='rgb', contrast=1.0, depth=0, draggable=False, flipHoriz=False, flipVert=False, font='Open Sans', fontFiles=[], height=np.float64(0.1), italic=False, languageStyle='LTR', name='distr', opacity=1.0, ori=346, pos=array([ 0.36981166, -0.17338231]), rgb=UNKNOWN, text='L', units='height', win=Window(...), wrapWidth=1)
78.7687 	EXP 	Created distr = TextStim(__class__=<class 'psychopy.visual.text.TextStim'>, alignHoriz=method-wrapper(...), alignText='center', alignVert=method-wrapper(...), anchorHoriz='center', anchorVert='center', antialias=True, autoDraw=False, autoLog=True, bold=False, color=array([1., 1., 1.]), colorSpace='rgb', contrast=1.0, depth=0, draggable=False, flipHoriz=False, flipVert=False, font='Open Sans', fontFiles=[], height=np.float64(0.1), italic=False, languageStyle='LTR', name='distr', opacity=1.0, ori=214, pos=array([0.21048996, 0.4321455 ]), rgb=UNKNOWN, text='L', units='height', win=Window(...), wrapWidth=1)
78.7701 	EXP 	Created distr = TextStim(__class__=<class 'psychopy.visual.text.TextStim'>, alignHoriz=method-wrapper(...), alignText='center', alignVert=method-wrapper(...), anchorHoriz='center', anchorVert='center', antialias=True, autoDraw=False, autoLog=True, bold=False, color=array([1., 1., 1.]), colorSpace='rgb', contrast=1.0, depth=0, draggable=False, flipHoriz=False, flipVert=False, font='Open Sans', fontFiles=[], height=np.float64(0.1), italic=False, languageStyle='LTR', name='distr', opacity=1.0, ori=86, pos=array([0.46158238, 0.16494652]), rgb=UNKNOWN, text='L', units='height', win=Window(...), wrapWidth=1)
78.7714 	EXP 	Created distr = TextStim(__class__=<class 'psychopy.visual.text.TextStim'>, alignHoriz=method-wrapper(...), alignText='center', alignVert=method-wrapper(...), anchorHoriz='center', anchorVert='center', antialias=True, autoDraw=False, autoLog=True, bold=False, color=array([1., 1., 1.]), colorSpace='rgb', contrast=1.0, depth=0, draggable=False, flipHoriz=False, flipVert=False, font='Open Sans', fontFiles=[], height=np.float64(0.1), italic=False, languageStyle='LTR', name='distr', opacity=1.0, ori=225, pos=array([ 0.43644825, -0.09094163]), rgb=UNKNOWN, text='L', units='height', win=Window(...), wrapWidth=1)
78.7728 	EXP 	Created distr = TextStim(__class__=<class 'psychopy.visual.text.TextStim'>, alignHoriz=method-wrapper(...), alignText='center', alignVert=method-wrapper(...), anchorHoriz='center', anchorVert='center', antialias=True, autoDraw=False, autoLog=True, bold=False, color=array([1., 1., 1.]), colorSpace='rgb', contrast=1.0, depth=0, draggable=False, flipHoriz=False, flipVert=False, font='Open Sans', fontFiles=[], height=np.float64(0.1), italic=False, languageStyle='LTR', name='distr', opacity=1.0, ori=341, pos=array([0.2099458 , 0.41974095]), rgb=UNKNOWN, text='L', units='height', win=Window(...), wrapWidth=1)
78.7802 	EXP 	fixation: autoDraw = False
78.7802 	EXP 	target: autoDraw = False
78.7802 	EXP 	distr: autoDraw = False
78.7802 	EXP 	distr: autoDraw = False
78.7802 	EXP 	distr: autoDraw = False
78.7802 	EXP 	distr: autoDraw = False
78.7802 	EXP 	distr: autoDraw = False
78.7802 	EXP 	distr: autoDraw = False
78.7802 	EXP 	distr: autoDraw = False
78.7802 	EXP 	distr: autoDraw = False
78.7802 	EXP 	distr: autoDraw = False
78.7802 	EXP 	distr: autoDraw = False
78.7802 	EXP 	distr: autoDraw = True
78.7802 	EXP 	distr: autoDraw = True
78.7802 	EXP 	distr: autoDraw = True
78.7802 	EXP 	distr: autoDraw = True
78.7802 	EXP 	distr: autoDraw = True
78.7802 	EXP 	fixation: autoDraw = True
78.7802 	EXP 	target: autoDraw = True
78.9976 	DATA 	Mouse:  Left button up, pos=(533,230)
79.7793 	EXP 	fixation: autoDraw = False
80.0467 	DATA 	Mouse: Left button down, pos=(890,566)
80.0477 	EXP 	New trial (rep=58, index=0): <Trial 58 (0 in rep 58) data={'thisN': 58, 'thisTrialN': 0, 'thisRepN': 58}>
80.0503 	EXP 	Created distr = TextStim(__class__=<class 'psychopy.visual.text.TextStim'>, alignHoriz=method-wrapper(...), alignText='center', alignVert=method-wrapper(...), anchorHoriz='center', anchorVert='center', antialias=True, autoDraw=False, autoLog=True, bold=False, color=array([1., 1., 1.]), colorSpace='rgb', contrast=1.0, depth=0, draggable=False, flipHoriz=False, flipVert=False, font='Open Sans', fontFiles=[], height=np.float64(0.1), italic=False, languageStyle='LTR', name='distr', opacity=1.0, ori=173, pos=array([-0.31844531,  0.43102727]), rgb=UNKNOWN, text='L', units='height', win=Window(...), wrapWidth=1)
80.0519 	EXP 	Created distr = TextStim(__class__=<class 'psychopy.visual.text.TextStim'>, alignHoriz=method-wrapper(...), alignText='center', alignVert=method-wrapper(...), anchorHoriz='center', anchorVert='center', antialias=True, autoDraw=False, autoLog=True, bold=False, color=array([1., 1., 1.]), colorSpace='rgb', contrast=1.0, depth=0, draggable=False, flipHoriz=False, flipVert=False, font='Open Sans', fontFiles=[], height=np.float64(0.1), italic=False, languageStyle='LTR', name='distr', opacity=1.0, ori=352, pos=array([0.34819743, 0.46173274]), rgb=UNKNOWN, text='L', units='height', win=Window(...), wrapWidth=1)
80.0534 	EXP 	Created distr = TextStim(__class__=<class 'psychopy.visual.text.TextStim'>, alignHoriz=method-wrapper(...), alignText='center', alignVert=method-wrapper(...), anchorHoriz='center', anchorVert='center', antialias=True, autoDraw=False, autoLog=True, bold=False, color=array([1., 1., 1.]), colorSpace='rgb', contrast=1.0, depth=0, draggable=False, flipHoriz=False, flipVert=False, font='Open Sans', fontFiles=[], height=np.float64(0.1), italic=False, languageStyle='LTR', name='distr', opacity=1.0, ori=127, pos=array([-0.00744235, -0.1214509 ]), rgb=UNKNOWN, text='L', units='height', win=Window(...), wrapWidth=1)
80.0548 	EXP 	Created distr = TextStim(__class__=<class 'psychopy.visual.text.TextStim'>, alignHoriz=method-wrapper(...), alignText='center', alignVert=method-wrapper(...), anchorHoriz='center', anchorVert='center', antialias=True, autoDraw=False, autoLog=True, bold=False, color=array([1., 1., 1.]), colorSpace='rgb', contrast=1.0, depth=0, draggable=False, flipHoriz=False, flipVert=False, font='Open Sans', fontFiles=[], height=np.float64(0.1), italic=False, languageStyle='LTR', name='distr', opacity=1.0, ori=205, pos=array([-0.36790074, -0.03814574]), rgb=UNKNOWN, text='L', units='height', win=Window(...), wrapWidth=1)
80.0562 	EXP 	Created distr = TextStim(__class__=<class 'psychopy.visual.text.TextStim'>, alignHoriz=method-wrapper(...), alignText='center', alignVert=method-wrapper(...), anchorHoriz='center', anchorVert='center', antialias=True, autoDraw=False, autoLog=True, bold=False, color=array([1., 1., 1.]), colorSpace='rgb', contrast=1.0, depth=0, draggable=False, flipHoriz=False, flipVert=False, font='Open Sans', fontFiles=[], height=np.float64(0.1), italic=False, languageStyle='LTR', name='distr', opacity=1.0, ori=202, pos=array([-0.28139444, -0.17702376]), rgb=UNKNOWN, text='L', units='height', win=Window(...), wrapWidth=1)
80.0783 	EXP 	fixation: autoDraw = False
80.0783 	EXP 	target: autoDraw = False
80.0783 	EXP 	distr: autoDraw = False
80.0783 	EXP 	distr: autoDraw = False
80.0783 	EXP 	distr: autoDraw = False
80.0783 	EXP 	distr: autoDraw = False
80.0783 	EXP 	distr: autoDraw = False
80.0783 	EXP 	distr: autoDraw = True
80.0783 	EXP 	distr: autoDraw = True
80.0783 	EXP 	distr: autoDraw = True
80.0783 	EXP 	distr: autoDraw = True
80.0783 	EXP 	distr: autoDraw = True
80.0783 	EXP 	fixation: autoDraw = True
80.0783 	EXP 	target: autoDraw = True
80.2644 	DATA 	Mouse:  Left button up, pos=(890,566)
81.0781 	EXP 	fixation: autoDraw = False
81.6288 	DATA 	Mouse: Left button down, pos=(884,606)
81.6295 	EXP 	New trial (rep=59, index=0): <Trial 59 (0 in rep 59) data={'thisN': 59, 'thisTrialN': 0, 'thisRepN': 59}>
81.6319 	EXP 	Created distr = TextStim(__class__=<class 'psychopy.visual.text.TextStim'>, alignHoriz=method-wrapper(...), alignText='center', alignVert=method-wrapper(...), anchorHoriz='center', anchorVert='center', antialias=True, autoDraw=False, autoLog=True, bold=False, color=array([1., 1., 1.]), colorSpace='rgb', contrast=1.0, depth=0, draggable=False, flipHoriz=False, flipVert=False, font='Open Sans', fontFiles=[], height=np.float64(0.1), italic=False, languageStyle='LTR', name='distr', opacity=1.0, ori=91, pos=array([ 0.04344163, -0.09145543]), rgb=UNKNOWN, text='L', units='height', win=Window(...), wrapWidth=1)
81.6334 	EXP 	Created distr = TextStim(__class__=<class 'psychopy.visual.text.TextStim'>, alignHoriz=method-wrapper(...), alignText='center', alignVert=method-wrapper(...), anchorHoriz='center', anchorVert='center', antialias=True, autoDraw=False, autoLog=True, bold=False, color=array([1., 1., 1.]), colorSpace='rgb', contrast=1.0, depth=0, draggable=False, flipHoriz=False, flipVert=False, font='Open Sans', fontFiles=[], height=np.float64(0.1), italic=False, languageStyle='LTR', name='distr', opacity=1.0, ori=205, pos=array([-0.4448847 ,  0.36049638]), rgb=UNKNOWN, text='L', units='height', win=Window(...), wrapWidth=1)
81.6347 	EXP 	Created distr = TextStim(__class__=<class 'psychopy.visual.text.TextStim'>, alignHoriz=method-wrapper(...), alignText='center', alignVert=method-wrapper(...), anchorHoriz='center', anchorVert='center', antialias=True, autoDraw=False, autoLog=True, bold=False, color=array([1., 1., 1.]), colorSpace='rgb', contrast=1.0, depth=0, draggable=False, flipHoriz=False, flipVert=False, font='Open Sans', fontFiles=[], height=np.float64(0.1), italic=False, languageStyle='LTR', name='distr', opacity=1.0, ori=239, pos=array([ 0.34207055, -0.40121025]), rgb=UNKNOWN, text='L', units='height', win=Window(...), wrapWidth=1)
81.6360 	EXP 	Created distr = TextStim(__class__=<class 'psychopy.visual.text.TextStim'>, alignHoriz=method-wrapper(...), alignText='center', alignVert=method-wrapper(...), anchorHoriz='center', anchorVert='center', antialias=True, autoDraw=False, autoLog=True, bold=False, color=array([1., 1., 1.]), colorSpace='rgb', contrast=1.0, depth=0, draggable=False, flipHoriz=False, flipVert=False, font='Open Sans', fontFiles=[], height=np.float64(0.1), italic=False, languageStyle='LTR', name='distr', opacity=1.0, ori=124, pos=array([0.41935841, 0.08454557]), rgb=UNKNOWN, text='L', units='height', win=Window(...), wrapWidth=1)
81.6374 	EXP 	Created distr = TextStim(__class__=<class 'psychopy.visual.text.TextStim'>, alignHoriz=method-wrapper(...), alignText='center', alignVert=method-wrapper(...), anchorHoriz='center', anchorVert='center', antialias=True, autoDraw=False, autoLog=True, bold=False, color=array([1., 1., 1.]), colorSpace='rgb', contrast=1.0, depth=0, draggable=False, flipHoriz=False, flipVert=False, font='Open Sans', fontFiles=[], height=np.float64(0.1), italic=False, languageStyle='LTR', name='distr', opacity=1.0, ori=13, pos=array([-0.28447314,  0.01817153]), rgb=UNKNOWN, text='L', units='height', win=Window(...), wrapWidth=1)
81.6444 	EXP 	fixation: autoDraw = False
81.6444 	EXP 	target: autoDraw = False
81.6444 	EXP 	distr: autoDraw = False
81.6444 	EXP 	distr: autoDraw = False
81.6444 	EXP 	distr: autoDraw = False
81.6444 	EXP 	distr: autoDraw = False
81.6444 	EXP 	distr: autoDraw = False
81.6444 	EXP 	distr: autoDraw = True
81.6444 	EXP 	distr: autoDraw = True
81.6444 	EXP 	distr: autoDraw = True
81.6444 	EXP 	distr: autoDraw = True
81.6444 	EXP 	distr: autoDraw = True
81.6444 	EXP 	fixation: autoDraw = True
81.6444 	EXP 	target: autoDraw = True
81.8474 	DATA 	Mouse:  Left button up, pos=(884,606)
82.6445 	EXP 	fixation: autoDraw = False
82.9271 	DATA 	Mouse: Left button down, pos=(439,241)
82.9278 	EXP 	New trial (rep=60, index=0): <Trial 60 (0 in rep 60) data={'thisN': 60, 'thisTrialN': 0, 'thisRepN': 60}>
82.9298 	EXP 	Created distr = TextStim(__class__=<class 'psychopy.visual.text.TextStim'>, alignHoriz=method-wrapper(...), alignText='center', alignVert=method-wrapper(...), anchorHoriz='center', anchorVert='center', antialias=True, autoDraw=False, autoLog=True, bold=False, color=array([1., 1., 1.]), colorSpace='rgb', contrast=1.0, depth=0, draggable=False, flipHoriz=False, flipVert=False, font='Open Sans', fontFiles=[], height=np.float64(0.1), italic=False, languageStyle='LTR', name='distr', opacity=1.0, ori=243, pos=array([0.44297889, 0.11778188]), rgb=UNKNOWN, text='L', units='height', win=Window(...), wrapWidth=1)
82.9314 	EXP 	Created distr = TextStim(__class__=<class 'psychopy.visual.text.TextStim'>, alignHoriz=method-wrapper(...), alignText='center', alignVert=method-wrapper(...), anchorHoriz='center', anchorVert='center', antialias=True, autoDraw=False, autoLog=True, bold=False, color=array([1., 1., 1.]), colorSpace='rgb', contrast=1.0, depth=0, draggable=False, flipHoriz=False, flipVert=False, font='Open Sans', fontFiles=[], height=np.float64(0.1), italic=False, languageStyle='LTR', name='distr', opacity=1.0, ori=50, pos=array([0.23434758, 0.34370939]), rgb=UNKNOWN, text='L', units='height', win=Window(...), wrapWidth=1)
82.9330 	EXP 	Created distr = TextStim(__class__=<class 'psychopy.visual.text.TextStim'>, alignHoriz=method-wrapper(...), alignText='center', alignVert=method-wrapper(...), anchorHoriz='center', anchorVert='center', antialias=True, autoDraw=False, autoLog=True, bold=False, color=array([1., 1., 1.]), colorSpace='rgb', contrast=1.0, depth=0, draggable=False, flipHoriz=False, flipVert=False, font='Open Sans', fontFiles=[], height=np.float64(0.1), italic=False, languageStyle='LTR', name='distr', opacity=1.0, ori=130, pos=array([ 0.44124264, -0.2762412 ]), rgb=UNKNOWN, text='L', units='height', win=Window(...), wrapWidth=1)
82.9346 	EXP 	Created distr = TextStim(__class__=<class 'psychopy.visual.text.TextStim'>, alignHoriz=method-wrapper(...), alignText='center', alignVert=method-wrapper(...), anchorHoriz='center', anchorVert='center', antialias=True, autoDraw=False, autoLog=True, bold=False, color=array([1., 1., 1.]), colorSpace='rgb', contrast=1.0, depth=0, draggable=False, flipHoriz=False, flipVert=False, font='Open Sans', fontFiles=[], height=np.float64(0.1), italic=False, languageStyle='LTR', name='distr', opacity=1.0, ori=90, pos=array([-0.46001002, -0.05869192]), rgb=UNKNOWN, text='L', units='height', win=Window(...), wrapWidth=1)
82.9360 	EXP 	Created distr = TextStim(__class__=<class 'psychopy.visual.text.TextStim'>, alignHoriz=method-wrapper(...), alignText='center', alignVert=method-wrapper(...), anchorHoriz='center', anchorVert='center', antialias=True, autoDraw=False, autoLog=True, bold=False, color=array([1., 1., 1.]), colorSpace='rgb', contrast=1.0, depth=0, draggable=False, flipHoriz=False, flipVert=False, font='Open Sans', fontFiles=[], height=np.float64(0.1), italic=False, languageStyle='LTR', name='distr', opacity=1.0, ori=302, pos=array([ 0.06736982, -0.1572182 ]), rgb=UNKNOWN, text='L', units='height', win=Window(...), wrapWidth=1)
82.9432 	EXP 	fixation: autoDraw = False
82.9432 	EXP 	target: autoDraw = False
82.9432 	EXP 	distr: autoDraw = False
82.9432 	EXP 	distr: autoDraw = False
82.9432 	EXP 	distr: autoDraw = False
82.9432 	EXP 	distr: autoDraw = False
82.9432 	EXP 	distr: autoDraw = False
82.9432 	EXP 	distr: autoDraw = True
82.9432 	EXP 	distr: autoDraw = True
82.9432 	EXP 	distr: autoDraw = True
82.9432 	EXP 	distr: autoDraw = True
82.9432 	EXP 	distr: autoDraw = True
82.9432 	EXP 	fixation: autoDraw = True
82.9432 	EXP 	target: autoDraw = True
83.1444 	DATA 	Mouse:  Left button up, pos=(439,241)
83.9429 	EXP 	fixation: autoDraw = False
83.9442 	DATA 	Mouse: Left button down, pos=(404,128)
83.9448 	EXP 	New trial (rep=61, index=0): <Trial 61 (0 in rep 61) data={'thisN': 61, 'thisTrialN': 0, 'thisRepN': 61}>
83.9474 	EXP 	Created distr = TextStim(__class__=<class 'psychopy.visual.text.TextStim'>, alignHoriz=method-wrapper(...), alignText='center', alignVert=method-wrapper(...), anchorHoriz='center', anchorVert='center', antialias=True, autoDraw=False, autoLog=True, bold=False, color=array([1., 1., 1.]), colorSpace='rgb', contrast=1.0, depth=0, draggable=False, flipHoriz=False, flipVert=False, font='Open Sans', fontFiles=[], height=np.float64(0.1), italic=False, languageStyle='LTR', name='distr', opacity=1.0, ori=63, pos=array([-0.4329088 ,  0.33799742]), rgb=UNKNOWN, text='L', units='height', win=Window(...), wrapWidth=1)
83.9490 	EXP 	Created distr = TextStim(__class__=<class 'psychopy.visual.text.TextStim'>, alignHoriz=method-wrapper(...), alignText='center', alignVert=method-wrapper(...), anchorHoriz='center', anchorVert='center', antialias=True, autoDraw=False, autoLog=True, bold=False, color=array([1., 1., 1.]), colorSpace='rgb', contrast=1.0, depth=0, draggable=False, flipHoriz=False, flipVert=False, font='Open Sans', fontFiles=[], height=np.float64(0.1), italic=False, languageStyle='LTR', name='distr', opacity=1.0, ori=123, pos=array([0.03141068, 0.02212867]), rgb=UNKNOWN, text='L', units='height', win=Window(...), wrapWidth=1)
83.9504 	EXP 	Created distr = TextStim(__class__=<class 'psychopy.visual.text.TextStim'>, alignHoriz=method-wrapper(...), alignText='center', alignVert=method-wrapper(...), anchorHoriz='center', anchorVert='center', antialias=True, autoDraw=False, autoLog=True, bold=False, color=array([1., 1., 1.]), colorSpace='rgb', contrast=1.0, depth=0, draggable=False, flipHoriz=False, flipVert=False, font='Open Sans', fontFiles=[], height=np.float64(0.1), italic=False, languageStyle='LTR', name='distr', opacity=1.0, ori=141, pos=array([ 0.41898732, -0.37689024]), rgb=UNKNOWN, text='L', units='height', win=Window(...), wrapWidth=1)
83.9517 	EXP 	Created distr = TextStim(__class__=<class 'psychopy.visual.text.TextStim'>, alignHoriz=method-wrapper(...), alignText='center', alignVert=method-wrapper(...), anchorHoriz='center', anchorVert='center', antialias=True, autoDraw=False, autoLog=True, bold=False, color=array([1., 1., 1.]), colorSpace='rgb', contrast=1.0, depth=0, draggable=False, flipHoriz=False, flipVert=False, font='Open Sans', fontFiles=[], height=np.float64(0.1), italic=False, languageStyle='LTR', name='distr', opacity=1.0, ori=323, pos=array([-0.00254916, -0.07982811]), rgb=UNKNOWN, text='L', units='height', win=Window(...), wrapWidth=1)
83.9531 	EXP 	Created distr = TextStim(__class__=<class 'psychopy.visual.text.TextStim'>, alignHoriz=method-wrapper(...), alignText='center', alignVert=method-wrapper(...), anchorHoriz='center', anchorVert='center', antialias=True, autoDraw=False, autoLog=True, bold=False, color=array([1., 1., 1.]), colorSpace='rgb', contrast=1.0, depth=0, draggable=False, flipHoriz=False, flipVert=False, font='Open Sans', fontFiles=[], height=np.float64(0.1), italic=False, languageStyle='LTR', name='distr', opacity=1.0, ori=142, pos=array([-0.06794041,  0.2125985 ]), rgb=UNKNOWN, text='L', units='height', win=Window(...), wrapWidth=1)
83.9752 	EXP 	fixation: autoDraw = False
83.9752 	EXP 	target: autoDraw = False
83.9752 	EXP 	distr: autoDraw = False
83.9752 	EXP 	distr: autoDraw = False
83.9752 	EXP 	distr: autoDraw = False
83.9752 	EXP 	distr: autoDraw = False
83.9752 	EXP 	distr: autoDraw = False
83.9752 	EXP 	distr: autoDraw = True
83.9752 	EXP 	distr: autoDraw = True
83.9752 	EXP 	distr: autoDraw = True
83.9752 	EXP 	distr: autoDraw = True
83.9752 	EXP 	distr: autoDraw = True
83.9752 	EXP 	fixation: autoDraw = True
83.9752 	EXP 	target: autoDraw = True
84.1775 	DATA 	Mouse:  Left button up, pos=(404,128)
84.9751 	EXP 	fixation: autoDraw = False
85.2263 	DATA 	Mouse: Left button down, pos=(818,360)
85.2271 	EXP 	New trial (rep=62, index=0): <Trial 62 (0 in rep 62) data={'thisN': 62, 'thisTrialN': 0, 'thisRepN': 62}>
85.2296 	EXP 	Created distr = TextStim(__class__=<class 'psychopy.visual.text.TextStim'>, alignHoriz=method-wrapper(...), alignText='center', alignVert=method-wrapper(...), anchorHoriz='center', anchorVert='center', antialias=True, autoDraw=False, autoLog=True, bold=False, color=array([1., 1., 1.]), colorSpace='rgb', contrast=1.0, depth=0, draggable=False, flipHoriz=False, flipVert=False, font='Open Sans', fontFiles=[], height=np.float64(0.1), italic=False, languageStyle='LTR', name='distr', opacity=1.0, ori=339, pos=array([ 0.23036682, -0.45395798]), rgb=UNKNOWN, text='L', units='height', win=Window(...), wrapWidth=1)
85.2311 	EXP 	Created distr = TextStim(__class__=<class 'psychopy.visual.text.TextStim'>, alignHoriz=method-wrapper(...), alignText='center', alignVert=method-wrapper(...), anchorHoriz='center', anchorVert='center', antialias=True, autoDraw=False, autoLog=True, bold=False, color=array([1., 1., 1.]), colorSpace='rgb', contrast=1.0, depth=0, draggable=False, flipHoriz=False, flipVert=False, font='Open Sans', fontFiles=[], height=np.float64(0.1), italic=False, languageStyle='LTR', name='distr', opacity=1.0, ori=61, pos=array([0.11673044, 0.44927627]), rgb=UNKNOWN, text='L', units='height', win=Window(...), wrapWidth=1)
85.2325 	EXP 	Created distr = TextStim(__class__=<class 'psychopy.visual.text.TextStim'>, alignHoriz=method-wrapper(...), alignText='center', alignVert=method-wrapper(...), anchorHoriz='center', anchorVert='center', antialias=True, autoDraw=False, autoLog=True, bold=False, color=array([1., 1., 1.]), colorSpace='rgb', contrast=1.0, depth=0, draggable=False, flipHoriz=False, flipVert=False, font='Open Sans', fontFiles=[], height=np.float64(0.1), italic=False, languageStyle='LTR', name='distr', opacity=1.0, ori=19, pos=array([-0.22235697,  0.04654114]), rgb=UNKNOWN, text='L', units='height', win=Window(...), wrapWidth=1)
85.2339 	EXP 	Created distr = TextStim(__class__=<class 'psychopy.visual.text.TextStim'>, alignHoriz=method-wrapper(...), alignText='center', alignVert=method-wrapper(...), anchorHoriz='center', anchorVert='center', antialias=True, autoDraw=False, autoLog=True, bold=False, color=array([1., 1., 1.]), colorSpace='rgb', contrast=1.0, depth=0, draggable=False, flipHoriz=False, flipVert=False, font='Open Sans', fontFiles=[], height=np.float64(0.1), italic=False, languageStyle='LTR', name='distr', opacity=1.0, ori=164, pos=array([-0.41816923, -0.20577902]), rgb=UNKNOWN, text='L', units='height', win=Window(...), wrapWidth=1)
85.2353 	EXP 	Created distr = TextStim(__class__=<class 'psychopy.visual.text.TextStim'>, alignHoriz=method-wrapper(...), alignText='center', alignVert=method-wrapper(...), anchorHoriz='center', anchorVert='center', antialias=True, autoDraw=False, autoLog=True, bold=False, color=array([1., 1., 1.]), colorSpace='rgb', contrast=1.0, depth=0, draggable=False, flipHoriz=False, flipVert=False, font='Open Sans', fontFiles=[], height=np.float64(0.1), italic=False, languageStyle='LTR', name='distr', opacity=1.0, ori=61, pos=array([-0.43073369,  0.1294982 ]), rgb=UNKNOWN, text='L', units='height', win=Window(...), wrapWidth=1)
85.2575 	EXP 	fixation: autoDraw = False
85.2575 	EXP 	target: autoDraw = False
85.2575 	EXP 	distr: autoDraw = False
85.2575 	EXP 	distr: autoDraw = False
85.2575 	EXP 	distr: autoDraw = False
85.2575 	EXP 	distr: autoDraw = False
85.2575 	EXP 	distr: autoDraw = False
85.2575 	EXP 	distr: autoDraw = True
85.2575 	EXP 	distr: autoDraw = True
85.2575 	EXP 	distr: autoDraw = True
85.2575 	EXP 	distr: autoDraw = True
85.2575 	EXP 	distr: autoDraw = True
85.2575 	EXP 	fixation: autoDraw = True
85.2575 	EXP 	target: autoDraw = True
85.4595 	DATA 	Mouse:  Left button up, pos=(818,360)
86.2575 	EXP 	fixation: autoDraw = False
86.7410 	DATA 	Mouse: Left button down, pos=(867,709)
86.7416 	EXP 	New trial (rep=63, index=0): <Trial 63 (0 in rep 63) data={'thisN': 63, 'thisTrialN': 0, 'thisRepN': 63}>
86.7456 	EXP 	Created distr = TextStim(__class__=<class 'psychopy.visual.text.TextStim'>, alignHoriz=method-wrapper(...), alignText='center', alignVert=method-wrapper(...), anchorHoriz='center', anchorVert='center', antialias=True, autoDraw=False, autoLog=True, bold=False, color=array([1., 1., 1.]), colorSpace='rgb', contrast=1.0, depth=0, draggable=False, flipHoriz=False, flipVert=False, font='Open Sans', fontFiles=[], height=np.float64(0.1), italic=False, languageStyle='LTR', name='distr', opacity=1.0, ori=267, pos=array([-0.101581  ,  0.02333022]), rgb=UNKNOWN, text='L', units='height', win=Window(...), wrapWidth=1)
86.7472 	EXP 	Created distr = TextStim(__class__=<class 'psychopy.visual.text.TextStim'>, alignHoriz=method-wrapper(...), alignText='center', alignVert=method-wrapper(...), anchorHoriz='center', anchorVert='center', antialias=True, autoDraw=False, autoLog=True, bold=False, color=array([1., 1., 1.]), colorSpace='rgb', contrast=1.0, depth=0, draggable=False, flipHoriz=False, flipVert=False, font='Open Sans', fontFiles=[], height=np.float64(0.1), italic=False, languageStyle='LTR', name='distr', opacity=1.0, ori=79, pos=array([0.22529578, 0.30459193]), rgb=UNKNOWN, text='L', units='height', win=Window(...), wrapWidth=1)
86.7486 	EXP 	Created distr = TextStim(__class__=<class 'psychopy.visual.text.TextStim'>, alignHoriz=method-wrapper(...), alignText='center', alignVert=method-wrapper(...), anchorHoriz='center', anchorVert='center', antialias=True, autoDraw=False, autoLog=True, bold=False, color=array([1., 1., 1.]), colorSpace='rgb', contrast=1.0, depth=0, draggable=False, flipHoriz=False, flipVert=False, font='Open Sans', fontFiles=[], height=np.float64(0.1), italic=False, languageStyle='LTR', name='distr', opacity=1.0, ori=12, pos=array([0.35828614, 0.41108756]), rgb=UNKNOWN, text='L', units='height', win=Window(...), wrapWidth=1)
86.7499 	EXP 	Created distr = TextStim(__class__=<class 'psychopy.visual.text.TextStim'>, alignHoriz=method-wrapper(...), alignText='center', alignVert=method-wrapper(...), anchorHoriz='center', anchorVert='center', antialias=True, autoDraw=False, autoLog=True, bold=False, color=array([1., 1., 1.]), colorSpace='rgb', contrast=1.0, depth=0, draggable=False, flipHoriz=False, flipVert=False, font='Open Sans', fontFiles=[], height=np.float64(0.1), italic=False, languageStyle='LTR', name='distr', opacity=1.0, ori=257, pos=array([ 0.48808128, -0.06065935]), rgb=UNKNOWN, text='L', units='height', win=Window(...), wrapWidth=1)
86.7515 	EXP 	Created distr = TextStim(__class__=<class 'psychopy.visual.text.TextStim'>, alignHoriz=method-wrapper(...), alignText='center', alignVert=method-wrapper(...), anchorHoriz='center', anchorVert='center', antialias=True, autoDraw=False, autoLog=True, bold=False, color=array([1., 1., 1.]), colorSpace='rgb', contrast=1.0, depth=0, draggable=False, flipHoriz=False, flipVert=False, font='Open Sans', fontFiles=[], height=np.float64(0.1), italic=False, languageStyle='LTR', name='distr', opacity=1.0, ori=30, pos=array([-0.26789227, -0.14824605]), rgb=UNKNOWN, text='L', units='height', win=Window(...), wrapWidth=1)
86.7530 	EXP 	Created distr = TextStim(__class__=<class 'psychopy.visual.text.TextStim'>, alignHoriz=method-wrapper(...), alignText='center', alignVert=method-wrapper(...), anchorHoriz='center', anchorVert='center', antialias=True, autoDraw=False, autoLog=True, bold=False, color=array([1., 1., 1.]), colorSpace='rgb', contrast=1.0, depth=0, draggable=False, flipHoriz=False, flipVert=False, font='Open Sans', fontFiles=[], height=np.float64(0.1), italic=False, languageStyle='LTR', name='distr', opacity=1.0, ori=187, pos=array([-0.46597708,  0.36170597]), rgb=UNKNOWN, text='L', units='height', win=Window(...), wrapWidth=1)
86.7545 	EXP 	Created distr = TextStim(__class__=<class 'psychopy.visual.text.TextStim'>, alignHoriz=method-wrapper(...), alignText='center', alignVert=method-wrapper(...), anchorHoriz='center', anchorVert='center', antialias=True, autoDraw=False, autoLog=True, bold=False, color=array([1., 1., 1.]), colorSpace='rgb', contrast=1.0, depth=0, draggable=False, flipHoriz=False, flipVert=False, font='Open Sans', fontFiles=[], height=np.float64(0.1), italic=False, languageStyle='LTR', name='distr', opacity=1.0, ori=116, pos=array([0.46482432, 0.4096886 ]), rgb=UNKNOWN, text='L', units='height', win=Window(...), wrapWidth=1)
86.7565 	EXP 	Created distr = TextStim(__class__=<class 'psychopy.visual.text.TextStim'>, alignHoriz=method-wrapper(...), alignText='center', alignVert=method-wrapper(...), anchorHoriz='center', anchorVert='center', antialias=True, autoDraw=False, autoLog=True, bold=False, color=array([1., 1., 1.]), colorSpace='rgb', contrast=1.0, depth=0, draggable=False, flipHoriz=False, flipVert=False, font='Open Sans', fontFiles=[], height=np.float64(0.1), italic=False, languageStyle='LTR', name='distr', opacity=1.0, ori=16, pos=array([-0.01436649, -0.49922672]), rgb=UNKNOWN, text='L', units='height', win=Window(...), wrapWidth=1)
86.7580 	EXP 	Created distr = TextStim(__class__=<class 'psychopy.visual.text.TextStim'>, alignHoriz=method-wrapper(...), alignText='center', alignVert=method-wrapper(...), anchorHoriz='center', anchorVert='center', antialias=True, autoDraw=False, autoLog=True, bold=False, color=array([1., 1., 1.]), colorSpace='rgb', contrast=1.0, depth=0, draggable=False, flipHoriz=False, flipVert=False, font='Open Sans', fontFiles=[], height=np.float64(0.1), italic=False, languageStyle='LTR', name='distr', opacity=1.0, ori=317, pos=array([ 0.39275074, -0.00495943]), rgb=UNKNOWN, text='L', units='height', win=Window(...), wrapWidth=1)
86.7597 	EXP 	Created distr = TextStim(__class__=<class 'psychopy.visual.text.TextStim'>, alignHoriz=method-wrapper(...), alignText='center', alignVert=method-wrapper(...), anchorHoriz='center', anchorVert='center', antialias=True, autoDraw=False, autoLog=True, bold=False, color=array([1., 1., 1.]), colorSpace='rgb', contrast=1.0, depth=0, draggable=False, flipHoriz=False, flipVert=False, font='Open Sans', fontFiles=[], height=np.float64(0.1), italic=False, languageStyle='LTR', name='distr', opacity=1.0, ori=206, pos=array([ 0.10895699, -0.00998794]), rgb=UNKNOWN, text='L', units='height', win=Window(...), wrapWidth=1)
86.7729 	EXP 	fixation: autoDraw = False
86.7729 	EXP 	target: autoDraw = False
86.7729 	EXP 	distr: autoDraw = False
86.7729 	EXP 	distr: autoDraw = False
86.7729 	EXP 	distr: autoDraw = False
86.7729 	EXP 	distr: autoDraw = False
86.7729 	EXP 	distr: autoDraw = False
86.7729 	EXP 	distr: autoDraw = True
86.7729 	EXP 	distr: autoDraw = True
86.7729 	EXP 	distr: autoDraw = True
86.7729 	EXP 	distr: autoDraw = True
86.7729 	EXP 	distr: autoDraw = True
86.7729 	EXP 	distr: autoDraw = True
86.7729 	EXP 	distr: autoDraw = True
86.7729 	EXP 	distr: autoDraw = True
86.7729 	EXP 	distr: autoDraw = True
86.7729 	EXP 	distr: autoDraw = True
86.7729 	EXP 	fixation: autoDraw = True
86.7729 	EXP 	target: autoDraw = True
86.9742 	DATA 	Mouse:  Left button up, pos=(867,709)
87.7748 	EXP 	fixation: autoDraw = False
88.3065 	DATA 	Mouse: Left button down, pos=(685,658)
88.3072 	EXP 	New trial (rep=64, index=0): <Trial 64 (0 in rep 64) data={'thisN': 64, 'thisTrialN': 0, 'thisRepN': 64}>
88.3095 	EXP 	Created distr = TextStim(__class__=<class 'psychopy.visual.text.TextStim'>, alignHoriz=method-wrapper(...), alignText='center', alignVert=method-wrapper(...), anchorHoriz='center', anchorVert='center', antialias=True, autoDraw=False, autoLog=True, bold=False, color=array([1., 1., 1.]), colorSpace='rgb', contrast=1.0, depth=0, draggable=False, flipHoriz=False, flipVert=False, font='Open Sans', fontFiles=[], height=np.float64(0.1), italic=False, languageStyle='LTR', name='distr', opacity=1.0, ori=327, pos=array([0.21628397, 0.29638015]), rgb=UNKNOWN, text='L', units='height', win=Window(...), wrapWidth=1)
88.3110 	EXP 	Created distr = TextStim(__class__=<class 'psychopy.visual.text.TextStim'>, alignHoriz=method-wrapper(...), alignText='center', alignVert=method-wrapper(...), anchorHoriz='center', anchorVert='center', antialias=True, autoDraw=False, autoLog=True, bold=False, color=array([1., 1., 1.]), colorSpace='rgb', contrast=1.0, depth=0, draggable=False, flipHoriz=False, flipVert=False, font='Open Sans', fontFiles=[], height=np.float64(0.1), italic=False, languageStyle='LTR', name='distr', opacity=1.0, ori=140, pos=array([0.23901021, 0.4536096 ]), rgb=UNKNOWN, text='L', units='height', win=Window(...), wrapWidth=1)
88.3124 	EXP 	Created distr = TextStim(__class__=<class 'psychopy.visual.text.TextStim'>, alignHoriz=method-wrapper(...), alignText='center', alignVert=method-wrapper(...), anchorHoriz='center', anchorVert='center', antialias=True, autoDraw=False, autoLog=True, bold=False, color=array([1., 1., 1.]), colorSpace='rgb', contrast=1.0, depth=0, draggable=False, flipHoriz=False, flipVert=False, font='Open Sans', fontFiles=[], height=np.float64(0.1), italic=False, languageStyle='LTR', name='distr', opacity=1.0, ori=330, pos=array([ 0.36894761, -0.32933381]), rgb=UNKNOWN, text='L', units='height', win=Window(...), wrapWidth=1)
88.3137 	EXP 	Created distr = TextStim(__class__=<class 'psychopy.visual.text.TextStim'>, alignHoriz=method-wrapper(...), alignText='center', alignVert=method-wrapper(...), anchorHoriz='center', anchorVert='center', antialias=True, autoDraw=False, autoLog=True, bold=False, color=array([1., 1., 1.]), colorSpace='rgb', contrast=1.0, depth=0, draggable=False, flipHoriz=False, flipVert=False, font='Open Sans', fontFiles=[], height=np.float64(0.1), italic=False, languageStyle='LTR', name='distr', opacity=1.0, ori=161, pos=array([ 0.26788021, -0.1495363 ]), rgb=UNKNOWN, text='L', units='height', win=Window(...), wrapWidth=1)
88.3150 	EXP 	Created distr = TextStim(__class__=<class 'psychopy.visual.text.TextStim'>, alignHoriz=method-wrapper(...), alignText='center', alignVert=method-wrapper(...), anchorHoriz='center', anchorVert='center', antialias=True, autoDraw=False, autoLog=True, bold=False, color=array([1., 1., 1.]), colorSpace='rgb', contrast=1.0, depth=0, draggable=False, flipHoriz=False, flipVert=False, font='Open Sans', fontFiles=[], height=np.float64(0.1), italic=False, languageStyle='LTR', name='distr', opacity=1.0, ori=214, pos=array([-0.30686875, -0.13552181]), rgb=UNKNOWN, text='L', units='height', win=Window(...), wrapWidth=1)
88.3165 	EXP 	Created distr = TextStim(__class__=<class 'psychopy.visual.text.TextStim'>, alignHoriz=method-wrapper(...), alignText='center', alignVert=method-wrapper(...), anchorHoriz='center', anchorVert='center', antialias=True, autoDraw=False, autoLog=True, bold=False, color=array([1., 1., 1.]), colorSpace='rgb', contrast=1.0, depth=0, draggable=False, flipHoriz=False, flipVert=False, font='Open Sans', fontFiles=[], height=np.float64(0.1), italic=False, languageStyle='LTR', name='distr', opacity=1.0, ori=175, pos=array([0.13685929, 0.33318484]), rgb=UNKNOWN, text='L', units='height', win=Window(...), wrapWidth=1)
88.3179 	EXP 	Created distr = TextStim(__class__=<class 'psychopy.visual.text.TextStim'>, alignHoriz=method-wrapper(...), alignText='center', alignVert=method-wrapper(...), anchorHoriz='center', anchorVert='center', antialias=True, autoDraw=False, autoLog=True, bold=False, color=array([1., 1., 1.]), colorSpace='rgb', contrast=1.0, depth=0, draggable=False, flipHoriz=False, flipVert=False, font='Open Sans', fontFiles=[], height=np.float64(0.1), italic=False, languageStyle='LTR', name='distr', opacity=1.0, ori=86, pos=array([0.35318335, 0.46243208]), rgb=UNKNOWN, text='L', units='height', win=Window(...), wrapWidth=1)
88.3194 	EXP 	Created distr = TextStim(__class__=<class 'psychopy.visual.text.TextStim'>, alignHoriz=method-wrapper(...), alignText='center', alignVert=method-wrapper(...), anchorHoriz='center', anchorVert='center', antialias=True, autoDraw=False, autoLog=True, bold=False, color=array([1., 1., 1.]), colorSpace='rgb', contrast=1.0, depth=0, draggable=False, flipHoriz=False, flipVert=False, font='Open Sans', fontFiles=[], height=np.float64(0.1), italic=False, languageStyle='LTR', name='distr', opacity=1.0, ori=246, pos=array([ 0.43798133, -0.09214129]), rgb=UNKNOWN, text='L', units='height', win=Window(...), wrapWidth=1)
88.3216 	EXP 	Created distr = TextStim(__class__=<class 'psychopy.visual.text.TextStim'>, alignHoriz=method-wrapper(...), alignText='center', alignVert=method-wrapper(...), anchorHoriz='center', anchorVert='center', antialias=True, autoDraw=False, autoLog=True, bold=False, color=array([1., 1., 1.]), colorSpace='rgb', contrast=1.0, depth=0, draggable=False, flipHoriz=False, flipVert=False, font='Open Sans', fontFiles=[], height=np.float64(0.1), italic=False, languageStyle='LTR', name='distr', opacity=1.0, ori=166, pos=array([0.11024991, 0.06563174]), rgb=UNKNOWN, text='L', units='height', win=Window(...), wrapWidth=1)
88.3232 	EXP 	Created distr = TextStim(__class__=<class 'psychopy.visual.text.TextStim'>, alignHoriz=method-wrapper(...), alignText='center', alignVert=method-wrapper(...), anchorHoriz='center', anchorVert='center', antialias=True, autoDraw=False, autoLog=True, bold=False, color=array([1., 1., 1.]), colorSpace='rgb', contrast=1.0, depth=0, draggable=False, flipHoriz=False, flipVert=False, font='Open Sans', fontFiles=[], height=np.float64(0.1), italic=False, languageStyle='LTR', name='distr', opacity=1.0, ori=294, pos=array([ 0.46875786, -0.45520879]), rgb=UNKNOWN, text='L', units='height', win=Window(...), wrapWidth=1)
88.3382 	EXP 	fixation: autoDraw = False
88.3382 	EXP 	target: autoDraw = False
88.3382 	EXP 	distr: autoDraw = False
88.3382 	EXP 	distr: autoDraw = False
88.3382 	EXP 	distr: autoDraw = False
88.3382 	EXP 	distr: autoDraw = False
88.3382 	EXP 	distr: autoDraw = False
88.3382 	EXP 	distr: autoDraw = False
88.3382 	EXP 	distr: autoDraw = False
88.3382 	EXP 	distr: autoDraw = False
88.3382 	EXP 	distr: autoDraw = False
88.3382 	EXP 	distr: autoDraw = False
88.3382 	EXP 	distr: autoDraw = True
88.3382 	EXP 	distr: autoDraw = True
88.3382 	EXP 	distr: autoDraw = True
88.3382 	EXP 	distr: autoDraw = True
88.3382 	EXP 	distr: autoDraw = True
88.3382 	EXP 	distr: autoDraw = True
88.3382 	EXP 	distr: autoDraw = True
88.3382 	EXP 	distr: autoDraw = True
88.3382 	EXP 	distr: autoDraw = True
88.3382 	EXP 	distr: autoDraw = True
88.3382 	EXP 	fixation: autoDraw = True
88.3382 	EXP 	target: autoDraw = True
88.5400 	DATA 	Mouse:  Left button up, pos=(685,658)
89.3385 	EXP 	fixation: autoDraw = False
89.5229 	DATA 	Mouse: Left button down, pos=(750,228)
89.7389 	DATA 	Mouse:  Left button up, pos=(750,228)
90.1880 	DATA 	Mouse: Left button down, pos=(757,225)
90.1885 	EXP 	New trial (rep=65, index=0): <Trial 65 (0 in rep 65) data={'thisN': 65, 'thisTrialN': 0, 'thisRepN': 65}>
90.1908 	EXP 	Created distr = TextStim(__class__=<class 'psychopy.visual.text.TextStim'>, alignHoriz=method-wrapper(...), alignText='center', alignVert=method-wrapper(...), anchorHoriz='center', anchorVert='center', antialias=True, autoDraw=False, autoLog=True, bold=False, color=array([1., 1., 1.]), colorSpace='rgb', contrast=1.0, depth=0, draggable=False, flipHoriz=False, flipVert=False, font='Open Sans', fontFiles=[], height=np.float64(0.1), italic=False, languageStyle='LTR', name='distr', opacity=1.0, ori=135, pos=array([ 0.27331455, -0.00999431]), rgb=UNKNOWN, text='L', units='height', win=Window(...), wrapWidth=1)
90.1922 	EXP 	Created distr = TextStim(__class__=<class 'psychopy.visual.text.TextStim'>, alignHoriz=method-wrapper(...), alignText='center', alignVert=method-wrapper(...), anchorHoriz='center', anchorVert='center', antialias=True, autoDraw=False, autoLog=True, bold=False, color=array([1., 1., 1.]), colorSpace='rgb', contrast=1.0, depth=0, draggable=False, flipHoriz=False, flipVert=False, font='Open Sans', fontFiles=[], height=np.float64(0.1), italic=False, languageStyle='LTR', name='distr', opacity=1.0, ori=101, pos=array([0.04335414, 0.13241889]), rgb=UNKNOWN, text='L', units='height', win=Window(...), wrapWidth=1)
90.1937 	EXP 	Created distr = TextStim(__class__=<class 'psychopy.visual.text.TextStim'>, alignHoriz=method-wrapper(...), alignText='center', alignVert=method-wrapper(...), anchorHoriz='center', anchorVert='center', antialias=True, autoDraw=False, autoLog=True, bold=False, color=array([1., 1., 1.]), colorSpace='rgb', contrast=1.0, depth=0, draggable=False, flipHoriz=False, flipVert=False, font='Open Sans', fontFiles=[], height=np.float64(0.1), italic=False, languageStyle='LTR', name='distr', opacity=1.0, ori=206, pos=array([ 0.13613527, -0.47515131]), rgb=UNKNOWN, text='L', units='height', win=Window(...), wrapWidth=1)
90.1950 	EXP 	Created distr = TextStim(__class__=<class 'psychopy.visual.text.TextStim'>, alignHoriz=method-wrapper(...), alignText='center', alignVert=method-wrapper(...), anchorHoriz='center', anchorVert='center', antialias=True, autoDraw=False, autoLog=True, bold=False, color=array([1., 1., 1.]), colorSpace='rgb', contrast=1.0, depth=0, draggable=False, flipHoriz=False, flipVert=False, font='Open Sans', fontFiles=[], height=np.float64(0.1), italic=False, languageStyle='LTR', name='distr', opacity=1.0, ori=207, pos=array([ 0.11948248, -0.41902884]), rgb=UNKNOWN, text='L', units='height', win=Window(...), wrapWidth=1)
90.1965 	EXP 	Created distr = TextStim(__class__=<class 'psychopy.visual.text.TextStim'>, alignHoriz=method-wrapper(...), alignText='center', alignVert=method-wrapper(...), anchorHoriz='center', anchorVert='center', antialias=True, autoDraw=False, autoLog=True, bold=False, color=array([1., 1., 1.]), colorSpace='rgb', contrast=1.0, depth=0, draggable=False, flipHoriz=False, flipVert=False, font='Open Sans', fontFiles=[], height=np.float64(0.1), italic=False, languageStyle='LTR', name='distr', opacity=1.0, ori=267, pos=array([0.08065214, 0.47306503]), rgb=UNKNOWN, text='L', units='height', win=Window(...), wrapWidth=1)
90.1979 	EXP 	Created distr = TextStim(__class__=<class 'psychopy.visual.text.TextStim'>, alignHoriz=method-wrapper(...), alignText='center', alignVert=method-wrapper(...), anchorHoriz='center', anchorVert='center', antialias=True, autoDraw=False, autoLog=True, bold=False, color=array([1., 1., 1.]), colorSpace='rgb', contrast=1.0, depth=0, draggable=False, flipHoriz=False, flipVert=False, font='Open Sans', fontFiles=[], height=np.float64(0.1), italic=False, languageStyle='LTR', name='distr', opacity=1.0, ori=260, pos=array([0.440507  , 0.48273274]), rgb=UNKNOWN, text='L', units='height', win=Window(...), wrapWidth=1)
90.1993 	EXP 	Created distr = TextStim(__class__=<class 'psychopy.visual.text.TextStim'>, alignHoriz=method-wrapper(...), alignText='center', alignVert=method-wrapper(...), anchorHoriz='center', anchorVert='center', antialias=True, autoDraw=False, autoLog=True, bold=False, color=array([1., 1., 1.]), colorSpace='rgb', contrast=1.0, depth=0, draggable=False, flipHoriz=False, flipVert=False, font='Open Sans', fontFiles=[], height=np.float64(0.1), italic=False, languageStyle='LTR', name='distr', opacity=1.0, ori=164, pos=array([0.04320581, 0.14682133]), rgb=UNKNOWN, text='L', units='height', win=Window(...), wrapWidth=1)
90.2007 	EXP 	Created distr = TextStim(__class__=<class 'psychopy.visual.text.TextStim'>, alignHoriz=method-wrapper(...), alignText='center', alignVert=method-wrapper(...), anchorHoriz='center', anchorVert='center', antialias=True, autoDraw=False, autoLog=True, bold=False, color=array([1., 1., 1.]), colorSpace='rgb', contrast=1.0, depth=0, draggable=False, flipHoriz=False, flipVert=False, font='Open Sans', fontFiles=[], height=np.float64(0.1), italic=False, languageStyle='LTR', name='distr', opacity=1.0, ori=311, pos=array([0.2257049 , 0.39272183]), rgb=UNKNOWN, text='L', units='height', win=Window(...), wrapWidth=1)
90.2025 	EXP 	Created distr = TextStim(__class__=<class 'psychopy.visual.text.TextStim'>, alignHoriz=method-wrapper(...), alignText='center', alignVert=method-wrapper(...), anchorHoriz='center', anchorVert='center', antialias=True, autoDraw=False, autoLog=True, bold=False, color=array([1., 1., 1.]), colorSpace='rgb', contrast=1.0, depth=0, draggable=False, flipHoriz=False, flipVert=False, font='Open Sans', fontFiles=[], height=np.float64(0.1), italic=False, languageStyle='LTR', name='distr', opacity=1.0, ori=223, pos=array([-0.39510218,  0.24187732]), rgb=UNKNOWN, text='L', units='height', win=Window(...), wrapWidth=1)
90.2042 	EXP 	Created distr = TextStim(__class__=<class 'psychopy.visual.text.TextStim'>, alignHoriz=method-wrapper(...), alignText='center', alignVert=method-wrapper(...), anchorHoriz='center', anchorVert='center', antialias=True, autoDraw=False, autoLog=True, bold=False, color=array([1., 1., 1.]), colorSpace='rgb', contrast=1.0, depth=0, draggable=False, flipHoriz=False, flipVert=False, font='Open Sans', fontFiles=[], height=np.float64(0.1), italic=False, languageStyle='LTR', name='distr', opacity=1.0, ori=325, pos=array([ 0.07258439, -0.24562927]), rgb=UNKNOWN, text='L', units='height', win=Window(...), wrapWidth=1)
90.2201 	EXP 	fixation: autoDraw = False
90.2201 	EXP 	target: autoDraw = False
90.2201 	EXP 	distr: autoDraw = False
90.2201 	EXP 	distr: autoDraw = False
90.2201 	EXP 	distr: autoDraw = False
90.2201 	EXP 	distr: autoDraw = False
90.2201 	EXP 	distr: autoDraw = False
90.2201 	EXP 	distr: autoDraw = False
90.2201 	EXP 	distr: autoDraw = False
90.2201 	EXP 	distr: autoDraw = False
90.2201 	EXP 	distr: autoDraw = False
90.2201 	EXP 	distr: autoDraw = False
90.2201 	EXP 	distr: autoDraw = True
90.2201 	EXP 	distr: autoDraw = True
90.2201 	EXP 	distr: autoDraw = True
90.2201 	EXP 	distr: autoDraw = True
90.2201 	EXP 	distr: autoDraw = True
90.2201 	EXP 	distr: autoDraw = True
90.2201 	EXP 	distr: autoDraw = True
90.2201 	EXP 	distr: autoDraw = True
90.2201 	EXP 	distr: autoDraw = True
90.2201 	EXP 	distr: autoDraw = True
90.2201 	EXP 	fixation: autoDraw = True
90.2201 	EXP 	target: autoDraw = True
90.4057 	DATA 	Mouse:  Left button up, pos=(757,225)
91.2201 	EXP 	fixation: autoDraw = False
91.3711 	DATA 	Mouse: Left button down, pos=(780,157)
91.3719 	EXP 	New trial (rep=66, index=0): <Trial 66 (0 in rep 66) data={'thisN': 66, 'thisTrialN': 0, 'thisRepN': 66}>
91.3741 	EXP 	Created distr = TextStim(__class__=<class 'psychopy.visual.text.TextStim'>, alignHoriz=method-wrapper(...), alignText='center', alignVert=method-wrapper(...), anchorHoriz='center', anchorVert='center', antialias=True, autoDraw=False, autoLog=True, bold=False, color=array([1., 1., 1.]), colorSpace='rgb', contrast=1.0, depth=0, draggable=False, flipHoriz=False, flipVert=False, font='Open Sans', fontFiles=[], height=np.float64(0.1), italic=False, languageStyle='LTR', name='distr', opacity=1.0, ori=326, pos=array([ 0.20012356, -0.1899276 ]), rgb=UNKNOWN, text='L', units='height', win=Window(...), wrapWidth=1)
91.3756 	EXP 	Created distr = TextStim(__class__=<class 'psychopy.visual.text.TextStim'>, alignHoriz=method-wrapper(...), alignText='center', alignVert=method-wrapper(...), anchorHoriz='center', anchorVert='center', antialias=True, autoDraw=False, autoLog=True, bold=False, color=array([1., 1., 1.]), colorSpace='rgb', contrast=1.0, depth=0, draggable=False, flipHoriz=False, flipVert=False, font='Open Sans', fontFiles=[], height=np.float64(0.1), italic=False, languageStyle='LTR', name='distr', opacity=1.0, ori=334, pos=array([0.27939915, 0.08267532]), rgb=UNKNOWN, text='L', units='height', win=Window(...), wrapWidth=1)
91.3769 	EXP 	Created distr = TextStim(__class__=<class 'psychopy.visual.text.TextStim'>, alignHoriz=method-wrapper(...), alignText='center', alignVert=method-wrapper(...), anchorHoriz='center', anchorVert='center', antialias=True, autoDraw=False, autoLog=True, bold=False, color=array([1., 1., 1.]), colorSpace='rgb', contrast=1.0, depth=0, draggable=False, flipHoriz=False, flipVert=False, font='Open Sans', fontFiles=[], height=np.float64(0.1), italic=False, languageStyle='LTR', name='distr', opacity=1.0, ori=9, pos=array([0.2577001 , 0.41083665]), rgb=UNKNOWN, text='L', units='height', win=Window(...), wrapWidth=1)
91.3783 	EXP 	Created distr = TextStim(__class__=<class 'psychopy.visual.text.TextStim'>, alignHoriz=method-wrapper(...), alignText='center', alignVert=method-wrapper(...), anchorHoriz='center', anchorVert='center', antialias=True, autoDraw=False, autoLog=True, bold=False, color=array([1., 1., 1.]), colorSpace='rgb', contrast=1.0, depth=0, draggable=False, flipHoriz=False, flipVert=False, font='Open Sans', fontFiles=[], height=np.float64(0.1), italic=False, languageStyle='LTR', name='distr', opacity=1.0, ori=160, pos=array([-0.43078558,  0.00500511]), rgb=UNKNOWN, text='L', units='height', win=Window(...), wrapWidth=1)
91.3796 	EXP 	Created distr = TextStim(__class__=<class 'psychopy.visual.text.TextStim'>, alignHoriz=method-wrapper(...), alignText='center', alignVert=method-wrapper(...), anchorHoriz='center', anchorVert='center', antialias=True, autoDraw=False, autoLog=True, bold=False, color=array([1., 1., 1.]), colorSpace='rgb', contrast=1.0, depth=0, draggable=False, flipHoriz=False, flipVert=False, font='Open Sans', fontFiles=[], height=np.float64(0.1), italic=False, languageStyle='LTR', name='distr', opacity=1.0, ori=318, pos=array([0.06338499, 0.16433814]), rgb=UNKNOWN, text='L', units='height', win=Window(...), wrapWidth=1)
91.3810 	EXP 	Created distr = TextStim(__class__=<class 'psychopy.visual.text.TextStim'>, alignHoriz=method-wrapper(...), alignText='center', alignVert=method-wrapper(...), anchorHoriz='center', anchorVert='center', antialias=True, autoDraw=False, autoLog=True, bold=False, color=array([1., 1., 1.]), colorSpace='rgb', contrast=1.0, depth=0, draggable=False, flipHoriz=False, flipVert=False, font='Open Sans', fontFiles=[], height=np.float64(0.1), italic=False, languageStyle='LTR', name='distr', opacity=1.0, ori=5, pos=array([ 0.15323658, -0.23652407]), rgb=UNKNOWN, text='L', units='height', win=Window(...), wrapWidth=1)
91.3823 	EXP 	Created distr = TextStim(__class__=<class 'psychopy.visual.text.TextStim'>, alignHoriz=method-wrapper(...), alignText='center', alignVert=method-wrapper(...), anchorHoriz='center', anchorVert='center', antialias=True, autoDraw=False, autoLog=True, bold=False, color=array([1., 1., 1.]), colorSpace='rgb', contrast=1.0, depth=0, draggable=False, flipHoriz=False, flipVert=False, font='Open Sans', fontFiles=[], height=np.float64(0.1), italic=False, languageStyle='LTR', name='distr', opacity=1.0, ori=330, pos=array([ 0.0389085 , -0.25842805]), rgb=UNKNOWN, text='L', units='height', win=Window(...), wrapWidth=1)
91.3840 	EXP 	Created distr = TextStim(__class__=<class 'psychopy.visual.text.TextStim'>, alignHoriz=method-wrapper(...), alignText='center', alignVert=method-wrapper(...), anchorHoriz='center', anchorVert='center', antialias=True, autoDraw=False, autoLog=True, bold=False, color=array([1., 1., 1.]), colorSpace='rgb', contrast=1.0, depth=0, draggable=False, flipHoriz=False, flipVert=False, font='Open Sans', fontFiles=[], height=np.float64(0.1), italic=False, languageStyle='LTR', name='distr', opacity=1.0, ori=234, pos=array([-0.19480067,  0.00334019]), rgb=UNKNOWN, text='L', units='height', win=Window(...), wrapWidth=1)
91.3861 	EXP 	Created distr = TextStim(__class__=<class 'psychopy.visual.text.TextStim'>, alignHoriz=method-wrapper(...), alignText='center', alignVert=method-wrapper(...), anchorHoriz='center', anchorVert='center', antialias=True, autoDraw=False, autoLog=True, bold=False, color=array([1., 1., 1.]), colorSpace='rgb', contrast=1.0, depth=0, draggable=False, flipHoriz=False, flipVert=False, font='Open Sans', fontFiles=[], height=np.float64(0.1), italic=False, languageStyle='LTR', name='distr', opacity=1.0, ori=197, pos=array([ 0.4616297 , -0.30022033]), rgb=UNKNOWN, text='L', units='height', win=Window(...), wrapWidth=1)
91.3878 	EXP 	Created distr = TextStim(__class__=<class 'psychopy.visual.text.TextStim'>, alignHoriz=method-wrapper(...), alignText='center', alignVert=method-wrapper(...), anchorHoriz='center', anchorVert='center', antialias=True, autoDraw=False, autoLog=True, bold=False, color=array([1., 1., 1.]), colorSpace='rgb', contrast=1.0, depth=0, draggable=False, flipHoriz=False, flipVert=False, font='Open Sans', fontFiles=[], height=np.float64(0.1), italic=False, languageStyle='LTR', name='distr', opacity=1.0, ori=127, pos=array([-0.22580924,  0.49740798]), rgb=UNKNOWN, text='L', units='height', win=Window(...), wrapWidth=1)
91.4024 	EXP 	fixation: autoDraw = False
91.4024 	EXP 	target: autoDraw = False
91.4024 	EXP 	distr: autoDraw = False
91.4024 	EXP 	distr: autoDraw = False
91.4024 	EXP 	distr: autoDraw = False
91.4024 	EXP 	distr: autoDraw = False
91.4024 	EXP 	distr: autoDraw = False
91.4024 	EXP 	distr: autoDraw = False
91.4024 	EXP 	distr: autoDraw = False
91.4024 	EXP 	distr: autoDraw = False
91.4024 	EXP 	distr: autoDraw = False
91.4024 	EXP 	distr: autoDraw = False
91.4024 	EXP 	distr: autoDraw = True
91.4024 	EXP 	distr: autoDraw = True
91.4024 	EXP 	distr: autoDraw = True
91.4024 	EXP 	distr: autoDraw = True
91.4024 	EXP 	distr: autoDraw = True
91.4024 	EXP 	distr: autoDraw = True
91.4024 	EXP 	distr: autoDraw = True
91.4024 	EXP 	distr: autoDraw = True
91.4024 	EXP 	distr: autoDraw = True
91.4024 	EXP 	distr: autoDraw = True
91.4024 	EXP 	fixation: autoDraw = True
91.4024 	EXP 	target: autoDraw = True
91.5898 	DATA 	Mouse:  Left button up, pos=(780,157)
92.4024 	EXP 	fixation: autoDraw = False
92.4862 	DATA 	Mouse: Left button down, pos=(948,179)
92.4870 	EXP 	New trial (rep=67, index=0): <Trial 67 (0 in rep 67) data={'thisN': 67, 'thisTrialN': 0, 'thisRepN': 67}>
92.4892 	EXP 	Created distr = TextStim(__class__=<class 'psychopy.visual.text.TextStim'>, alignHoriz=method-wrapper(...), alignText='center', alignVert=method-wrapper(...), anchorHoriz='center', anchorVert='center', antialias=True, autoDraw=False, autoLog=True, bold=False, color=array([1., 1., 1.]), colorSpace='rgb', contrast=1.0, depth=0, draggable=False, flipHoriz=False, flipVert=False, font='Open Sans', fontFiles=[], height=np.float64(0.1), italic=False, languageStyle='LTR', name='distr', opacity=1.0, ori=336, pos=array([-0.08924857,  0.39028319]), rgb=UNKNOWN, text='L', units='height', win=Window(...), wrapWidth=1)
92.4906 	EXP 	Created distr = TextStim(__class__=<class 'psychopy.visual.text.TextStim'>, alignHoriz=method-wrapper(...), alignText='center', alignVert=method-wrapper(...), anchorHoriz='center', anchorVert='center', antialias=True, autoDraw=False, autoLog=True, bold=False, color=array([1., 1., 1.]), colorSpace='rgb', contrast=1.0, depth=0, draggable=False, flipHoriz=False, flipVert=False, font='Open Sans', fontFiles=[], height=np.float64(0.1), italic=False, languageStyle='LTR', name='distr', opacity=1.0, ori=87, pos=array([-0.29455819, -0.1480685 ]), rgb=UNKNOWN, text='L', units='height', win=Window(...), wrapWidth=1)
92.4920 	EXP 	Created distr = TextStim(__class__=<class 'psychopy.visual.text.TextStim'>, alignHoriz=method-wrapper(...), alignText='center', alignVert=method-wrapper(...), anchorHoriz='center', anchorVert='center', antialias=True, autoDraw=False, autoLog=True, bold=False, color=array([1., 1., 1.]), colorSpace='rgb', contrast=1.0, depth=0, draggable=False, flipHoriz=False, flipVert=False, font='Open Sans', fontFiles=[], height=np.float64(0.1), italic=False, languageStyle='LTR', name='distr', opacity=1.0, ori=50, pos=array([-0.39811918,  0.40100911]), rgb=UNKNOWN, text='L', units='height', win=Window(...), wrapWidth=1)
92.4933 	EXP 	Created distr = TextStim(__class__=<class 'psychopy.visual.text.TextStim'>, alignHoriz=method-wrapper(...), alignText='center', alignVert=method-wrapper(...), anchorHoriz='center', anchorVert='center', antialias=True, autoDraw=False, autoLog=True, bold=False, color=array([1., 1., 1.]), colorSpace='rgb', contrast=1.0, depth=0, draggable=False, flipHoriz=False, flipVert=False, font='Open Sans', fontFiles=[], height=np.float64(0.1), italic=False, languageStyle='LTR', name='distr', opacity=1.0, ori=242, pos=array([-0.07392969,  0.44081588]), rgb=UNKNOWN, text='L', units='height', win=Window(...), wrapWidth=1)
92.4947 	EXP 	Created distr = TextStim(__class__=<class 'psychopy.visual.text.TextStim'>, alignHoriz=method-wrapper(...), alignText='center', alignVert=method-wrapper(...), anchorHoriz='center', anchorVert='center', antialias=True, autoDraw=False, autoLog=True, bold=False, color=array([1., 1., 1.]), colorSpace='rgb', contrast=1.0, depth=0, draggable=False, flipHoriz=False, flipVert=False, font='Open Sans', fontFiles=[], height=np.float64(0.1), italic=False, languageStyle='LTR', name='distr', opacity=1.0, ori=15, pos=array([-0.18356297,  0.27923965]), rgb=UNKNOWN, text='L', units='height', win=Window(...), wrapWidth=1)
92.4961 	EXP 	Created distr = TextStim(__class__=<class 'psychopy.visual.text.TextStim'>, alignHoriz=method-wrapper(...), alignText='center', alignVert=method-wrapper(...), anchorHoriz='center', anchorVert='center', antialias=True, autoDraw=False, autoLog=True, bold=False, color=array([1., 1., 1.]), colorSpace='rgb', contrast=1.0, depth=0, draggable=False, flipHoriz=False, flipVert=False, font='Open Sans', fontFiles=[], height=np.float64(0.1), italic=False, languageStyle='LTR', name='distr', opacity=1.0, ori=170, pos=array([0.28041162, 0.01645917]), rgb=UNKNOWN, text='L', units='height', win=Window(...), wrapWidth=1)
92.4975 	EXP 	Created distr = TextStim(__class__=<class 'psychopy.visual.text.TextStim'>, alignHoriz=method-wrapper(...), alignText='center', alignVert=method-wrapper(...), anchorHoriz='center', anchorVert='center', antialias=True, autoDraw=False, autoLog=True, bold=False, color=array([1., 1., 1.]), colorSpace='rgb', contrast=1.0, depth=0, draggable=False, flipHoriz=False, flipVert=False, font='Open Sans', fontFiles=[], height=np.float64(0.1), italic=False, languageStyle='LTR', name='distr', opacity=1.0, ori=87, pos=array([-0.02471131, -0.47101212]), rgb=UNKNOWN, text='L', units='height', win=Window(...), wrapWidth=1)
92.4988 	EXP 	Created distr = TextStim(__class__=<class 'psychopy.visual.text.TextStim'>, alignHoriz=method-wrapper(...), alignText='center', alignVert=method-wrapper(...), anchorHoriz='center', anchorVert='center', antialias=True, autoDraw=False, autoLog=True, bold=False, color=array([1., 1., 1.]), colorSpace='rgb', contrast=1.0, depth=0, draggable=False, flipHoriz=False, flipVert=False, font='Open Sans', fontFiles=[], height=np.float64(0.1), italic=False, languageStyle='LTR', name='distr', opacity=1.0, ori=147, pos=array([-0.49048061,  0.11649769]), rgb=UNKNOWN, text='L', units='height', win=Window(...), wrapWidth=1)
92.5010 	EXP 	Created distr = TextStim(__class__=<class 'psychopy.visual.text.TextStim'>, alignHoriz=method-wrapper(...), alignText='center', alignVert=method-wrapper(...), anchorHoriz='center', anchorVert='center', antialias=True, autoDraw=False, autoLog=True, bold=False, color=array([1., 1., 1.]), colorSpace='rgb', contrast=1.0, depth=0, draggable=False, flipHoriz=False, flipVert=False, font='Open Sans', fontFiles=[], height=np.float64(0.1), italic=False, languageStyle='LTR', name='distr', opacity=1.0, ori=216, pos=array([-0.42802273,  0.03131339]), rgb=UNKNOWN, text='L', units='height', win=Window(...), wrapWidth=1)
92.5026 	EXP 	Created distr = TextStim(__class__=<class 'psychopy.visual.text.TextStim'>, alignHoriz=method-wrapper(...), alignText='center', alignVert=method-wrapper(...), anchorHoriz='center', anchorVert='center', antialias=True, autoDraw=False, autoLog=True, bold=False, color=array([1., 1., 1.]), colorSpace='rgb', contrast=1.0, depth=0, draggable=False, flipHoriz=False, flipVert=False, font='Open Sans', fontFiles=[], height=np.float64(0.1), italic=False, languageStyle='LTR', name='distr', opacity=1.0, ori=17, pos=array([ 0.24135419, -0.42513753]), rgb=UNKNOWN, text='L', units='height', win=Window(...), wrapWidth=1)
92.5181 	EXP 	fixation: autoDraw = False
92.5181 	EXP 	target: autoDraw = False
92.5181 	EXP 	distr: autoDraw = False
92.5181 	EXP 	distr: autoDraw = False
92.5181 	EXP 	distr: autoDraw = False
92.5181 	EXP 	distr: autoDraw = False
92.5181 	EXP 	distr: autoDraw = False
92.5181 	EXP 	distr: autoDraw = False
92.5181 	EXP 	distr: autoDraw = False
92.5181 	EXP 	distr: autoDraw = False
92.5181 	EXP 	distr: autoDraw = False
92.5181 	EXP 	distr: autoDraw = False
92.5181 	EXP 	distr: autoDraw = True
92.5181 	EXP 	distr: autoDraw = True
92.5181 	EXP 	distr: autoDraw = True
92.5181 	EXP 	distr: autoDraw = True
92.5181 	EXP 	distr: autoDraw = True
92.5181 	EXP 	distr: autoDraw = True
92.5181 	EXP 	distr: autoDraw = True
92.5181 	EXP 	distr: autoDraw = True
92.5181 	EXP 	distr: autoDraw = True
92.5181 	EXP 	distr: autoDraw = True
92.5181 	EXP 	fixation: autoDraw = True
92.5181 	EXP 	target: autoDraw = True
92.7195 	DATA 	Mouse:  Left button up, pos=(948,179)
93.4855 	DATA 	Mouse: Left button down, pos=(995,477)
93.4863 	EXP 	New trial (rep=68, index=0): <Trial 68 (0 in rep 68) data={'thisN': 68, 'thisTrialN': 0, 'thisRepN': 68}>
93.4887 	EXP 	Created distr = TextStim(__class__=<class 'psychopy.visual.text.TextStim'>, alignHoriz=method-wrapper(...), alignText='center', alignVert=method-wrapper(...), anchorHoriz='center', anchorVert='center', antialias=True, autoDraw=False, autoLog=True, bold=False, color=array([1., 1., 1.]), colorSpace='rgb', contrast=1.0, depth=0, draggable=False, flipHoriz=False, flipVert=False, font='Open Sans', fontFiles=[], height=np.float64(0.1), italic=False, languageStyle='LTR', name='distr', opacity=1.0, ori=192, pos=array([ 0.22118758, -0.46880077]), rgb=UNKNOWN, text='L', units='height', win=Window(...), wrapWidth=1)
93.4902 	EXP 	Created distr = TextStim(__class__=<class 'psychopy.visual.text.TextStim'>, alignHoriz=method-wrapper(...), alignText='center', alignVert=method-wrapper(...), anchorHoriz='center', anchorVert='center', antialias=True, autoDraw=False, autoLog=True, bold=False, color=array([1., 1., 1.]), colorSpace='rgb', contrast=1.0, depth=0, draggable=False, flipHoriz=False, flipVert=False, font='Open Sans', fontFiles=[], height=np.float64(0.1), italic=False, languageStyle='LTR', name='distr', opacity=1.0, ori=105, pos=array([-0.24367717, -0.0217404 ]), rgb=UNKNOWN, text='L', units='height', win=Window(...), wrapWidth=1)
93.4918 	EXP 	Created distr = TextStim(__class__=<class 'psychopy.visual.text.TextStim'>, alignHoriz=method-wrapper(...), alignText='center', alignVert=method-wrapper(...), anchorHoriz='center', anchorVert='center', antialias=True, autoDraw=False, autoLog=True, bold=False, color=array([1., 1., 1.]), colorSpace='rgb', contrast=1.0, depth=0, draggable=False, flipHoriz=False, flipVert=False, font='Open Sans', fontFiles=[], height=np.float64(0.1), italic=False, languageStyle='LTR', name='distr', opacity=1.0, ori=347, pos=array([0.14711126, 0.15904129]), rgb=UNKNOWN, text='L', units='height', win=Window(...), wrapWidth=1)
93.4932 	EXP 	Created distr = TextStim(__class__=<class 'psychopy.visual.text.TextStim'>, alignHoriz=method-wrapper(...), alignText='center', alignVert=method-wrapper(...), anchorHoriz='center', anchorVert='center', antialias=True, autoDraw=False, autoLog=True, bold=False, color=array([1., 1., 1.]), colorSpace='rgb', contrast=1.0, depth=0, draggable=False, flipHoriz=False, flipVert=False, font='Open Sans', fontFiles=[], height=np.float64(0.1), italic=False, languageStyle='LTR', name='distr', opacity=1.0, ori=69, pos=array([ 0.28231039, -0.29955951]), rgb=UNKNOWN, text='L', units='height', win=Window(...), wrapWidth=1)
93.4945 	EXP 	Created distr = TextStim(__class__=<class 'psychopy.visual.text.TextStim'>, alignHoriz=method-wrapper(...), alignText='center', alignVert=method-wrapper(...), anchorHoriz='center', anchorVert='center', antialias=True, autoDraw=False, autoLog=True, bold=False, color=array([1., 1., 1.]), colorSpace='rgb', contrast=1.0, depth=0, draggable=False, flipHoriz=False, flipVert=False, font='Open Sans', fontFiles=[], height=np.float64(0.1), italic=False, languageStyle='LTR', name='distr', opacity=1.0, ori=332, pos=array([-0.11858819,  0.1406105 ]), rgb=UNKNOWN, text='L', units='height', win=Window(...), wrapWidth=1)
93.5013 	EXP 	fixation: autoDraw = False
93.5013 	EXP 	target: autoDraw = False
93.5013 	EXP 	distr: autoDraw = False
93.5013 	EXP 	distr: autoDraw = False
93.5013 	EXP 	distr: autoDraw = False
93.5013 	EXP 	distr: autoDraw = False
93.5013 	EXP 	distr: autoDraw = False
93.5013 	EXP 	distr: autoDraw = False
93.5013 	EXP 	distr: autoDraw = False
93.5013 	EXP 	distr: autoDraw = False
93.5013 	EXP 	distr: autoDraw = False
93.5013 	EXP 	distr: autoDraw = False
93.5013 	EXP 	distr: autoDraw = True
93.5013 	EXP 	distr: autoDraw = True
93.5013 	EXP 	distr: autoDraw = True
93.5013 	EXP 	distr: autoDraw = True
93.5013 	EXP 	distr: autoDraw = True
93.5013 	EXP 	fixation: autoDraw = True
93.5013 	EXP 	target: autoDraw = True
93.7187 	DATA 	Mouse:  Left button up, pos=(995,477)
94.5007 	EXP 	fixation: autoDraw = False
94.7013 	DATA 	Mouse: Left button down, pos=(541,144)
94.7023 	EXP 	New trial (rep=69, index=0): <Trial 69 (0 in rep 69) data={'thisN': 69, 'thisTrialN': 0, 'thisRepN': 69}>
94.7049 	EXP 	Created distr = TextStim(__class__=<class 'psychopy.visual.text.TextStim'>, alignHoriz=method-wrapper(...), alignText='center', alignVert=method-wrapper(...), anchorHoriz='center', anchorVert='center', antialias=True, autoDraw=False, autoLog=True, bold=False, color=array([1., 1., 1.]), colorSpace='rgb', contrast=1.0, depth=0, draggable=False, flipHoriz=False, flipVert=False, font='Open Sans', fontFiles=[], height=np.float64(0.1), italic=False, languageStyle='LTR', name='distr', opacity=1.0, ori=196, pos=array([0.38318125, 0.48649229]), rgb=UNKNOWN, text='L', units='height', win=Window(...), wrapWidth=1)
94.7063 	EXP 	Created distr = TextStim(__class__=<class 'psychopy.visual.text.TextStim'>, alignHoriz=method-wrapper(...), alignText='center', alignVert=method-wrapper(...), anchorHoriz='center', anchorVert='center', antialias=True, autoDraw=False, autoLog=True, bold=False, color=array([1., 1., 1.]), colorSpace='rgb', contrast=1.0, depth=0, draggable=False, flipHoriz=False, flipVert=False, font='Open Sans', fontFiles=[], height=np.float64(0.1), italic=False, languageStyle='LTR', name='distr', opacity=1.0, ori=90, pos=array([-0.37953714,  0.03079717]), rgb=UNKNOWN, text='L', units='height', win=Window(...), wrapWidth=1)
94.7079 	EXP 	Created distr = TextStim(__class__=<class 'psychopy.visual.text.TextStim'>, alignHoriz=method-wrapper(...), alignText='center', alignVert=method-wrapper(...), anchorHoriz='center', anchorVert='center', antialias=True, autoDraw=False, autoLog=True, bold=False, color=array([1., 1., 1.]), colorSpace='rgb', contrast=1.0, depth=0, draggable=False, flipHoriz=False, flipVert=False, font='Open Sans', fontFiles=[], height=np.float64(0.1), italic=False, languageStyle='LTR', name='distr', opacity=1.0, ori=279, pos=array([ 0.10293078, -0.38279748]), rgb=UNKNOWN, text='L', units='height', win=Window(...), wrapWidth=1)
94.7097 	EXP 	Created distr = TextStim(__class__=<class 'psychopy.visual.text.TextStim'>, alignHoriz=method-wrapper(...), alignText='center', alignVert=method-wrapper(...), anchorHoriz='center', anchorVert='center', antialias=True, autoDraw=False, autoLog=True, bold=False, color=array([1., 1., 1.]), colorSpace='rgb', contrast=1.0, depth=0, draggable=False, flipHoriz=False, flipVert=False, font='Open Sans', fontFiles=[], height=np.float64(0.1), italic=False, languageStyle='LTR', name='distr', opacity=1.0, ori=193, pos=array([0.27792082, 0.3569274 ]), rgb=UNKNOWN, text='L', units='height', win=Window(...), wrapWidth=1)
94.7112 	EXP 	Created distr = TextStim(__class__=<class 'psychopy.visual.text.TextStim'>, alignHoriz=method-wrapper(...), alignText='center', alignVert=method-wrapper(...), anchorHoriz='center', anchorVert='center', antialias=True, autoDraw=False, autoLog=True, bold=False, color=array([1., 1., 1.]), colorSpace='rgb', contrast=1.0, depth=0, draggable=False, flipHoriz=False, flipVert=False, font='Open Sans', fontFiles=[], height=np.float64(0.1), italic=False, languageStyle='LTR', name='distr', opacity=1.0, ori=168, pos=array([ 0.09752574, -0.12274939]), rgb=UNKNOWN, text='L', units='height', win=Window(...), wrapWidth=1)
94.7131 	EXP 	Created distr = TextStim(__class__=<class 'psychopy.visual.text.TextStim'>, alignHoriz=method-wrapper(...), alignText='center', alignVert=method-wrapper(...), anchorHoriz='center', anchorVert='center', antialias=True, autoDraw=False, autoLog=True, bold=False, color=array([1., 1., 1.]), colorSpace='rgb', contrast=1.0, depth=0, draggable=False, flipHoriz=False, flipVert=False, font='Open Sans', fontFiles=[], height=np.float64(0.1), italic=False, languageStyle='LTR', name='distr', opacity=1.0, ori=227, pos=array([0.48731348, 0.31835166]), rgb=UNKNOWN, text='L', units='height', win=Window(...), wrapWidth=1)
94.7153 	EXP 	Created distr = TextStim(__class__=<class 'psychopy.visual.text.TextStim'>, alignHoriz=method-wrapper(...), alignText='center', alignVert=method-wrapper(...), anchorHoriz='center', anchorVert='center', antialias=True, autoDraw=False, autoLog=True, bold=False, color=array([1., 1., 1.]), colorSpace='rgb', contrast=1.0, depth=0, draggable=False, flipHoriz=False, flipVert=False, font='Open Sans', fontFiles=[], height=np.float64(0.1), italic=False, languageStyle='LTR', name='distr', opacity=1.0, ori=114, pos=array([0.13858435, 0.16230203]), rgb=UNKNOWN, text='L', units='height', win=Window(...), wrapWidth=1)
94.7173 	EXP 	Created distr = TextStim(__class__=<class 'psychopy.visual.text.TextStim'>, alignHoriz=method-wrapper(...), alignText='center', alignVert=method-wrapper(...), anchorHoriz='center', anchorVert='center', antialias=True, autoDraw=False, autoLog=True, bold=False, color=array([1., 1., 1.]), colorSpace='rgb', contrast=1.0, depth=0, draggable=False, flipHoriz=False, flipVert=False, font='Open Sans', fontFiles=[], height=np.float64(0.1), italic=False, languageStyle='LTR', name='distr', opacity=1.0, ori=159, pos=array([ 0.13953678, -0.17905372]), rgb=UNKNOWN, text='L', units='height', win=Window(...), wrapWidth=1)
94.7187 	EXP 	Created distr = TextStim(__class__=<class 'psychopy.visual.text.TextStim'>, alignHoriz=method-wrapper(...), alignText='center', alignVert=method-wrapper(...), anchorHoriz='center', anchorVert='center', antialias=True, autoDraw=False, autoLog=True, bold=False, color=array([1., 1., 1.]), colorSpace='rgb', contrast=1.0, depth=0, draggable=False, flipHoriz=False, flipVert=False, font='Open Sans', fontFiles=[], height=np.float64(0.1), italic=False, languageStyle='LTR', name='distr', opacity=1.0, ori=151, pos=array([0.34166973, 0.05291869]), rgb=UNKNOWN, text='L', units='height', win=Window(...), wrapWidth=1)
94.7201 	EXP 	Created distr = TextStim(__class__=<class 'psychopy.visual.text.TextStim'>, alignHoriz=method-wrapper(...), alignText='center', alignVert=method-wrapper(...), anchorHoriz='center', anchorVert='center', antialias=True, autoDraw=False, autoLog=True, bold=False, color=array([1., 1., 1.]), colorSpace='rgb', contrast=1.0, depth=0, draggable=False, flipHoriz=False, flipVert=False, font='Open Sans', fontFiles=[], height=np.float64(0.1), italic=False, languageStyle='LTR', name='distr', opacity=1.0, ori=205, pos=array([ 0.15655904, -0.01982356]), rgb=UNKNOWN, text='L', units='height', win=Window(...), wrapWidth=1)
94.7331 	EXP 	fixation: autoDraw = False
94.7331 	EXP 	target: autoDraw = False
94.7331 	EXP 	distr: autoDraw = False
94.7331 	EXP 	distr: autoDraw = False
94.7331 	EXP 	distr: autoDraw = False
94.7331 	EXP 	distr: autoDraw = False
94.7331 	EXP 	distr: autoDraw = False
94.7331 	EXP 	distr: autoDraw = True
94.7331 	EXP 	distr: autoDraw = True
94.7331 	EXP 	distr: autoDraw = True
94.7331 	EXP 	distr: autoDraw = True
94.7331 	EXP 	distr: autoDraw = True
94.7331 	EXP 	distr: autoDraw = True
94.7331 	EXP 	distr: autoDraw = True
94.7331 	EXP 	distr: autoDraw = True
94.7331 	EXP 	distr: autoDraw = True
94.7331 	EXP 	distr: autoDraw = True
94.7331 	EXP 	fixation: autoDraw = True
94.7331 	EXP 	target: autoDraw = True
94.9175 	DATA 	Mouse:  Left button up, pos=(541,144)
95.7330 	EXP 	fixation: autoDraw = False
95.7833 	DATA 	Mouse: Left button down, pos=(456,319)
95.7840 	EXP 	New trial (rep=70, index=0): <Trial 70 (0 in rep 70) data={'thisN': 70, 'thisTrialN': 0, 'thisRepN': 70}>
95.7861 	EXP 	Created distr = TextStim(__class__=<class 'psychopy.visual.text.TextStim'>, alignHoriz=method-wrapper(...), alignText='center', alignVert=method-wrapper(...), anchorHoriz='center', anchorVert='center', antialias=True, autoDraw=False, autoLog=True, bold=False, color=array([1., 1., 1.]), colorSpace='rgb', contrast=1.0, depth=0, draggable=False, flipHoriz=False, flipVert=False, font='Open Sans', fontFiles=[], height=np.float64(0.1), italic=False, languageStyle='LTR', name='distr', opacity=1.0, ori=53, pos=array([-0.02247089, -0.20259831]), rgb=UNKNOWN, text='L', units='height', win=Window(...), wrapWidth=1)
95.7876 	EXP 	Created distr = TextStim(__class__=<class 'psychopy.visual.text.TextStim'>, alignHoriz=method-wrapper(...), alignText='center', alignVert=method-wrapper(...), anchorHoriz='center', anchorVert='center', antialias=True, autoDraw=False, autoLog=True, bold=False, color=array([1., 1., 1.]), colorSpace='rgb', contrast=1.0, depth=0, draggable=False, flipHoriz=False, flipVert=False, font='Open Sans', fontFiles=[], height=np.float64(0.1), italic=False, languageStyle='LTR', name='distr', opacity=1.0, ori=316, pos=array([ 0.26361716, -0.03261748]), rgb=UNKNOWN, text='L', units='height', win=Window(...), wrapWidth=1)
95.7890 	EXP 	Created distr = TextStim(__class__=<class 'psychopy.visual.text.TextStim'>, alignHoriz=method-wrapper(...), alignText='center', alignVert=method-wrapper(...), anchorHoriz='center', anchorVert='center', antialias=True, autoDraw=False, autoLog=True, bold=False, color=array([1., 1., 1.]), colorSpace='rgb', contrast=1.0, depth=0, draggable=False, flipHoriz=False, flipVert=False, font='Open Sans', fontFiles=[], height=np.float64(0.1), italic=False, languageStyle='LTR', name='distr', opacity=1.0, ori=265, pos=array([ 0.27309428, -0.21502842]), rgb=UNKNOWN, text='L', units='height', win=Window(...), wrapWidth=1)
95.7903 	EXP 	Created distr = TextStim(__class__=<class 'psychopy.visual.text.TextStim'>, alignHoriz=method-wrapper(...), alignText='center', alignVert=method-wrapper(...), anchorHoriz='center', anchorVert='center', antialias=True, autoDraw=False, autoLog=True, bold=False, color=array([1., 1., 1.]), colorSpace='rgb', contrast=1.0, depth=0, draggable=False, flipHoriz=False, flipVert=False, font='Open Sans', fontFiles=[], height=np.float64(0.1), italic=False, languageStyle='LTR', name='distr', opacity=1.0, ori=224, pos=array([0.03719938, 0.2966359 ]), rgb=UNKNOWN, text='L', units='height', win=Window(...), wrapWidth=1)
95.7916 	EXP 	Created distr = TextStim(__class__=<class 'psychopy.visual.text.TextStim'>, alignHoriz=method-wrapper(...), alignText='center', alignVert=method-wrapper(...), anchorHoriz='center', anchorVert='center', antialias=True, autoDraw=False, autoLog=True, bold=False, color=array([1., 1., 1.]), colorSpace='rgb', contrast=1.0, depth=0, draggable=False, flipHoriz=False, flipVert=False, font='Open Sans', fontFiles=[], height=np.float64(0.1), italic=False, languageStyle='LTR', name='distr', opacity=1.0, ori=206, pos=array([0.20287163, 0.22574458]), rgb=UNKNOWN, text='L', units='height', win=Window(...), wrapWidth=1)
95.7995 	EXP 	fixation: autoDraw = False
95.7995 	EXP 	target: autoDraw = False
95.7995 	EXP 	distr: autoDraw = False
95.7995 	EXP 	distr: autoDraw = False
95.7995 	EXP 	distr: autoDraw = False
95.7995 	EXP 	distr: autoDraw = False
95.7995 	EXP 	distr: autoDraw = False
95.7995 	EXP 	distr: autoDraw = False
95.7995 	EXP 	distr: autoDraw = False
95.7995 	EXP 	distr: autoDraw = False
95.7995 	EXP 	distr: autoDraw = False
95.7995 	EXP 	distr: autoDraw = False
95.7995 	EXP 	distr: autoDraw = True
95.7995 	EXP 	distr: autoDraw = True
95.7995 	EXP 	distr: autoDraw = True
95.7995 	EXP 	distr: autoDraw = True
95.7995 	EXP 	distr: autoDraw = True
95.7995 	EXP 	fixation: autoDraw = True
95.7995 	EXP 	target: autoDraw = True
96.0181 	DATA 	Mouse:  Left button up, pos=(456,319)
96.7986 	EXP 	fixation: autoDraw = False
96.9325 	DATA 	Mouse: Left button down, pos=(639,24)
96.9333 	EXP 	New trial (rep=71, index=0): <Trial 71 (0 in rep 71) data={'thisN': 71, 'thisTrialN': 0, 'thisRepN': 71}>
96.9356 	EXP 	Created distr = TextStim(__class__=<class 'psychopy.visual.text.TextStim'>, alignHoriz=method-wrapper(...), alignText='center', alignVert=method-wrapper(...), anchorHoriz='center', anchorVert='center', antialias=True, autoDraw=False, autoLog=True, bold=False, color=array([1., 1., 1.]), colorSpace='rgb', contrast=1.0, depth=0, draggable=False, flipHoriz=False, flipVert=False, font='Open Sans', fontFiles=[], height=np.float64(0.1), italic=False, languageStyle='LTR', name='distr', opacity=1.0, ori=228, pos=array([ 0.05633075, -0.48052085]), rgb=UNKNOWN, text='L', units='height', win=Window(...), wrapWidth=1)
96.9373 	EXP 	Created distr = TextStim(__class__=<class 'psychopy.visual.text.TextStim'>, alignHoriz=method-wrapper(...), alignText='center', alignVert=method-wrapper(...), anchorHoriz='center', anchorVert='center', antialias=True, autoDraw=False, autoLog=True, bold=False, color=array([1., 1., 1.]), colorSpace='rgb', contrast=1.0, depth=0, draggable=False, flipHoriz=False, flipVert=False, font='Open Sans', fontFiles=[], height=np.float64(0.1), italic=False, languageStyle='LTR', name='distr', opacity=1.0, ori=201, pos=array([ 0.45489517, -0.04867592]), rgb=UNKNOWN, text='L', units='height', win=Window(...), wrapWidth=1)
96.9386 	EXP 	Created distr = TextStim(__class__=<class 'psychopy.visual.text.TextStim'>, alignHoriz=method-wrapper(...), alignText='center', alignVert=method-wrapper(...), anchorHoriz='center', anchorVert='center', antialias=True, autoDraw=False, autoLog=True, bold=False, color=array([1., 1., 1.]), colorSpace='rgb', contrast=1.0, depth=0, draggable=False, flipHoriz=False, flipVert=False, font='Open Sans', fontFiles=[], height=np.float64(0.1), italic=False, languageStyle='LTR', name='distr', opacity=1.0, ori=118, pos=array([-0.16163784, -0.17923509]), rgb=UNKNOWN, text='L', units='height', win=Window(...), wrapWidth=1)
96.9400 	EXP 	Created distr = TextStim(__class__=<class 'psychopy.visual.text.TextStim'>, alignHoriz=method-wrapper(...), alignText='center', alignVert=method-wrapper(...), anchorHoriz='center', anchorVert='center', antialias=True, autoDraw=False, autoLog=True, bold=False, color=array([1., 1., 1.]), colorSpace='rgb', contrast=1.0, depth=0, draggable=False, flipHoriz=False, flipVert=False, font='Open Sans', fontFiles=[], height=np.float64(0.1), italic=False, languageStyle='LTR', name='distr', opacity=1.0, ori=341, pos=array([ 0.35297354, -0.00957713]), rgb=UNKNOWN, text='L', units='height', win=Window(...), wrapWidth=1)
96.9414 	EXP 	Created distr = TextStim(__class__=<class 'psychopy.visual.text.TextStim'>, alignHoriz=method-wrapper(...), alignText='center', alignVert=method-wrapper(...), anchorHoriz='center', anchorVert='center', antialias=True, autoDraw=False, autoLog=True, bold=False, color=array([1., 1., 1.]), colorSpace='rgb', contrast=1.0, depth=0, draggable=False, flipHoriz=False, flipVert=False, font='Open Sans', fontFiles=[], height=np.float64(0.1), italic=False, languageStyle='LTR', name='distr', opacity=1.0, ori=184, pos=array([-0.23700971,  0.27065714]), rgb=UNKNOWN, text='L', units='height', win=Window(...), wrapWidth=1)
96.9483 	EXP 	fixation: autoDraw = False
96.9483 	EXP 	target: autoDraw = False
96.9483 	EXP 	distr: autoDraw = False
96.9483 	EXP 	distr: autoDraw = False
96.9483 	EXP 	distr: autoDraw = False
96.9483 	EXP 	distr: autoDraw = False
96.9483 	EXP 	distr: autoDraw = False
96.9483 	EXP 	distr: autoDraw = True
96.9483 	EXP 	distr: autoDraw = True
96.9483 	EXP 	distr: autoDraw = True
96.9483 	EXP 	distr: autoDraw = True
96.9483 	EXP 	distr: autoDraw = True
96.9483 	EXP 	fixation: autoDraw = True
96.9483 	EXP 	target: autoDraw = True
97.1502 	DATA 	Mouse:  Left button up, pos=(639,24)
97.9483 	EXP 	fixation: autoDraw = False
98.1987 	DATA 	Mouse: Left button down, pos=(799,327)
98.1996 	EXP 	New trial (rep=72, index=0): <Trial 72 (0 in rep 72) data={'thisN': 72, 'thisTrialN': 0, 'thisRepN': 72}>
98.2023 	EXP 	Created distr = TextStim(__class__=<class 'psychopy.visual.text.TextStim'>, alignHoriz=method-wrapper(...), alignText='center', alignVert=method-wrapper(...), anchorHoriz='center', anchorVert='center', antialias=True, autoDraw=False, autoLog=True, bold=False, color=array([1., 1., 1.]), colorSpace='rgb', contrast=1.0, depth=0, draggable=False, flipHoriz=False, flipVert=False, font='Open Sans', fontFiles=[], height=np.float64(0.1), italic=False, languageStyle='LTR', name='distr', opacity=1.0, ori=237, pos=array([0.26484899, 0.41520534]), rgb=UNKNOWN, text='L', units='height', win=Window(...), wrapWidth=1)
98.2040 	EXP 	Created distr = TextStim(__class__=<class 'psychopy.visual.text.TextStim'>, alignHoriz=method-wrapper(...), alignText='center', alignVert=method-wrapper(...), anchorHoriz='center', anchorVert='center', antialias=True, autoDraw=False, autoLog=True, bold=False, color=array([1., 1., 1.]), colorSpace='rgb', contrast=1.0, depth=0, draggable=False, flipHoriz=False, flipVert=False, font='Open Sans', fontFiles=[], height=np.float64(0.1), italic=False, languageStyle='LTR', name='distr', opacity=1.0, ori=89, pos=array([-0.32460467,  0.09023104]), rgb=UNKNOWN, text='L', units='height', win=Window(...), wrapWidth=1)
98.2054 	EXP 	Created distr = TextStim(__class__=<class 'psychopy.visual.text.TextStim'>, alignHoriz=method-wrapper(...), alignText='center', alignVert=method-wrapper(...), anchorHoriz='center', anchorVert='center', antialias=True, autoDraw=False, autoLog=True, bold=False, color=array([1., 1., 1.]), colorSpace='rgb', contrast=1.0, depth=0, draggable=False, flipHoriz=False, flipVert=False, font='Open Sans', fontFiles=[], height=np.float64(0.1), italic=False, languageStyle='LTR', name='distr', opacity=1.0, ori=19, pos=array([-0.29453069,  0.00925238]), rgb=UNKNOWN, text='L', units='height', win=Window(...), wrapWidth=1)
98.2068 	EXP 	Created distr = TextStim(__class__=<class 'psychopy.visual.text.TextStim'>, alignHoriz=method-wrapper(...), alignText='center', alignVert=method-wrapper(...), anchorHoriz='center', anchorVert='center', antialias=True, autoDraw=False, autoLog=True, bold=False, color=array([1., 1., 1.]), colorSpace='rgb', contrast=1.0, depth=0, draggable=False, flipHoriz=False, flipVert=False, font='Open Sans', fontFiles=[], height=np.float64(0.1), italic=False, languageStyle='LTR', name='distr', opacity=1.0, ori=92, pos=array([-0.06434611, -0.39161147]), rgb=UNKNOWN, text='L', units='height', win=Window(...), wrapWidth=1)
98.2081 	EXP 	Created distr = TextStim(__class__=<class 'psychopy.visual.text.TextStim'>, alignHoriz=method-wrapper(...), alignText='center', alignVert=method-wrapper(...), anchorHoriz='center', anchorVert='center', antialias=True, autoDraw=False, autoLog=True, bold=False, color=array([1., 1., 1.]), colorSpace='rgb', contrast=1.0, depth=0, draggable=False, flipHoriz=False, flipVert=False, font='Open Sans', fontFiles=[], height=np.float64(0.1), italic=False, languageStyle='LTR', name='distr', opacity=1.0, ori=230, pos=array([0.11699372, 0.17916104]), rgb=UNKNOWN, text='L', units='height', win=Window(...), wrapWidth=1)
98.2301 	EXP 	fixation: autoDraw = False
98.2301 	EXP 	target: autoDraw = False
98.2301 	EXP 	distr: autoDraw = False
98.2301 	EXP 	distr: autoDraw = False
98.2301 	EXP 	distr: autoDraw = False
98.2301 	EXP 	distr: autoDraw = False
98.2301 	EXP 	distr: autoDraw = False
98.2301 	EXP 	distr: autoDraw = True
98.2301 	EXP 	distr: autoDraw = True
98.2301 	EXP 	distr: autoDraw = True
98.2301 	EXP 	distr: autoDraw = True
98.2301 	EXP 	distr: autoDraw = True
98.2301 	EXP 	fixation: autoDraw = True
98.2301 	EXP 	target: autoDraw = True
98.4152 	DATA 	Mouse:  Left button up, pos=(799,327)
99.2304 	EXP 	fixation: autoDraw = False
99.4328 	DATA 	Mouse: Left button down, pos=(297,573)
99.4474 	EXP 	New trial (rep=73, index=0): <Trial 73 (0 in rep 73) data={'thisN': 73, 'thisTrialN': 0, 'thisRepN': 73}>
99.4498 	EXP 	Created distr = TextStim(__class__=<class 'psychopy.visual.text.TextStim'>, alignHoriz=method-wrapper(...), alignText='center', alignVert=method-wrapper(...), anchorHoriz='center', anchorVert='center', antialias=True, autoDraw=False, autoLog=True, bold=False, color=array([1., 1., 1.]), colorSpace='rgb', contrast=1.0, depth=0, draggable=False, flipHoriz=False, flipVert=False, font='Open Sans', fontFiles=[], height=np.float64(0.1), italic=False, languageStyle='LTR', name='distr', opacity=1.0, ori=122, pos=array([-0.15695451,  0.06522466]), rgb=UNKNOWN, text='L', units='height', win=Window(...), wrapWidth=1)
99.4514 	EXP 	Created distr = TextStim(__class__=<class 'psychopy.visual.text.TextStim'>, alignHoriz=method-wrapper(...), alignText='center', alignVert=method-wrapper(...), anchorHoriz='center', anchorVert='center', antialias=True, autoDraw=False, autoLog=True, bold=False, color=array([1., 1., 1.]), colorSpace='rgb', contrast=1.0, depth=0, draggable=False, flipHoriz=False, flipVert=False, font='Open Sans', fontFiles=[], height=np.float64(0.1), italic=False, languageStyle='LTR', name='distr', opacity=1.0, ori=162, pos=array([-0.33376901, -0.49007536]), rgb=UNKNOWN, text='L', units='height', win=Window(...), wrapWidth=1)
99.4527 	EXP 	Created distr = TextStim(__class__=<class 'psychopy.visual.text.TextStim'>, alignHoriz=method-wrapper(...), alignText='center', alignVert=method-wrapper(...), anchorHoriz='center', anchorVert='center', antialias=True, autoDraw=False, autoLog=True, bold=False, color=array([1., 1., 1.]), colorSpace='rgb', contrast=1.0, depth=0, draggable=False, flipHoriz=False, flipVert=False, font='Open Sans', fontFiles=[], height=np.float64(0.1), italic=False, languageStyle='LTR', name='distr', opacity=1.0, ori=255, pos=array([-0.22784156, -0.17374442]), rgb=UNKNOWN, text='L', units='height', win=Window(...), wrapWidth=1)
99.4540 	EXP 	Created distr = TextStim(__class__=<class 'psychopy.visual.text.TextStim'>, alignHoriz=method-wrapper(...), alignText='center', alignVert=method-wrapper(...), anchorHoriz='center', anchorVert='center', antialias=True, autoDraw=False, autoLog=True, bold=False, color=array([1., 1., 1.]), colorSpace='rgb', contrast=1.0, depth=0, draggable=False, flipHoriz=False, flipVert=False, font='Open Sans', fontFiles=[], height=np.float64(0.1), italic=False, languageStyle='LTR', name='distr', opacity=1.0, ori=234, pos=array([-0.38394654, -0.15893413]), rgb=UNKNOWN, text='L', units='height', win=Window(...), wrapWidth=1)
99.4555 	EXP 	Created distr = TextStim(__class__=<class 'psychopy.visual.text.TextStim'>, alignHoriz=method-wrapper(...), alignText='center', alignVert=method-wrapper(...), anchorHoriz='center', anchorVert='center', antialias=True, autoDraw=False, autoLog=True, bold=False, color=array([1., 1., 1.]), colorSpace='rgb', contrast=1.0, depth=0, draggable=False, flipHoriz=False, flipVert=False, font='Open Sans', fontFiles=[], height=np.float64(0.1), italic=False, languageStyle='LTR', name='distr', opacity=1.0, ori=176, pos=array([-0.06672013, -0.41641394]), rgb=UNKNOWN, text='L', units='height', win=Window(...), wrapWidth=1)
99.4627 	EXP 	fixation: autoDraw = False
99.4627 	EXP 	target: autoDraw = False
99.4627 	EXP 	distr: autoDraw = False
99.4627 	EXP 	distr: autoDraw = False
99.4627 	EXP 	distr: autoDraw = False
99.4627 	EXP 	distr: autoDraw = False
99.4627 	EXP 	distr: autoDraw = False
99.4627 	EXP 	distr: autoDraw = True
99.4627 	EXP 	distr: autoDraw = True
99.4627 	EXP 	distr: autoDraw = True
99.4627 	EXP 	distr: autoDraw = True
99.4627 	EXP 	distr: autoDraw = True
99.4627 	EXP 	fixation: autoDraw = True
99.4627 	EXP 	target: autoDraw = True
99.6648 	DATA 	Mouse:  Left button up, pos=(297,573)
100.4624 	EXP 	fixation: autoDraw = False
100.6625 	DATA 	Mouse: Left button down, pos=(761,268)
100.6632 	EXP 	New trial (rep=74, index=0): <Trial 74 (0 in rep 74) data={'thisN': 74, 'thisTrialN': 0, 'thisRepN': 74}>
100.6652 	EXP 	Created distr = TextStim(__class__=<class 'psychopy.visual.text.TextStim'>, alignHoriz=method-wrapper(...), alignText='center', alignVert=method-wrapper(...), anchorHoriz='center', anchorVert='center', antialias=True, autoDraw=False, autoLog=True, bold=False, color=array([1., 1., 1.]), colorSpace='rgb', contrast=1.0, depth=0, draggable=False, flipHoriz=False, flipVert=False, font='Open Sans', fontFiles=[], height=np.float64(0.1), italic=False, languageStyle='LTR', name='distr', opacity=1.0, ori=226, pos=array([-0.29092852,  0.41433432]), rgb=UNKNOWN, text='L', units='height', win=Window(...), wrapWidth=1)
100.6665 	EXP 	Created distr = TextStim(__class__=<class 'psychopy.visual.text.TextStim'>, alignHoriz=method-wrapper(...), alignText='center', alignVert=method-wrapper(...), anchorHoriz='center', anchorVert='center', antialias=True, autoDraw=False, autoLog=True, bold=False, color=array([1., 1., 1.]), colorSpace='rgb', contrast=1.0, depth=0, draggable=False, flipHoriz=False, flipVert=False, font='Open Sans', fontFiles=[], height=np.float64(0.1), italic=False, languageStyle='LTR', name='distr', opacity=1.0, ori=356, pos=array([-0.24885947,  0.25019018]), rgb=UNKNOWN, text='L', units='height', win=Window(...), wrapWidth=1)
100.6680 	EXP 	Created distr = TextStim(__class__=<class 'psychopy.visual.text.TextStim'>, alignHoriz=method-wrapper(...), alignText='center', alignVert=method-wrapper(...), anchorHoriz='center', anchorVert='center', antialias=True, autoDraw=False, autoLog=True, bold=False, color=array([1., 1., 1.]), colorSpace='rgb', contrast=1.0, depth=0, draggable=False, flipHoriz=False, flipVert=False, font='Open Sans', fontFiles=[], height=np.float64(0.1), italic=False, languageStyle='LTR', name='distr', opacity=1.0, ori=11, pos=array([-0.37646614, -0.17179302]), rgb=UNKNOWN, text='L', units='height', win=Window(...), wrapWidth=1)
100.6694 	EXP 	Created distr = TextStim(__class__=<class 'psychopy.visual.text.TextStim'>, alignHoriz=method-wrapper(...), alignText='center', alignVert=method-wrapper(...), anchorHoriz='center', anchorVert='center', antialias=True, autoDraw=False, autoLog=True, bold=False, color=array([1., 1., 1.]), colorSpace='rgb', contrast=1.0, depth=0, draggable=False, flipHoriz=False, flipVert=False, font='Open Sans', fontFiles=[], height=np.float64(0.1), italic=False, languageStyle='LTR', name='distr', opacity=1.0, ori=17, pos=array([-0.15335067,  0.35933247]), rgb=UNKNOWN, text='L', units='height', win=Window(...), wrapWidth=1)
100.6707 	EXP 	Created distr = TextStim(__class__=<class 'psychopy.visual.text.TextStim'>, alignHoriz=method-wrapper(...), alignText='center', alignVert=method-wrapper(...), anchorHoriz='center', anchorVert='center', antialias=True, autoDraw=False, autoLog=True, bold=False, color=array([1., 1., 1.]), colorSpace='rgb', contrast=1.0, depth=0, draggable=False, flipHoriz=False, flipVert=False, font='Open Sans', fontFiles=[], height=np.float64(0.1), italic=False, languageStyle='LTR', name='distr', opacity=1.0, ori=129, pos=array([-0.39674748, -0.28719387]), rgb=UNKNOWN, text='L', units='height', win=Window(...), wrapWidth=1)
100.6722 	EXP 	Created distr = TextStim(__class__=<class 'psychopy.visual.text.TextStim'>, alignHoriz=method-wrapper(...), alignText='center', alignVert=method-wrapper(...), anchorHoriz='center', anchorVert='center', antialias=True, autoDraw=False, autoLog=True, bold=False, color=array([1., 1., 1.]), colorSpace='rgb', contrast=1.0, depth=0, draggable=False, flipHoriz=False, flipVert=False, font='Open Sans', fontFiles=[], height=np.float64(0.1), italic=False, languageStyle='LTR', name='distr', opacity=1.0, ori=293, pos=array([-0.49789494, -0.07518365]), rgb=UNKNOWN, text='L', units='height', win=Window(...), wrapWidth=1)
100.6735 	EXP 	Created distr = TextStim(__class__=<class 'psychopy.visual.text.TextStim'>, alignHoriz=method-wrapper(...), alignText='center', alignVert=method-wrapper(...), anchorHoriz='center', anchorVert='center', antialias=True, autoDraw=False, autoLog=True, bold=False, color=array([1., 1., 1.]), colorSpace='rgb', contrast=1.0, depth=0, draggable=False, flipHoriz=False, flipVert=False, font='Open Sans', fontFiles=[], height=np.float64(0.1), italic=False, languageStyle='LTR', name='distr', opacity=1.0, ori=83, pos=array([-0.42531922, -0.33316451]), rgb=UNKNOWN, text='L', units='height', win=Window(...), wrapWidth=1)
100.6748 	EXP 	Created distr = TextStim(__class__=<class 'psychopy.visual.text.TextStim'>, alignHoriz=method-wrapper(...), alignText='center', alignVert=method-wrapper(...), anchorHoriz='center', anchorVert='center', antialias=True, autoDraw=False, autoLog=True, bold=False, color=array([1., 1., 1.]), colorSpace='rgb', contrast=1.0, depth=0, draggable=False, flipHoriz=False, flipVert=False, font='Open Sans', fontFiles=[], height=np.float64(0.1), italic=False, languageStyle='LTR', name='distr', opacity=1.0, ori=108, pos=array([-0.15061513,  0.33543065]), rgb=UNKNOWN, text='L', units='height', win=Window(...), wrapWidth=1)
100.6766 	EXP 	Created distr = TextStim(__class__=<class 'psychopy.visual.text.TextStim'>, alignHoriz=method-wrapper(...), alignText='center', alignVert=method-wrapper(...), anchorHoriz='center', anchorVert='center', antialias=True, autoDraw=False, autoLog=True, bold=False, color=array([1., 1., 1.]), colorSpace='rgb', contrast=1.0, depth=0, draggable=False, flipHoriz=False, flipVert=False, font='Open Sans', fontFiles=[], height=np.float64(0.1), italic=False, languageStyle='LTR', name='distr', opacity=1.0, ori=335, pos=array([ 0.34295505, -0.24202896]), rgb=UNKNOWN, text='L', units='height', win=Window(...), wrapWidth=1)
100.6784 	EXP 	Created distr = TextStim(__class__=<class 'psychopy.visual.text.TextStim'>, alignHoriz=method-wrapper(...), alignText='center', alignVert=method-wrapper(...), anchorHoriz='center', anchorVert='center', antialias=True, autoDraw=False, autoLog=True, bold=False, color=array([1., 1., 1.]), colorSpace='rgb', contrast=1.0, depth=0, draggable=False, flipHoriz=False, flipVert=False, font='Open Sans', fontFiles=[], height=np.float64(0.1), italic=False, languageStyle='LTR', name='distr', opacity=1.0, ori=235, pos=array([-0.02838731, -0.2349743 ]), rgb=UNKNOWN, text='L', units='height', win=Window(...), wrapWidth=1)
100.6948 	EXP 	fixation: autoDraw = False
100.6948 	EXP 	target: autoDraw = False
100.6948 	EXP 	distr: autoDraw = False
100.6948 	EXP 	distr: autoDraw = False
100.6948 	EXP 	distr: autoDraw = False
100.6948 	EXP 	distr: autoDraw = False
100.6948 	EXP 	distr: autoDraw = False
100.6948 	EXP 	distr: autoDraw = True
100.6948 	EXP 	distr: autoDraw = True
100.6948 	EXP 	distr: autoDraw = True
100.6948 	EXP 	distr: autoDraw = True
100.6948 	EXP 	distr: autoDraw = True
100.6948 	EXP 	distr: autoDraw = True
100.6948 	EXP 	distr: autoDraw = True
100.6948 	EXP 	distr: autoDraw = True
100.6948 	EXP 	distr: autoDraw = True
100.6948 	EXP 	distr: autoDraw = True
100.6948 	EXP 	fixation: autoDraw = True
100.6948 	EXP 	target: autoDraw = True
100.8962 	DATA 	Mouse:  Left button up, pos=(761,268)
101.6968 	EXP 	fixation: autoDraw = False
101.7971 	DATA 	Mouse: Left button down, pos=(425,621)
101.8132 	EXP 	New trial (rep=75, index=0): <Trial 75 (0 in rep 75) data={'thisN': 75, 'thisTrialN': 0, 'thisRepN': 75}>
101.8156 	EXP 	Created distr = TextStim(__class__=<class 'psychopy.visual.text.TextStim'>, alignHoriz=method-wrapper(...), alignText='center', alignVert=method-wrapper(...), anchorHoriz='center', anchorVert='center', antialias=True, autoDraw=False, autoLog=True, bold=False, color=array([1., 1., 1.]), colorSpace='rgb', contrast=1.0, depth=0, draggable=False, flipHoriz=False, flipVert=False, font='Open Sans', fontFiles=[], height=np.float64(0.1), italic=False, languageStyle='LTR', name='distr', opacity=1.0, ori=356, pos=array([ 0.21762248, -0.1393984 ]), rgb=UNKNOWN, text='L', units='height', win=Window(...), wrapWidth=1)
101.8170 	EXP 	Created distr = TextStim(__class__=<class 'psychopy.visual.text.TextStim'>, alignHoriz=method-wrapper(...), alignText='center', alignVert=method-wrapper(...), anchorHoriz='center', anchorVert='center', antialias=True, autoDraw=False, autoLog=True, bold=False, color=array([1., 1., 1.]), colorSpace='rgb', contrast=1.0, depth=0, draggable=False, flipHoriz=False, flipVert=False, font='Open Sans', fontFiles=[], height=np.float64(0.1), italic=False, languageStyle='LTR', name='distr', opacity=1.0, ori=204, pos=array([-0.32897158,  0.2745916 ]), rgb=UNKNOWN, text='L', units='height', win=Window(...), wrapWidth=1)
101.8184 	EXP 	Created distr = TextStim(__class__=<class 'psychopy.visual.text.TextStim'>, alignHoriz=method-wrapper(...), alignText='center', alignVert=method-wrapper(...), anchorHoriz='center', anchorVert='center', antialias=True, autoDraw=False, autoLog=True, bold=False, color=array([1., 1., 1.]), colorSpace='rgb', contrast=1.0, depth=0, draggable=False, flipHoriz=False, flipVert=False, font='Open Sans', fontFiles=[], height=np.float64(0.1), italic=False, languageStyle='LTR', name='distr', opacity=1.0, ori=14, pos=array([-0.2764127 , -0.09354014]), rgb=UNKNOWN, text='L', units='height', win=Window(...), wrapWidth=1)
101.8198 	EXP 	Created distr = TextStim(__class__=<class 'psychopy.visual.text.TextStim'>, alignHoriz=method-wrapper(...), alignText='center', alignVert=method-wrapper(...), anchorHoriz='center', anchorVert='center', antialias=True, autoDraw=False, autoLog=True, bold=False, color=array([1., 1., 1.]), colorSpace='rgb', contrast=1.0, depth=0, draggable=False, flipHoriz=False, flipVert=False, font='Open Sans', fontFiles=[], height=np.float64(0.1), italic=False, languageStyle='LTR', name='distr', opacity=1.0, ori=4, pos=array([ 0.44078925, -0.24598865]), rgb=UNKNOWN, text='L', units='height', win=Window(...), wrapWidth=1)
101.8211 	EXP 	Created distr = TextStim(__class__=<class 'psychopy.visual.text.TextStim'>, alignHoriz=method-wrapper(...), alignText='center', alignVert=method-wrapper(...), anchorHoriz='center', anchorVert='center', antialias=True, autoDraw=False, autoLog=True, bold=False, color=array([1., 1., 1.]), colorSpace='rgb', contrast=1.0, depth=0, draggable=False, flipHoriz=False, flipVert=False, font='Open Sans', fontFiles=[], height=np.float64(0.1), italic=False, languageStyle='LTR', name='distr', opacity=1.0, ori=322, pos=array([ 0.34154005, -0.31875265]), rgb=UNKNOWN, text='L', units='height', win=Window(...), wrapWidth=1)
101.8435 	EXP 	fixation: autoDraw = False
101.8435 	EXP 	target: autoDraw = False
101.8435 	EXP 	distr: autoDraw = False
101.8435 	EXP 	distr: autoDraw = False
101.8435 	EXP 	distr: autoDraw = False
101.8435 	EXP 	distr: autoDraw = False
101.8435 	EXP 	distr: autoDraw = False
101.8435 	EXP 	distr: autoDraw = False
101.8435 	EXP 	distr: autoDraw = False
101.8435 	EXP 	distr: autoDraw = False
101.8435 	EXP 	distr: autoDraw = False
101.8435 	EXP 	distr: autoDraw = False
101.8435 	EXP 	distr: autoDraw = True
101.8435 	EXP 	distr: autoDraw = True
101.8435 	EXP 	distr: autoDraw = True
101.8435 	EXP 	distr: autoDraw = True
101.8435 	EXP 	distr: autoDraw = True
101.8435 	EXP 	fixation: autoDraw = True
101.8435 	EXP 	target: autoDraw = True
102.0140 	DATA 	Mouse:  Left button up, pos=(425,621)
102.8442 	EXP 	fixation: autoDraw = False
103.1444 	DATA 	Mouse: Left button down, pos=(887,151)
103.1454 	EXP 	New trial (rep=76, index=0): <Trial 76 (0 in rep 76) data={'thisN': 76, 'thisTrialN': 0, 'thisRepN': 76}>
103.1478 	EXP 	Created distr = TextStim(__class__=<class 'psychopy.visual.text.TextStim'>, alignHoriz=method-wrapper(...), alignText='center', alignVert=method-wrapper(...), anchorHoriz='center', anchorVert='center', antialias=True, autoDraw=False, autoLog=True, bold=False, color=array([1., 1., 1.]), colorSpace='rgb', contrast=1.0, depth=0, draggable=False, flipHoriz=False, flipVert=False, font='Open Sans', fontFiles=[], height=np.float64(0.1), italic=False, languageStyle='LTR', name='distr', opacity=1.0, ori=290, pos=array([-0.23203871,  0.09244828]), rgb=UNKNOWN, text='L', units='height', win=Window(...), wrapWidth=1)
103.1493 	EXP 	Created distr = TextStim(__class__=<class 'psychopy.visual.text.TextStim'>, alignHoriz=method-wrapper(...), alignText='center', alignVert=method-wrapper(...), anchorHoriz='center', anchorVert='center', antialias=True, autoDraw=False, autoLog=True, bold=False, color=array([1., 1., 1.]), colorSpace='rgb', contrast=1.0, depth=0, draggable=False, flipHoriz=False, flipVert=False, font='Open Sans', fontFiles=[], height=np.float64(0.1), italic=False, languageStyle='LTR', name='distr', opacity=1.0, ori=336, pos=array([-0.17337575,  0.06589597]), rgb=UNKNOWN, text='L', units='height', win=Window(...), wrapWidth=1)
103.1507 	EXP 	Created distr = TextStim(__class__=<class 'psychopy.visual.text.TextStim'>, alignHoriz=method-wrapper(...), alignText='center', alignVert=method-wrapper(...), anchorHoriz='center', anchorVert='center', antialias=True, autoDraw=False, autoLog=True, bold=False, color=array([1., 1., 1.]), colorSpace='rgb', contrast=1.0, depth=0, draggable=False, flipHoriz=False, flipVert=False, font='Open Sans', fontFiles=[], height=np.float64(0.1), italic=False, languageStyle='LTR', name='distr', opacity=1.0, ori=150, pos=array([0.46007781, 0.27872618]), rgb=UNKNOWN, text='L', units='height', win=Window(...), wrapWidth=1)
103.1520 	EXP 	Created distr = TextStim(__class__=<class 'psychopy.visual.text.TextStim'>, alignHoriz=method-wrapper(...), alignText='center', alignVert=method-wrapper(...), anchorHoriz='center', anchorVert='center', antialias=True, autoDraw=False, autoLog=True, bold=False, color=array([1., 1., 1.]), colorSpace='rgb', contrast=1.0, depth=0, draggable=False, flipHoriz=False, flipVert=False, font='Open Sans', fontFiles=[], height=np.float64(0.1), italic=False, languageStyle='LTR', name='distr', opacity=1.0, ori=159, pos=array([-0.49262994, -0.14750082]), rgb=UNKNOWN, text='L', units='height', win=Window(...), wrapWidth=1)
103.1534 	EXP 	Created distr = TextStim(__class__=<class 'psychopy.visual.text.TextStim'>, alignHoriz=method-wrapper(...), alignText='center', alignVert=method-wrapper(...), anchorHoriz='center', anchorVert='center', antialias=True, autoDraw=False, autoLog=True, bold=False, color=array([1., 1., 1.]), colorSpace='rgb', contrast=1.0, depth=0, draggable=False, flipHoriz=False, flipVert=False, font='Open Sans', fontFiles=[], height=np.float64(0.1), italic=False, languageStyle='LTR', name='distr', opacity=1.0, ori=93, pos=array([-0.35441373,  0.48386147]), rgb=UNKNOWN, text='L', units='height', win=Window(...), wrapWidth=1)
103.1549 	EXP 	Created distr = TextStim(__class__=<class 'psychopy.visual.text.TextStim'>, alignHoriz=method-wrapper(...), alignText='center', alignVert=method-wrapper(...), anchorHoriz='center', anchorVert='center', antialias=True, autoDraw=False, autoLog=True, bold=False, color=array([1., 1., 1.]), colorSpace='rgb', contrast=1.0, depth=0, draggable=False, flipHoriz=False, flipVert=False, font='Open Sans', fontFiles=[], height=np.float64(0.1), italic=False, languageStyle='LTR', name='distr', opacity=1.0, ori=242, pos=array([-0.40894624,  0.27630041]), rgb=UNKNOWN, text='L', units='height', win=Window(...), wrapWidth=1)
103.1563 	EXP 	Created distr = TextStim(__class__=<class 'psychopy.visual.text.TextStim'>, alignHoriz=method-wrapper(...), alignText='center', alignVert=method-wrapper(...), anchorHoriz='center', anchorVert='center', antialias=True, autoDraw=False, autoLog=True, bold=False, color=array([1., 1., 1.]), colorSpace='rgb', contrast=1.0, depth=0, draggable=False, flipHoriz=False, flipVert=False, font='Open Sans', fontFiles=[], height=np.float64(0.1), italic=False, languageStyle='LTR', name='distr', opacity=1.0, ori=20, pos=array([ 0.44804029, -0.11903827]), rgb=UNKNOWN, text='L', units='height', win=Window(...), wrapWidth=1)
103.1580 	EXP 	Created distr = TextStim(__class__=<class 'psychopy.visual.text.TextStim'>, alignHoriz=method-wrapper(...), alignText='center', alignVert=method-wrapper(...), anchorHoriz='center', anchorVert='center', antialias=True, autoDraw=False, autoLog=True, bold=False, color=array([1., 1., 1.]), colorSpace='rgb', contrast=1.0, depth=0, draggable=False, flipHoriz=False, flipVert=False, font='Open Sans', fontFiles=[], height=np.float64(0.1), italic=False, languageStyle='LTR', name='distr', opacity=1.0, ori=343, pos=array([ 0.04143182, -0.31607346]), rgb=UNKNOWN, text='L', units='height', win=Window(...), wrapWidth=1)
103.1601 	EXP 	Created distr = TextStim(__class__=<class 'psychopy.visual.text.TextStim'>, alignHoriz=method-wrapper(...), alignText='center', alignVert=method-wrapper(...), anchorHoriz='center', anchorVert='center', antialias=True, autoDraw=False, autoLog=True, bold=False, color=array([1., 1., 1.]), colorSpace='rgb', contrast=1.0, depth=0, draggable=False, flipHoriz=False, flipVert=False, font='Open Sans', fontFiles=[], height=np.float64(0.1), italic=False, languageStyle='LTR', name='distr', opacity=1.0, ori=5, pos=array([0.47144775, 0.10048442]), rgb=UNKNOWN, text='L', units='height', win=Window(...), wrapWidth=1)
103.1615 	EXP 	Created distr = TextStim(__class__=<class 'psychopy.visual.text.TextStim'>, alignHoriz=method-wrapper(...), alignText='center', alignVert=method-wrapper(...), anchorHoriz='center', anchorVert='center', antialias=True, autoDraw=False, autoLog=True, bold=False, color=array([1., 1., 1.]), colorSpace='rgb', contrast=1.0, depth=0, draggable=False, flipHoriz=False, flipVert=False, font='Open Sans', fontFiles=[], height=np.float64(0.1), italic=False, languageStyle='LTR', name='distr', opacity=1.0, ori=246, pos=array([-0.00366455,  0.19537487]), rgb=UNKNOWN, text='L', units='height', win=Window(...), wrapWidth=1)
103.1761 	EXP 	fixation: autoDraw = False
103.1761 	EXP 	target: autoDraw = False
103.1761 	EXP 	distr: autoDraw = False
103.1761 	EXP 	distr: autoDraw = False
103.1761 	EXP 	distr: autoDraw = False
103.1761 	EXP 	distr: autoDraw = False
103.1761 	EXP 	distr: autoDraw = False
103.1761 	EXP 	distr: autoDraw = True
103.1761 	EXP 	distr: autoDraw = True
103.1761 	EXP 	distr: autoDraw = True
103.1761 	EXP 	distr: autoDraw = True
103.1761 	EXP 	distr: autoDraw = True
103.1761 	EXP 	distr: autoDraw = True
103.1761 	EXP 	distr: autoDraw = True
103.1761 	EXP 	distr: autoDraw = True
103.1761 	EXP 	distr: autoDraw = True
103.1761 	EXP 	distr: autoDraw = True
103.1761 	EXP 	fixation: autoDraw = True
103.1761 	EXP 	target: autoDraw = True
103.3774 	DATA 	Mouse:  Left button up, pos=(887,151)
104.1759 	EXP 	fixation: autoDraw = False
104.6928 	DATA 	Mouse: Left button down, pos=(656,547)
104.6935 	EXP 	New trial (rep=77, index=0): <Trial 77 (0 in rep 77) data={'thisN': 77, 'thisTrialN': 0, 'thisRepN': 77}>
104.6957 	EXP 	Created distr = TextStim(__class__=<class 'psychopy.visual.text.TextStim'>, alignHoriz=method-wrapper(...), alignText='center', alignVert=method-wrapper(...), anchorHoriz='center', anchorVert='center', antialias=True, autoDraw=False, autoLog=True, bold=False, color=array([1., 1., 1.]), colorSpace='rgb', contrast=1.0, depth=0, draggable=False, flipHoriz=False, flipVert=False, font='Open Sans', fontFiles=[], height=np.float64(0.1), italic=False, languageStyle='LTR', name='distr', opacity=1.0, ori=337, pos=array([-0.34585308, -0.19872657]), rgb=UNKNOWN, text='L', units='height', win=Window(...), wrapWidth=1)
104.6971 	EXP 	Created distr = TextStim(__class__=<class 'psychopy.visual.text.TextStim'>, alignHoriz=method-wrapper(...), alignText='center', alignVert=method-wrapper(...), anchorHoriz='center', anchorVert='center', antialias=True, autoDraw=False, autoLog=True, bold=False, color=array([1., 1., 1.]), colorSpace='rgb', contrast=1.0, depth=0, draggable=False, flipHoriz=False, flipVert=False, font='Open Sans', fontFiles=[], height=np.float64(0.1), italic=False, languageStyle='LTR', name='distr', opacity=1.0, ori=72, pos=array([0.0637638 , 0.16648982]), rgb=UNKNOWN, text='L', units='height', win=Window(...), wrapWidth=1)
104.6988 	EXP 	Created distr = TextStim(__class__=<class 'psychopy.visual.text.TextStim'>, alignHoriz=method-wrapper(...), alignText='center', alignVert=method-wrapper(...), anchorHoriz='center', anchorVert='center', antialias=True, autoDraw=False, autoLog=True, bold=False, color=array([1., 1., 1.]), colorSpace='rgb', contrast=1.0, depth=0, draggable=False, flipHoriz=False, flipVert=False, font='Open Sans', fontFiles=[], height=np.float64(0.1), italic=False, languageStyle='LTR', name='distr', opacity=1.0, ori=349, pos=array([ 0.30054573, -0.36928536]), rgb=UNKNOWN, text='L', units='height', win=Window(...), wrapWidth=1)
104.7001 	EXP 	Created distr = TextStim(__class__=<class 'psychopy.visual.text.TextStim'>, alignHoriz=method-wrapper(...), alignText='center', alignVert=method-wrapper(...), anchorHoriz='center', anchorVert='center', antialias=True, autoDraw=False, autoLog=True, bold=False, color=array([1., 1., 1.]), colorSpace='rgb', contrast=1.0, depth=0, draggable=False, flipHoriz=False, flipVert=False, font='Open Sans', fontFiles=[], height=np.float64(0.1), italic=False, languageStyle='LTR', name='distr', opacity=1.0, ori=123, pos=array([-0.26947674, -0.18420943]), rgb=UNKNOWN, text='L', units='height', win=Window(...), wrapWidth=1)
104.7014 	EXP 	Created distr = TextStim(__class__=<class 'psychopy.visual.text.TextStim'>, alignHoriz=method-wrapper(...), alignText='center', alignVert=method-wrapper(...), anchorHoriz='center', anchorVert='center', antialias=True, autoDraw=False, autoLog=True, bold=False, color=array([1., 1., 1.]), colorSpace='rgb', contrast=1.0, depth=0, draggable=False, flipHoriz=False, flipVert=False, font='Open Sans', fontFiles=[], height=np.float64(0.1), italic=False, languageStyle='LTR', name='distr', opacity=1.0, ori=18, pos=array([-0.10107684,  0.19985241]), rgb=UNKNOWN, text='L', units='height', win=Window(...), wrapWidth=1)
104.7083 	EXP 	fixation: autoDraw = False
104.7083 	EXP 	target: autoDraw = False
104.7083 	EXP 	distr: autoDraw = False
104.7083 	EXP 	distr: autoDraw = False
104.7083 	EXP 	distr: autoDraw = False
104.7083 	EXP 	distr: autoDraw = False
104.7083 	EXP 	distr: autoDraw = False
104.7083 	EXP 	distr: autoDraw = False
104.7083 	EXP 	distr: autoDraw = False
104.7083 	EXP 	distr: autoDraw = False
104.7083 	EXP 	distr: autoDraw = False
104.7083 	EXP 	distr: autoDraw = False
104.7083 	EXP 	distr: autoDraw = True
104.7083 	EXP 	distr: autoDraw = True
104.7083 	EXP 	distr: autoDraw = True
104.7083 	EXP 	distr: autoDraw = True
104.7083 	EXP 	distr: autoDraw = True
104.7083 	EXP 	fixation: autoDraw = True
104.7083 	EXP 	target: autoDraw = True
104.9098 	DATA 	Mouse:  Left button up, pos=(656,547)
105.7081 	EXP 	fixation: autoDraw = False
105.7756 	DATA 	Mouse: Left button down, pos=(297,554)
105.9922 	DATA 	Mouse:  Left button up, pos=(297,554)
106.4414 	DATA 	Mouse: Left button down, pos=(290,519)
106.4421 	EXP 	New trial (rep=78, index=0): <Trial 78 (0 in rep 78) data={'thisN': 78, 'thisTrialN': 0, 'thisRepN': 78}>
106.4445 	EXP 	Created distr = TextStim(__class__=<class 'psychopy.visual.text.TextStim'>, alignHoriz=method-wrapper(...), alignText='center', alignVert=method-wrapper(...), anchorHoriz='center', anchorVert='center', antialias=True, autoDraw=False, autoLog=True, bold=False, color=array([1., 1., 1.]), colorSpace='rgb', contrast=1.0, depth=0, draggable=False, flipHoriz=False, flipVert=False, font='Open Sans', fontFiles=[], height=np.float64(0.1), italic=False, languageStyle='LTR', name='distr', opacity=1.0, ori=158, pos=array([0.46927269, 0.33006442]), rgb=UNKNOWN, text='L', units='height', win=Window(...), wrapWidth=1)
106.4461 	EXP 	Created distr = TextStim(__class__=<class 'psychopy.visual.text.TextStim'>, alignHoriz=method-wrapper(...), alignText='center', alignVert=method-wrapper(...), anchorHoriz='center', anchorVert='center', antialias=True, autoDraw=False, autoLog=True, bold=False, color=array([1., 1., 1.]), colorSpace='rgb', contrast=1.0, depth=0, draggable=False, flipHoriz=False, flipVert=False, font='Open Sans', fontFiles=[], height=np.float64(0.1), italic=False, languageStyle='LTR', name='distr', opacity=1.0, ori=152, pos=array([ 0.47496687, -0.16175127]), rgb=UNKNOWN, text='L', units='height', win=Window(...), wrapWidth=1)
106.4476 	EXP 	Created distr = TextStim(__class__=<class 'psychopy.visual.text.TextStim'>, alignHoriz=method-wrapper(...), alignText='center', alignVert=method-wrapper(...), anchorHoriz='center', anchorVert='center', antialias=True, autoDraw=False, autoLog=True, bold=False, color=array([1., 1., 1.]), colorSpace='rgb', contrast=1.0, depth=0, draggable=False, flipHoriz=False, flipVert=False, font='Open Sans', fontFiles=[], height=np.float64(0.1), italic=False, languageStyle='LTR', name='distr', opacity=1.0, ori=107, pos=array([-0.10958627, -0.18579024]), rgb=UNKNOWN, text='L', units='height', win=Window(...), wrapWidth=1)
106.4489 	EXP 	Created distr = TextStim(__class__=<class 'psychopy.visual.text.TextStim'>, alignHoriz=method-wrapper(...), alignText='center', alignVert=method-wrapper(...), anchorHoriz='center', anchorVert='center', antialias=True, autoDraw=False, autoLog=True, bold=False, color=array([1., 1., 1.]), colorSpace='rgb', contrast=1.0, depth=0, draggable=False, flipHoriz=False, flipVert=False, font='Open Sans', fontFiles=[], height=np.float64(0.1), italic=False, languageStyle='LTR', name='distr', opacity=1.0, ori=12, pos=array([-0.09099166,  0.24027496]), rgb=UNKNOWN, text='L', units='height', win=Window(...), wrapWidth=1)
106.4502 	EXP 	Created distr = TextStim(__class__=<class 'psychopy.visual.text.TextStim'>, alignHoriz=method-wrapper(...), alignText='center', alignVert=method-wrapper(...), anchorHoriz='center', anchorVert='center', antialias=True, autoDraw=False, autoLog=True, bold=False, color=array([1., 1., 1.]), colorSpace='rgb', contrast=1.0, depth=0, draggable=False, flipHoriz=False, flipVert=False, font='Open Sans', fontFiles=[], height=np.float64(0.1), italic=False, languageStyle='LTR', name='distr', opacity=1.0, ori=212, pos=array([0.14271652, 0.34087388]), rgb=UNKNOWN, text='L', units='height', win=Window(...), wrapWidth=1)
106.4733 	EXP 	fixation: autoDraw = False
106.4733 	EXP 	target: autoDraw = False
106.4733 	EXP 	distr: autoDraw = False
106.4733 	EXP 	distr: autoDraw = False
106.4733 	EXP 	distr: autoDraw = False
106.4733 	EXP 	distr: autoDraw = False
106.4733 	EXP 	distr: autoDraw = False
106.4733 	EXP 	distr: autoDraw = True
106.4733 	EXP 	distr: autoDraw = True
106.4733 	EXP 	distr: autoDraw = True
106.4733 	EXP 	distr: autoDraw = True
106.4733 	EXP 	distr: autoDraw = True
106.4733 	EXP 	fixation: autoDraw = True
106.4733 	EXP 	target: autoDraw = True
106.6596 	DATA 	Mouse:  Left button up, pos=(290,519)
107.4729 	EXP 	fixation: autoDraw = False
108.1564 	DATA 	Mouse: Left button down, pos=(371,22)
108.1571 	EXP 	New trial (rep=79, index=0): <Trial 79 (0 in rep 79) data={'thisN': 79, 'thisTrialN': 0, 'thisRepN': 79}>
108.1594 	EXP 	Created distr = TextStim(__class__=<class 'psychopy.visual.text.TextStim'>, alignHoriz=method-wrapper(...), alignText='center', alignVert=method-wrapper(...), anchorHoriz='center', anchorVert='center', antialias=True, autoDraw=False, autoLog=True, bold=False, color=array([1., 1., 1.]), colorSpace='rgb', contrast=1.0, depth=0, draggable=False, flipHoriz=False, flipVert=False, font='Open Sans', fontFiles=[], height=np.float64(0.1), italic=False, languageStyle='LTR', name='distr', opacity=1.0, ori=153, pos=array([ 0.34714604, -0.02512526]), rgb=UNKNOWN, text='L', units='height', win=Window(...), wrapWidth=1)
108.1610 	EXP 	Created distr = TextStim(__class__=<class 'psychopy.visual.text.TextStim'>, alignHoriz=method-wrapper(...), alignText='center', alignVert=method-wrapper(...), anchorHoriz='center', anchorVert='center', antialias=True, autoDraw=False, autoLog=True, bold=False, color=array([1., 1., 1.]), colorSpace='rgb', contrast=1.0, depth=0, draggable=False, flipHoriz=False, flipVert=False, font='Open Sans', fontFiles=[], height=np.float64(0.1), italic=False, languageStyle='LTR', name='distr', opacity=1.0, ori=30, pos=array([-0.10903068,  0.124733  ]), rgb=UNKNOWN, text='L', units='height', win=Window(...), wrapWidth=1)
108.1625 	EXP 	Created distr = TextStim(__class__=<class 'psychopy.visual.text.TextStim'>, alignHoriz=method-wrapper(...), alignText='center', alignVert=method-wrapper(...), anchorHoriz='center', anchorVert='center', antialias=True, autoDraw=False, autoLog=True, bold=False, color=array([1., 1., 1.]), colorSpace='rgb', contrast=1.0, depth=0, draggable=False, flipHoriz=False, flipVert=False, font='Open Sans', fontFiles=[], height=np.float64(0.1), italic=False, languageStyle='LTR', name='distr', opacity=1.0, ori=135, pos=array([ 0.00787422, -0.23288346]), rgb=UNKNOWN, text='L', units='height', win=Window(...), wrapWidth=1)
108.1638 	EXP 	Created distr = TextStim(__class__=<class 'psychopy.visual.text.TextStim'>, alignHoriz=method-wrapper(...), alignText='center', alignVert=method-wrapper(...), anchorHoriz='center', anchorVert='center', antialias=True, autoDraw=False, autoLog=True, bold=False, color=array([1., 1., 1.]), colorSpace='rgb', contrast=1.0, depth=0, draggable=False, flipHoriz=False, flipVert=False, font='Open Sans', fontFiles=[], height=np.float64(0.1), italic=False, languageStyle='LTR', name='distr', opacity=1.0, ori=283, pos=array([-0.0929981 , -0.47898701]), rgb=UNKNOWN, text='L', units='height', win=Window(...), wrapWidth=1)
108.1651 	EXP 	Created distr = TextStim(__class__=<class 'psychopy.visual.text.TextStim'>, alignHoriz=method-wrapper(...), alignText='center', alignVert=method-wrapper(...), anchorHoriz='center', anchorVert='center', antialias=True, autoDraw=False, autoLog=True, bold=False, color=array([1., 1., 1.]), colorSpace='rgb', contrast=1.0, depth=0, draggable=False, flipHoriz=False, flipVert=False, font='Open Sans', fontFiles=[], height=np.float64(0.1), italic=False, languageStyle='LTR', name='distr', opacity=1.0, ori=341, pos=array([-0.02845788, -0.48913098]), rgb=UNKNOWN, text='L', units='height', win=Window(...), wrapWidth=1)
108.1723 	EXP 	fixation: autoDraw = False
108.1723 	EXP 	target: autoDraw = False
108.1723 	EXP 	distr: autoDraw = False
108.1723 	EXP 	distr: autoDraw = False
108.1723 	EXP 	distr: autoDraw = False
108.1723 	EXP 	distr: autoDraw = False
108.1723 	EXP 	distr: autoDraw = False
108.1723 	EXP 	distr: autoDraw = True
108.1723 	EXP 	distr: autoDraw = True
108.1723 	EXP 	distr: autoDraw = True
108.1723 	EXP 	distr: autoDraw = True
108.1723 	EXP 	distr: autoDraw = True
108.1723 	EXP 	fixation: autoDraw = True
108.1723 	EXP 	target: autoDraw = True
108.3733 	DATA 	Mouse:  Left button up, pos=(371,22)
109.1719 	EXP 	fixation: autoDraw = False
109.2895 	DATA 	Mouse: Left button down, pos=(648,222)
109.2902 	EXP 	New trial (rep=80, index=0): <Trial 80 (0 in rep 80) data={'thisN': 80, 'thisTrialN': 0, 'thisRepN': 80}>
109.2926 	EXP 	Created distr = TextStim(__class__=<class 'psychopy.visual.text.TextStim'>, alignHoriz=method-wrapper(...), alignText='center', alignVert=method-wrapper(...), anchorHoriz='center', anchorVert='center', antialias=True, autoDraw=False, autoLog=True, bold=False, color=array([1., 1., 1.]), colorSpace='rgb', contrast=1.0, depth=0, draggable=False, flipHoriz=False, flipVert=False, font='Open Sans', fontFiles=[], height=np.float64(0.1), italic=False, languageStyle='LTR', name='distr', opacity=1.0, ori=252, pos=array([ 0.01226941, -0.33233864]), rgb=UNKNOWN, text='L', units='height', win=Window(...), wrapWidth=1)
109.2943 	EXP 	Created distr = TextStim(__class__=<class 'psychopy.visual.text.TextStim'>, alignHoriz=method-wrapper(...), alignText='center', alignVert=method-wrapper(...), anchorHoriz='center', anchorVert='center', antialias=True, autoDraw=False, autoLog=True, bold=False, color=array([1., 1., 1.]), colorSpace='rgb', contrast=1.0, depth=0, draggable=False, flipHoriz=False, flipVert=False, font='Open Sans', fontFiles=[], height=np.float64(0.1), italic=False, languageStyle='LTR', name='distr', opacity=1.0, ori=259, pos=array([0.30771833, 0.15919765]), rgb=UNKNOWN, text='L', units='height', win=Window(...), wrapWidth=1)
109.2956 	EXP 	Created distr = TextStim(__class__=<class 'psychopy.visual.text.TextStim'>, alignHoriz=method-wrapper(...), alignText='center', alignVert=method-wrapper(...), anchorHoriz='center', anchorVert='center', antialias=True, autoDraw=False, autoLog=True, bold=False, color=array([1., 1., 1.]), colorSpace='rgb', contrast=1.0, depth=0, draggable=False, flipHoriz=False, flipVert=False, font='Open Sans', fontFiles=[], height=np.float64(0.1), italic=False, languageStyle='LTR', name='distr', opacity=1.0, ori=38, pos=array([-0.05982618, -0.22625662]), rgb=UNKNOWN, text='L', units='height', win=Window(...), wrapWidth=1)
109.2970 	EXP 	Created distr = TextStim(__class__=<class 'psychopy.visual.text.TextStim'>, alignHoriz=method-wrapper(...), alignText='center', alignVert=method-wrapper(...), anchorHoriz='center', anchorVert='center', antialias=True, autoDraw=False, autoLog=True, bold=False, color=array([1., 1., 1.]), colorSpace='rgb', contrast=1.0, depth=0, draggable=False, flipHoriz=False, flipVert=False, font='Open Sans', fontFiles=[], height=np.float64(0.1), italic=False, languageStyle='LTR', name='distr', opacity=1.0, ori=168, pos=array([ 0.17478925, -0.22876853]), rgb=UNKNOWN, text='L', units='height', win=Window(...), wrapWidth=1)
109.2983 	EXP 	Created distr = TextStim(__class__=<class 'psychopy.visual.text.TextStim'>, alignHoriz=method-wrapper(...), alignText='center', alignVert=method-wrapper(...), anchorHoriz='center', anchorVert='center', antialias=True, autoDraw=False, autoLog=True, bold=False, color=array([1., 1., 1.]), colorSpace='rgb', contrast=1.0, depth=0, draggable=False, flipHoriz=False, flipVert=False, font='Open Sans', fontFiles=[], height=np.float64(0.1), italic=False, languageStyle='LTR', name='distr', opacity=1.0, ori=117, pos=array([-0.32054724, -0.21808429]), rgb=UNKNOWN, text='L', units='height', win=Window(...), wrapWidth=1)
109.3210 	EXP 	fixation: autoDraw = False
109.3210 	EXP 	target: autoDraw = False
109.3210 	EXP 	distr: autoDraw = False
109.3210 	EXP 	distr: autoDraw = False
109.3210 	EXP 	distr: autoDraw = False
109.3210 	EXP 	distr: autoDraw = False
109.3210 	EXP 	distr: autoDraw = False
109.3210 	EXP 	distr: autoDraw = True
109.3210 	EXP 	distr: autoDraw = True
109.3210 	EXP 	distr: autoDraw = True
109.3210 	EXP 	distr: autoDraw = True
109.3210 	EXP 	distr: autoDraw = True
109.3210 	EXP 	fixation: autoDraw = True
109.3210 	EXP 	target: autoDraw = True
109.5060 	DATA 	Mouse:  Left button up, pos=(648,222)
110.3215 	EXP 	fixation: autoDraw = False
110.4385 	DATA 	Mouse: Left button down, pos=(979,200)
110.4393 	EXP 	New trial (rep=81, index=0): <Trial 81 (0 in rep 81) data={'thisN': 81, 'thisTrialN': 0, 'thisRepN': 81}>
110.4417 	EXP 	Created distr = TextStim(__class__=<class 'psychopy.visual.text.TextStim'>, alignHoriz=method-wrapper(...), alignText='center', alignVert=method-wrapper(...), anchorHoriz='center', anchorVert='center', antialias=True, autoDraw=False, autoLog=True, bold=False, color=array([1., 1., 1.]), colorSpace='rgb', contrast=1.0, depth=0, draggable=False, flipHoriz=False, flipVert=False, font='Open Sans', fontFiles=[], height=np.float64(0.1), italic=False, languageStyle='LTR', name='distr', opacity=1.0, ori=89, pos=array([0.46880449, 0.2747019 ]), rgb=UNKNOWN, text='L', units='height', win=Window(...), wrapWidth=1)
110.4434 	EXP 	Created distr = TextStim(__class__=<class 'psychopy.visual.text.TextStim'>, alignHoriz=method-wrapper(...), alignText='center', alignVert=method-wrapper(...), anchorHoriz='center', anchorVert='center', antialias=True, autoDraw=False, autoLog=True, bold=False, color=array([1., 1., 1.]), colorSpace='rgb', contrast=1.0, depth=0, draggable=False, flipHoriz=False, flipVert=False, font='Open Sans', fontFiles=[], height=np.float64(0.1), italic=False, languageStyle='LTR', name='distr', opacity=1.0, ori=269, pos=array([0.296827  , 0.00270586]), rgb=UNKNOWN, text='L', units='height', win=Window(...), wrapWidth=1)
110.4447 	EXP 	Created distr = TextStim(__class__=<class 'psychopy.visual.text.TextStim'>, alignHoriz=method-wrapper(...), alignText='center', alignVert=method-wrapper(...), anchorHoriz='center', anchorVert='center', antialias=True, autoDraw=False, autoLog=True, bold=False, color=array([1., 1., 1.]), colorSpace='rgb', contrast=1.0, depth=0, draggable=False, flipHoriz=False, flipVert=False, font='Open Sans', fontFiles=[], height=np.float64(0.1), italic=False, languageStyle='LTR', name='distr', opacity=1.0, ori=182, pos=array([-0.13643388,  0.04009492]), rgb=UNKNOWN, text='L', units='height', win=Window(...), wrapWidth=1)
110.4460 	EXP 	Created distr = TextStim(__class__=<class 'psychopy.visual.text.TextStim'>, alignHoriz=method-wrapper(...), alignText='center', alignVert=method-wrapper(...), anchorHoriz='center', anchorVert='center', antialias=True, autoDraw=False, autoLog=True, bold=False, color=array([1., 1., 1.]), colorSpace='rgb', contrast=1.0, depth=0, draggable=False, flipHoriz=False, flipVert=False, font='Open Sans', fontFiles=[], height=np.float64(0.1), italic=False, languageStyle='LTR', name='distr', opacity=1.0, ori=118, pos=array([0.27565933, 0.25760779]), rgb=UNKNOWN, text='L', units='height', win=Window(...), wrapWidth=1)
110.4474 	EXP 	Created distr = TextStim(__class__=<class 'psychopy.visual.text.TextStim'>, alignHoriz=method-wrapper(...), alignText='center', alignVert=method-wrapper(...), anchorHoriz='center', anchorVert='center', antialias=True, autoDraw=False, autoLog=True, bold=False, color=array([1., 1., 1.]), colorSpace='rgb', contrast=1.0, depth=0, draggable=False, flipHoriz=False, flipVert=False, font='Open Sans', fontFiles=[], height=np.float64(0.1), italic=False, languageStyle='LTR', name='distr', opacity=1.0, ori=164, pos=array([-0.41100591,  0.25924882]), rgb=UNKNOWN, text='L', units='height', win=Window(...), wrapWidth=1)
110.4488 	EXP 	Created distr = TextStim(__class__=<class 'psychopy.visual.text.TextStim'>, alignHoriz=method-wrapper(...), alignText='center', alignVert=method-wrapper(...), anchorHoriz='center', anchorVert='center', antialias=True, autoDraw=False, autoLog=True, bold=False, color=array([1., 1., 1.]), colorSpace='rgb', contrast=1.0, depth=0, draggable=False, flipHoriz=False, flipVert=False, font='Open Sans', fontFiles=[], height=np.float64(0.1), italic=False, languageStyle='LTR', name='distr', opacity=1.0, ori=186, pos=array([-0.20975427,  0.2368024 ]), rgb=UNKNOWN, text='L', units='height', win=Window(...), wrapWidth=1)
110.4501 	EXP 	Created distr = TextStim(__class__=<class 'psychopy.visual.text.TextStim'>, alignHoriz=method-wrapper(...), alignText='center', alignVert=method-wrapper(...), anchorHoriz='center', anchorVert='center', antialias=True, autoDraw=False, autoLog=True, bold=False, color=array([1., 1., 1.]), colorSpace='rgb', contrast=1.0, depth=0, draggable=False, flipHoriz=False, flipVert=False, font='Open Sans', fontFiles=[], height=np.float64(0.1), italic=False, languageStyle='LTR', name='distr', opacity=1.0, ori=124, pos=array([-0.07963743, -0.39573535]), rgb=UNKNOWN, text='L', units='height', win=Window(...), wrapWidth=1)
110.4517 	EXP 	Created distr = TextStim(__class__=<class 'psychopy.visual.text.TextStim'>, alignHoriz=method-wrapper(...), alignText='center', alignVert=method-wrapper(...), anchorHoriz='center', anchorVert='center', antialias=True, autoDraw=False, autoLog=True, bold=False, color=array([1., 1., 1.]), colorSpace='rgb', contrast=1.0, depth=0, draggable=False, flipHoriz=False, flipVert=False, font='Open Sans', fontFiles=[], height=np.float64(0.1), italic=False, languageStyle='LTR', name='distr', opacity=1.0, ori=165, pos=array([ 0.02396845, -0.32016472]), rgb=UNKNOWN, text='L', units='height', win=Window(...), wrapWidth=1)
110.4535 	EXP 	Created distr = TextStim(__class__=<class 'psychopy.visual.text.TextStim'>, alignHoriz=method-wrapper(...), alignText='center', alignVert=method-wrapper(...), anchorHoriz='center', anchorVert='center', antialias=True, autoDraw=False, autoLog=True, bold=False, color=array([1., 1., 1.]), colorSpace='rgb', contrast=1.0, depth=0, draggable=False, flipHoriz=False, flipVert=False, font='Open Sans', fontFiles=[], height=np.float64(0.1), italic=False, languageStyle='LTR', name='distr', opacity=1.0, ori=66, pos=array([-0.42421844, -0.14361934]), rgb=UNKNOWN, text='L', units='height', win=Window(...), wrapWidth=1)
110.4550 	EXP 	Created distr = TextStim(__class__=<class 'psychopy.visual.text.TextStim'>, alignHoriz=method-wrapper(...), alignText='center', alignVert=method-wrapper(...), anchorHoriz='center', anchorVert='center', antialias=True, autoDraw=False, autoLog=True, bold=False, color=array([1., 1., 1.]), colorSpace='rgb', contrast=1.0, depth=0, draggable=False, flipHoriz=False, flipVert=False, font='Open Sans', fontFiles=[], height=np.float64(0.1), italic=False, languageStyle='LTR', name='distr', opacity=1.0, ori=237, pos=array([0.30211151, 0.01053959]), rgb=UNKNOWN, text='L', units='height', win=Window(...), wrapWidth=1)
110.4699 	EXP 	fixation: autoDraw = False
110.4699 	EXP 	target: autoDraw = False
110.4699 	EXP 	distr: autoDraw = False
110.4699 	EXP 	distr: autoDraw = False
110.4699 	EXP 	distr: autoDraw = False
110.4699 	EXP 	distr: autoDraw = False
110.4699 	EXP 	distr: autoDraw = False
110.4699 	EXP 	distr: autoDraw = True
110.4699 	EXP 	distr: autoDraw = True
110.4699 	EXP 	distr: autoDraw = True
110.4699 	EXP 	distr: autoDraw = True
110.4699 	EXP 	distr: autoDraw = True
110.4699 	EXP 	distr: autoDraw = True
110.4699 	EXP 	distr: autoDraw = True
110.4699 	EXP 	distr: autoDraw = True
110.4699 	EXP 	distr: autoDraw = True
110.4699 	EXP 	distr: autoDraw = True
110.4699 	EXP 	fixation: autoDraw = True
110.4699 	EXP 	target: autoDraw = True
110.6716 	DATA 	Mouse:  Left button up, pos=(979,200)
111.4704 	EXP 	fixation: autoDraw = False
111.5375 	DATA 	Mouse: Left button down, pos=(956,325)
111.5383 	EXP 	New trial (rep=82, index=0): <Trial 82 (0 in rep 82) data={'thisN': 82, 'thisTrialN': 0, 'thisRepN': 82}>
111.5407 	EXP 	Created distr = TextStim(__class__=<class 'psychopy.visual.text.TextStim'>, alignHoriz=method-wrapper(...), alignText='center', alignVert=method-wrapper(...), anchorHoriz='center', anchorVert='center', antialias=True, autoDraw=False, autoLog=True, bold=False, color=array([1., 1., 1.]), colorSpace='rgb', contrast=1.0, depth=0, draggable=False, flipHoriz=False, flipVert=False, font='Open Sans', fontFiles=[], height=np.float64(0.1), italic=False, languageStyle='LTR', name='distr', opacity=1.0, ori=341, pos=array([ 0.16224232, -0.13889683]), rgb=UNKNOWN, text='L', units='height', win=Window(...), wrapWidth=1)
111.5422 	EXP 	Created distr = TextStim(__class__=<class 'psychopy.visual.text.TextStim'>, alignHoriz=method-wrapper(...), alignText='center', alignVert=method-wrapper(...), anchorHoriz='center', anchorVert='center', antialias=True, autoDraw=False, autoLog=True, bold=False, color=array([1., 1., 1.]), colorSpace='rgb', contrast=1.0, depth=0, draggable=False, flipHoriz=False, flipVert=False, font='Open Sans', fontFiles=[], height=np.float64(0.1), italic=False, languageStyle='LTR', name='distr', opacity=1.0, ori=49, pos=array([ 0.09931522, -0.03434716]), rgb=UNKNOWN, text='L', units='height', win=Window(...), wrapWidth=1)
111.5436 	EXP 	Created distr = TextStim(__class__=<class 'psychopy.visual.text.TextStim'>, alignHoriz=method-wrapper(...), alignText='center', alignVert=method-wrapper(...), anchorHoriz='center', anchorVert='center', antialias=True, autoDraw=False, autoLog=True, bold=False, color=array([1., 1., 1.]), colorSpace='rgb', contrast=1.0, depth=0, draggable=False, flipHoriz=False, flipVert=False, font='Open Sans', fontFiles=[], height=np.float64(0.1), italic=False, languageStyle='LTR', name='distr', opacity=1.0, ori=63, pos=array([ 0.49514363, -0.14658759]), rgb=UNKNOWN, text='L', units='height', win=Window(...), wrapWidth=1)
111.5449 	EXP 	Created distr = TextStim(__class__=<class 'psychopy.visual.text.TextStim'>, alignHoriz=method-wrapper(...), alignText='center', alignVert=method-wrapper(...), anchorHoriz='center', anchorVert='center', antialias=True, autoDraw=False, autoLog=True, bold=False, color=array([1., 1., 1.]), colorSpace='rgb', contrast=1.0, depth=0, draggable=False, flipHoriz=False, flipVert=False, font='Open Sans', fontFiles=[], height=np.float64(0.1), italic=False, languageStyle='LTR', name='distr', opacity=1.0, ori=261, pos=array([-0.22102333,  0.14883596]), rgb=UNKNOWN, text='L', units='height', win=Window(...), wrapWidth=1)
111.5462 	EXP 	Created distr = TextStim(__class__=<class 'psychopy.visual.text.TextStim'>, alignHoriz=method-wrapper(...), alignText='center', alignVert=method-wrapper(...), anchorHoriz='center', anchorVert='center', antialias=True, autoDraw=False, autoLog=True, bold=False, color=array([1., 1., 1.]), colorSpace='rgb', contrast=1.0, depth=0, draggable=False, flipHoriz=False, flipVert=False, font='Open Sans', fontFiles=[], height=np.float64(0.1), italic=False, languageStyle='LTR', name='distr', opacity=1.0, ori=72, pos=array([-0.46479959,  0.10846223]), rgb=UNKNOWN, text='L', units='height', win=Window(...), wrapWidth=1)
111.5477 	EXP 	Created distr = TextStim(__class__=<class 'psychopy.visual.text.TextStim'>, alignHoriz=method-wrapper(...), alignText='center', alignVert=method-wrapper(...), anchorHoriz='center', anchorVert='center', antialias=True, autoDraw=False, autoLog=True, bold=False, color=array([1., 1., 1.]), colorSpace='rgb', contrast=1.0, depth=0, draggable=False, flipHoriz=False, flipVert=False, font='Open Sans', fontFiles=[], height=np.float64(0.1), italic=False, languageStyle='LTR', name='distr', opacity=1.0, ori=12, pos=array([-0.16666668,  0.34948411]), rgb=UNKNOWN, text='L', units='height', win=Window(...), wrapWidth=1)
111.5491 	EXP 	Created distr = TextStim(__class__=<class 'psychopy.visual.text.TextStim'>, alignHoriz=method-wrapper(...), alignText='center', alignVert=method-wrapper(...), anchorHoriz='center', anchorVert='center', antialias=True, autoDraw=False, autoLog=True, bold=False, color=array([1., 1., 1.]), colorSpace='rgb', contrast=1.0, depth=0, draggable=False, flipHoriz=False, flipVert=False, font='Open Sans', fontFiles=[], height=np.float64(0.1), italic=False, languageStyle='LTR', name='distr', opacity=1.0, ori=102, pos=array([0.23681503, 0.32706899]), rgb=UNKNOWN, text='L', units='height', win=Window(...), wrapWidth=1)
111.5507 	EXP 	Created distr = TextStim(__class__=<class 'psychopy.visual.text.TextStim'>, alignHoriz=method-wrapper(...), alignText='center', alignVert=method-wrapper(...), anchorHoriz='center', anchorVert='center', antialias=True, autoDraw=False, autoLog=True, bold=False, color=array([1., 1., 1.]), colorSpace='rgb', contrast=1.0, depth=0, draggable=False, flipHoriz=False, flipVert=False, font='Open Sans', fontFiles=[], height=np.float64(0.1), italic=False, languageStyle='LTR', name='distr', opacity=1.0, ori=28, pos=array([-0.28909545,  0.19269163]), rgb=UNKNOWN, text='L', units='height', win=Window(...), wrapWidth=1)
111.5525 	EXP 	Created distr = TextStim(__class__=<class 'psychopy.visual.text.TextStim'>, alignHoriz=method-wrapper(...), alignText='center', alignVert=method-wrapper(...), anchorHoriz='center', anchorVert='center', antialias=True, autoDraw=False, autoLog=True, bold=False, color=array([1., 1., 1.]), colorSpace='rgb', contrast=1.0, depth=0, draggable=False, flipHoriz=False, flipVert=False, font='Open Sans', fontFiles=[], height=np.float64(0.1), italic=False, languageStyle='LTR', name='distr', opacity=1.0, ori=341, pos=array([-0.37746996,  0.47182917]), rgb=UNKNOWN, text='L', units='height', win=Window(...), wrapWidth=1)
111.5539 	EXP 	Created distr = TextStim(__class__=<class 'psychopy.visual.text.TextStim'>, alignHoriz=method-wrapper(...), alignText='center', alignVert=method-wrapper(...), anchorHoriz='center', anchorVert='center', antialias=True, autoDraw=False, autoLog=True, bold=False, color=array([1., 1., 1.]), colorSpace='rgb', contrast=1.0, depth=0, draggable=False, flipHoriz=False, flipVert=False, font='Open Sans', fontFiles=[], height=np.float64(0.1), italic=False, languageStyle='LTR', name='distr', opacity=1.0, ori=132, pos=array([-0.2073068 ,  0.20207152]), rgb=UNKNOWN, text='L', units='height', win=Window(...), wrapWidth=1)
111.5691 	EXP 	fixation: autoDraw = False
111.5691 	EXP 	target: autoDraw = False
111.5691 	EXP 	distr: autoDraw = False
111.5691 	EXP 	distr: autoDraw = False
111.5691 	EXP 	distr: autoDraw = False
111.5691 	EXP 	distr: autoDraw = False
111.5691 	EXP 	distr: autoDraw = False
111.5691 	EXP 	distr: autoDraw = False
111.5691 	EXP 	distr: autoDraw = False
111.5691 	EXP 	distr: autoDraw = False
111.5691 	EXP 	distr: autoDraw = False
111.5691 	EXP 	distr: autoDraw = False
111.5691 	EXP 	distr: autoDraw = True
111.5691 	EXP 	distr: autoDraw = True
111.5691 	EXP 	distr: autoDraw = True
111.5691 	EXP 	distr: autoDraw = True
111.5691 	EXP 	distr: autoDraw = True
111.5691 	EXP 	distr: autoDraw = True
111.5691 	EXP 	distr: autoDraw = True
111.5691 	EXP 	distr: autoDraw = True
111.5691 	EXP 	distr: autoDraw = True
111.5691 	EXP 	distr: autoDraw = True
111.5691 	EXP 	fixation: autoDraw = True
111.5691 	EXP 	target: autoDraw = True
111.7549 	DATA 	Mouse:  Left button up, pos=(956,325)
112.5689 	EXP 	fixation: autoDraw = False
112.9195 	DATA 	Mouse: Left button down, pos=(472,316)
112.9204 	EXP 	New trial (rep=83, index=0): <Trial 83 (0 in rep 83) data={'thisN': 83, 'thisTrialN': 0, 'thisRepN': 83}>
112.9227 	EXP 	Created distr = TextStim(__class__=<class 'psychopy.visual.text.TextStim'>, alignHoriz=method-wrapper(...), alignText='center', alignVert=method-wrapper(...), anchorHoriz='center', anchorVert='center', antialias=True, autoDraw=False, autoLog=True, bold=False, color=array([1., 1., 1.]), colorSpace='rgb', contrast=1.0, depth=0, draggable=False, flipHoriz=False, flipVert=False, font='Open Sans', fontFiles=[], height=np.float64(0.1), italic=False, languageStyle='LTR', name='distr', opacity=1.0, ori=336, pos=array([0.0715911 , 0.15086035]), rgb=UNKNOWN, text='L', units='height', win=Window(...), wrapWidth=1)
112.9244 	EXP 	Created distr = TextStim(__class__=<class 'psychopy.visual.text.TextStim'>, alignHoriz=method-wrapper(...), alignText='center', alignVert=method-wrapper(...), anchorHoriz='center', anchorVert='center', antialias=True, autoDraw=False, autoLog=True, bold=False, color=array([1., 1., 1.]), colorSpace='rgb', contrast=1.0, depth=0, draggable=False, flipHoriz=False, flipVert=False, font='Open Sans', fontFiles=[], height=np.float64(0.1), italic=False, languageStyle='LTR', name='distr', opacity=1.0, ori=256, pos=array([-0.20434351,  0.022196  ]), rgb=UNKNOWN, text='L', units='height', win=Window(...), wrapWidth=1)
112.9257 	EXP 	Created distr = TextStim(__class__=<class 'psychopy.visual.text.TextStim'>, alignHoriz=method-wrapper(...), alignText='center', alignVert=method-wrapper(...), anchorHoriz='center', anchorVert='center', antialias=True, autoDraw=False, autoLog=True, bold=False, color=array([1., 1., 1.]), colorSpace='rgb', contrast=1.0, depth=0, draggable=False, flipHoriz=False, flipVert=False, font='Open Sans', fontFiles=[], height=np.float64(0.1), italic=False, languageStyle='LTR', name='distr', opacity=1.0, ori=15, pos=array([-0.13311842, -0.32327162]), rgb=UNKNOWN, text='L', units='height', win=Window(...), wrapWidth=1)
112.9271 	EXP 	Created distr = TextStim(__class__=<class 'psychopy.visual.text.TextStim'>, alignHoriz=method-wrapper(...), alignText='center', alignVert=method-wrapper(...), anchorHoriz='center', anchorVert='center', antialias=True, autoDraw=False, autoLog=True, bold=False, color=array([1., 1., 1.]), colorSpace='rgb', contrast=1.0, depth=0, draggable=False, flipHoriz=False, flipVert=False, font='Open Sans', fontFiles=[], height=np.float64(0.1), italic=False, languageStyle='LTR', name='distr', opacity=1.0, ori=34, pos=array([-0.10225748, -0.25163041]), rgb=UNKNOWN, text='L', units='height', win=Window(...), wrapWidth=1)
112.9284 	EXP 	Created distr = TextStim(__class__=<class 'psychopy.visual.text.TextStim'>, alignHoriz=method-wrapper(...), alignText='center', alignVert=method-wrapper(...), anchorHoriz='center', anchorVert='center', antialias=True, autoDraw=False, autoLog=True, bold=False, color=array([1., 1., 1.]), colorSpace='rgb', contrast=1.0, depth=0, draggable=False, flipHoriz=False, flipVert=False, font='Open Sans', fontFiles=[], height=np.float64(0.1), italic=False, languageStyle='LTR', name='distr', opacity=1.0, ori=160, pos=array([-0.25011518,  0.20335123]), rgb=UNKNOWN, text='L', units='height', win=Window(...), wrapWidth=1)
112.9299 	EXP 	Created distr = TextStim(__class__=<class 'psychopy.visual.text.TextStim'>, alignHoriz=method-wrapper(...), alignText='center', alignVert=method-wrapper(...), anchorHoriz='center', anchorVert='center', antialias=True, autoDraw=False, autoLog=True, bold=False, color=array([1., 1., 1.]), colorSpace='rgb', contrast=1.0, depth=0, draggable=False, flipHoriz=False, flipVert=False, font='Open Sans', fontFiles=[], height=np.float64(0.1), italic=False, languageStyle='LTR', name='distr', opacity=1.0, ori=90, pos=array([ 0.29766813, -0.18993301]), rgb=UNKNOWN, text='L', units='height', win=Window(...), wrapWidth=1)
112.9312 	EXP 	Created distr = TextStim(__class__=<class 'psychopy.visual.text.TextStim'>, alignHoriz=method-wrapper(...), alignText='center', alignVert=method-wrapper(...), anchorHoriz='center', anchorVert='center', antialias=True, autoDraw=False, autoLog=True, bold=False, color=array([1., 1., 1.]), colorSpace='rgb', contrast=1.0, depth=0, draggable=False, flipHoriz=False, flipVert=False, font='Open Sans', fontFiles=[], height=np.float64(0.1), italic=False, languageStyle='LTR', name='distr', opacity=1.0, ori=92, pos=array([-0.12481354, -0.30628756]), rgb=UNKNOWN, text='L', units='height', win=Window(...), wrapWidth=1)
112.9328 	EXP 	Created distr = TextStim(__class__=<class 'psychopy.visual.text.TextStim'>, alignHoriz=method-wrapper(...), alignText='center', alignVert=method-wrapper(...), anchorHoriz='center', anchorVert='center', antialias=True, autoDraw=False, autoLog=True, bold=False, color=array([1., 1., 1.]), colorSpace='rgb', contrast=1.0, depth=0, draggable=False, flipHoriz=False, flipVert=False, font='Open Sans', fontFiles=[], height=np.float64(0.1), italic=False, languageStyle='LTR', name='distr', opacity=1.0, ori=144, pos=array([0.24540137, 0.25466362]), rgb=UNKNOWN, text='L', units='height', win=Window(...), wrapWidth=1)
112.9349 	EXP 	Created distr = TextStim(__class__=<class 'psychopy.visual.text.TextStim'>, alignHoriz=method-wrapper(...), alignText='center', alignVert=method-wrapper(...), anchorHoriz='center', anchorVert='center', antialias=True, autoDraw=False, autoLog=True, bold=False, color=array([1., 1., 1.]), colorSpace='rgb', contrast=1.0, depth=0, draggable=False, flipHoriz=False, flipVert=False, font='Open Sans', fontFiles=[], height=np.float64(0.1), italic=False, languageStyle='LTR', name='distr', opacity=1.0, ori=309, pos=array([-0.3171856 , -0.22776202]), rgb=UNKNOWN, text='L', units='height', win=Window(...), wrapWidth=1)
112.9365 	EXP 	Created distr = TextStim(__class__=<class 'psychopy.visual.text.TextStim'>, alignHoriz=method-wrapper(...), alignText='center', alignVert=method-wrapper(...), anchorHoriz='center', anchorVert='center', antialias=True, autoDraw=False, autoLog=True, bold=False, color=array([1., 1., 1.]), colorSpace='rgb', contrast=1.0, depth=0, draggable=False, flipHoriz=False, flipVert=False, font='Open Sans', fontFiles=[], height=np.float64(0.1), italic=False, languageStyle='LTR', name='distr', opacity=1.0, ori=165, pos=array([-0.18663258,  0.4162256 ]), rgb=UNKNOWN, text='L', units='height', win=Window(...), wrapWidth=1)
112.9514 	EXP 	fixation: autoDraw = False
112.9514 	EXP 	target: autoDraw = False
112.9514 	EXP 	distr: autoDraw = False
112.9514 	EXP 	distr: autoDraw = False
112.9514 	EXP 	distr: autoDraw = False
112.9514 	EXP 	distr: autoDraw = False
112.9514 	EXP 	distr: autoDraw = False
112.9514 	EXP 	distr: autoDraw = False
112.9514 	EXP 	distr: autoDraw = False
112.9514 	EXP 	distr: autoDraw = False
112.9514 	EXP 	distr: autoDraw = False
112.9514 	EXP 	distr: autoDraw = False
112.9514 	EXP 	distr: autoDraw = True
112.9514 	EXP 	distr: autoDraw = True
112.9514 	EXP 	distr: autoDraw = True
112.9514 	EXP 	distr: autoDraw = True
112.9514 	EXP 	distr: autoDraw = True
112.9514 	EXP 	distr: autoDraw = True
112.9514 	EXP 	distr: autoDraw = True
112.9514 	EXP 	distr: autoDraw = True
112.9514 	EXP 	distr: autoDraw = True
112.9514 	EXP 	distr: autoDraw = True
112.9514 	EXP 	fixation: autoDraw = True
112.9514 	EXP 	target: autoDraw = True
113.1384 	DATA 	Mouse:  Left button up, pos=(472,316)
113.9514 	EXP 	fixation: autoDraw = False
114.2189 	DATA 	Mouse: Left button down, pos=(723,652)
114.2197 	EXP 	New trial (rep=84, index=0): <Trial 84 (0 in rep 84) data={'thisN': 84, 'thisTrialN': 0, 'thisRepN': 84}>
114.2218 	EXP 	Created distr = TextStim(__class__=<class 'psychopy.visual.text.TextStim'>, alignHoriz=method-wrapper(...), alignText='center', alignVert=method-wrapper(...), anchorHoriz='center', anchorVert='center', antialias=True, autoDraw=False, autoLog=True, bold=False, color=array([1., 1., 1.]), colorSpace='rgb', contrast=1.0, depth=0, draggable=False, flipHoriz=False, flipVert=False, font='Open Sans', fontFiles=[], height=np.float64(0.1), italic=False, languageStyle='LTR', name='distr', opacity=1.0, ori=311, pos=array([-0.25897448, -0.11640753]), rgb=UNKNOWN, text='L', units='height', win=Window(...), wrapWidth=1)
114.2232 	EXP 	Created distr = TextStim(__class__=<class 'psychopy.visual.text.TextStim'>, alignHoriz=method-wrapper(...), alignText='center', alignVert=method-wrapper(...), anchorHoriz='center', anchorVert='center', antialias=True, autoDraw=False, autoLog=True, bold=False, color=array([1., 1., 1.]), colorSpace='rgb', contrast=1.0, depth=0, draggable=False, flipHoriz=False, flipVert=False, font='Open Sans', fontFiles=[], height=np.float64(0.1), italic=False, languageStyle='LTR', name='distr', opacity=1.0, ori=78, pos=array([ 0.19082989, -0.43230048]), rgb=UNKNOWN, text='L', units='height', win=Window(...), wrapWidth=1)
114.2246 	EXP 	Created distr = TextStim(__class__=<class 'psychopy.visual.text.TextStim'>, alignHoriz=method-wrapper(...), alignText='center', alignVert=method-wrapper(...), anchorHoriz='center', anchorVert='center', antialias=True, autoDraw=False, autoLog=True, bold=False, color=array([1., 1., 1.]), colorSpace='rgb', contrast=1.0, depth=0, draggable=False, flipHoriz=False, flipVert=False, font='Open Sans', fontFiles=[], height=np.float64(0.1), italic=False, languageStyle='LTR', name='distr', opacity=1.0, ori=245, pos=array([-0.4985354 , -0.33673003]), rgb=UNKNOWN, text='L', units='height', win=Window(...), wrapWidth=1)
114.2259 	EXP 	Created distr = TextStim(__class__=<class 'psychopy.visual.text.TextStim'>, alignHoriz=method-wrapper(...), alignText='center', alignVert=method-wrapper(...), anchorHoriz='center', anchorVert='center', antialias=True, autoDraw=False, autoLog=True, bold=False, color=array([1., 1., 1.]), colorSpace='rgb', contrast=1.0, depth=0, draggable=False, flipHoriz=False, flipVert=False, font='Open Sans', fontFiles=[], height=np.float64(0.1), italic=False, languageStyle='LTR', name='distr', opacity=1.0, ori=142, pos=array([-0.13326181,  0.46395692]), rgb=UNKNOWN, text='L', units='height', win=Window(...), wrapWidth=1)
114.2272 	EXP 	Created distr = TextStim(__class__=<class 'psychopy.visual.text.TextStim'>, alignHoriz=method-wrapper(...), alignText='center', alignVert=method-wrapper(...), anchorHoriz='center', anchorVert='center', antialias=True, autoDraw=False, autoLog=True, bold=False, color=array([1., 1., 1.]), colorSpace='rgb', contrast=1.0, depth=0, draggable=False, flipHoriz=False, flipVert=False, font='Open Sans', fontFiles=[], height=np.float64(0.1), italic=False, languageStyle='LTR', name='distr', opacity=1.0, ori=171, pos=array([ 0.30554119, -0.13079437]), rgb=UNKNOWN, text='L', units='height', win=Window(...), wrapWidth=1)
114.2503 	EXP 	fixation: autoDraw = False
114.2503 	EXP 	target: autoDraw = False
114.2503 	EXP 	distr: autoDraw = False
114.2503 	EXP 	distr: autoDraw = False
114.2503 	EXP 	distr: autoDraw = False
114.2503 	EXP 	distr: autoDraw = False
114.2503 	EXP 	distr: autoDraw = False
114.2503 	EXP 	distr: autoDraw = False
114.2503 	EXP 	distr: autoDraw = False
114.2503 	EXP 	distr: autoDraw = False
114.2503 	EXP 	distr: autoDraw = False
114.2503 	EXP 	distr: autoDraw = False
114.2503 	EXP 	distr: autoDraw = True
114.2503 	EXP 	distr: autoDraw = True
114.2503 	EXP 	distr: autoDraw = True
114.2503 	EXP 	distr: autoDraw = True
114.2503 	EXP 	distr: autoDraw = True
114.2503 	EXP 	fixation: autoDraw = True
114.2503 	EXP 	target: autoDraw = True
114.4513 	DATA 	Mouse:  Left button up, pos=(723,652)
115.2507 	EXP 	fixation: autoDraw = False
115.3169 	DATA 	Mouse: Left button down, pos=(565,228)
115.3177 	EXP 	New trial (rep=85, index=0): <Trial 85 (0 in rep 85) data={'thisN': 85, 'thisTrialN': 0, 'thisRepN': 85}>
115.3199 	EXP 	Created distr = TextStim(__class__=<class 'psychopy.visual.text.TextStim'>, alignHoriz=method-wrapper(...), alignText='center', alignVert=method-wrapper(...), anchorHoriz='center', anchorVert='center', antialias=True, autoDraw=False, autoLog=True, bold=False, color=array([1., 1., 1.]), colorSpace='rgb', contrast=1.0, depth=0, draggable=False, flipHoriz=False, flipVert=False, font='Open Sans', fontFiles=[], height=np.float64(0.1), italic=False, languageStyle='LTR', name='distr', opacity=1.0, ori=287, pos=array([-0.18849147,  0.01564334]), rgb=UNKNOWN, text='L', units='height', win=Window(...), wrapWidth=1)
115.3214 	EXP 	Created distr = TextStim(__class__=<class 'psychopy.visual.text.TextStim'>, alignHoriz=method-wrapper(...), alignText='center', alignVert=method-wrapper(...), anchorHoriz='center', anchorVert='center', antialias=True, autoDraw=False, autoLog=True, bold=False, color=array([1., 1., 1.]), colorSpace='rgb', contrast=1.0, depth=0, draggable=False, flipHoriz=False, flipVert=False, font='Open Sans', fontFiles=[], height=np.float64(0.1), italic=False, languageStyle='LTR', name='distr', opacity=1.0, ori=161, pos=array([-0.3189286 , -0.33263145]), rgb=UNKNOWN, text='L', units='height', win=Window(...), wrapWidth=1)
115.3228 	EXP 	Created distr = TextStim(__class__=<class 'psychopy.visual.text.TextStim'>, alignHoriz=method-wrapper(...), alignText='center', alignVert=method-wrapper(...), anchorHoriz='center', anchorVert='center', antialias=True, autoDraw=False, autoLog=True, bold=False, color=array([1., 1., 1.]), colorSpace='rgb', contrast=1.0, depth=0, draggable=False, flipHoriz=False, flipVert=False, font='Open Sans', fontFiles=[], height=np.float64(0.1), italic=False, languageStyle='LTR', name='distr', opacity=1.0, ori=147, pos=array([0.02562327, 0.33227194]), rgb=UNKNOWN, text='L', units='height', win=Window(...), wrapWidth=1)
115.3242 	EXP 	Created distr = TextStim(__class__=<class 'psychopy.visual.text.TextStim'>, alignHoriz=method-wrapper(...), alignText='center', alignVert=method-wrapper(...), anchorHoriz='center', anchorVert='center', antialias=True, autoDraw=False, autoLog=True, bold=False, color=array([1., 1., 1.]), colorSpace='rgb', contrast=1.0, depth=0, draggable=False, flipHoriz=False, flipVert=False, font='Open Sans', fontFiles=[], height=np.float64(0.1), italic=False, languageStyle='LTR', name='distr', opacity=1.0, ori=4, pos=array([-0.28756845,  0.47563235]), rgb=UNKNOWN, text='L', units='height', win=Window(...), wrapWidth=1)
115.3255 	EXP 	Created distr = TextStim(__class__=<class 'psychopy.visual.text.TextStim'>, alignHoriz=method-wrapper(...), alignText='center', alignVert=method-wrapper(...), anchorHoriz='center', anchorVert='center', antialias=True, autoDraw=False, autoLog=True, bold=False, color=array([1., 1., 1.]), colorSpace='rgb', contrast=1.0, depth=0, draggable=False, flipHoriz=False, flipVert=False, font='Open Sans', fontFiles=[], height=np.float64(0.1), italic=False, languageStyle='LTR', name='distr', opacity=1.0, ori=187, pos=array([-0.4624043 ,  0.25217462]), rgb=UNKNOWN, text='L', units='height', win=Window(...), wrapWidth=1)
115.3331 	EXP 	fixation: autoDraw = False
115.3331 	EXP 	target: autoDraw = False
115.3331 	EXP 	distr: autoDraw = False
115.3331 	EXP 	distr: autoDraw = False
115.3331 	EXP 	distr: autoDraw = False
115.3331 	EXP 	distr: autoDraw = False
115.3331 	EXP 	distr: autoDraw = False
115.3331 	EXP 	distr: autoDraw = True
115.3331 	EXP 	distr: autoDraw = True
115.3331 	EXP 	distr: autoDraw = True
115.3331 	EXP 	distr: autoDraw = True
115.3331 	EXP 	distr: autoDraw = True
115.3331 	EXP 	fixation: autoDraw = True
115.3331 	EXP 	target: autoDraw = True
115.5357 	DATA 	Mouse:  Left button up, pos=(565,228)
116.3327 	EXP 	fixation: autoDraw = False
116.5661 	DATA 	Mouse: Left button down, pos=(930,287)
116.5667 	EXP 	New trial (rep=86, index=0): <Trial 86 (0 in rep 86) data={'thisN': 86, 'thisTrialN': 0, 'thisRepN': 86}>
116.5687 	EXP 	Created distr = TextStim(__class__=<class 'psychopy.visual.text.TextStim'>, alignHoriz=method-wrapper(...), alignText='center', alignVert=method-wrapper(...), anchorHoriz='center', anchorVert='center', antialias=True, autoDraw=False, autoLog=True, bold=False, color=array([1., 1., 1.]), colorSpace='rgb', contrast=1.0, depth=0, draggable=False, flipHoriz=False, flipVert=False, font='Open Sans', fontFiles=[], height=np.float64(0.1), italic=False, languageStyle='LTR', name='distr', opacity=1.0, ori=75, pos=array([0.24889807, 0.18135176]), rgb=UNKNOWN, text='L', units='height', win=Window(...), wrapWidth=1)
116.5702 	EXP 	Created distr = TextStim(__class__=<class 'psychopy.visual.text.TextStim'>, alignHoriz=method-wrapper(...), alignText='center', alignVert=method-wrapper(...), anchorHoriz='center', anchorVert='center', antialias=True, autoDraw=False, autoLog=True, bold=False, color=array([1., 1., 1.]), colorSpace='rgb', contrast=1.0, depth=0, draggable=False, flipHoriz=False, flipVert=False, font='Open Sans', fontFiles=[], height=np.float64(0.1), italic=False, languageStyle='LTR', name='distr', opacity=1.0, ori=261, pos=array([0.04835699, 0.36539386]), rgb=UNKNOWN, text='L', units='height', win=Window(...), wrapWidth=1)
116.5716 	EXP 	Created distr = TextStim(__class__=<class 'psychopy.visual.text.TextStim'>, alignHoriz=method-wrapper(...), alignText='center', alignVert=method-wrapper(...), anchorHoriz='center', anchorVert='center', antialias=True, autoDraw=False, autoLog=True, bold=False, color=array([1., 1., 1.]), colorSpace='rgb', contrast=1.0, depth=0, draggable=False, flipHoriz=False, flipVert=False, font='Open Sans', fontFiles=[], height=np.float64(0.1), italic=False, languageStyle='LTR', name='distr', opacity=1.0, ori=9, pos=array([-0.32615313, -0.49414353]), rgb=UNKNOWN, text='L', units='height', win=Window(...), wrapWidth=1)
116.5729 	EXP 	Created distr = TextStim(__class__=<class 'psychopy.visual.text.TextStim'>, alignHoriz=method-wrapper(...), alignText='center', alignVert=method-wrapper(...), anchorHoriz='center', anchorVert='center', antialias=True, autoDraw=False, autoLog=True, bold=False, color=array([1., 1., 1.]), colorSpace='rgb', contrast=1.0, depth=0, draggable=False, flipHoriz=False, flipVert=False, font='Open Sans', fontFiles=[], height=np.float64(0.1), italic=False, languageStyle='LTR', name='distr', opacity=1.0, ori=199, pos=array([0.15108189, 0.35662006]), rgb=UNKNOWN, text='L', units='height', win=Window(...), wrapWidth=1)
116.5743 	EXP 	Created distr = TextStim(__class__=<class 'psychopy.visual.text.TextStim'>, alignHoriz=method-wrapper(...), alignText='center', alignVert=method-wrapper(...), anchorHoriz='center', anchorVert='center', antialias=True, autoDraw=False, autoLog=True, bold=False, color=array([1., 1., 1.]), colorSpace='rgb', contrast=1.0, depth=0, draggable=False, flipHoriz=False, flipVert=False, font='Open Sans', fontFiles=[], height=np.float64(0.1), italic=False, languageStyle='LTR', name='distr', opacity=1.0, ori=245, pos=array([0.33520396, 0.44678624]), rgb=UNKNOWN, text='L', units='height', win=Window(...), wrapWidth=1)
116.5824 	EXP 	fixation: autoDraw = False
116.5824 	EXP 	target: autoDraw = False
116.5824 	EXP 	distr: autoDraw = False
116.5824 	EXP 	distr: autoDraw = False
116.5824 	EXP 	distr: autoDraw = False
116.5824 	EXP 	distr: autoDraw = False
116.5824 	EXP 	distr: autoDraw = False
116.5824 	EXP 	distr: autoDraw = True
116.5824 	EXP 	distr: autoDraw = True
116.5824 	EXP 	distr: autoDraw = True
116.5824 	EXP 	distr: autoDraw = True
116.5824 	EXP 	distr: autoDraw = True
116.5824 	EXP 	fixation: autoDraw = True
116.5824 	EXP 	target: autoDraw = True
116.7998 	DATA 	Mouse:  Left button up, pos=(930,287)
117.5819 	EXP 	fixation: autoDraw = False
117.6330 	DATA 	Mouse: Left button down, pos=(678,290)
117.6338 	EXP 	New trial (rep=87, index=0): <Trial 87 (0 in rep 87) data={'thisN': 87, 'thisTrialN': 0, 'thisRepN': 87}>
117.6365 	EXP 	Created distr = TextStim(__class__=<class 'psychopy.visual.text.TextStim'>, alignHoriz=method-wrapper(...), alignText='center', alignVert=method-wrapper(...), anchorHoriz='center', anchorVert='center', antialias=True, autoDraw=False, autoLog=True, bold=False, color=array([1., 1., 1.]), colorSpace='rgb', contrast=1.0, depth=0, draggable=False, flipHoriz=False, flipVert=False, font='Open Sans', fontFiles=[], height=np.float64(0.1), italic=False, languageStyle='LTR', name='distr', opacity=1.0, ori=56, pos=array([-0.12497944, -0.07714518]), rgb=UNKNOWN, text='L', units='height', win=Window(...), wrapWidth=1)
117.6380 	EXP 	Created distr = TextStim(__class__=<class 'psychopy.visual.text.TextStim'>, alignHoriz=method-wrapper(...), alignText='center', alignVert=method-wrapper(...), anchorHoriz='center', anchorVert='center', antialias=True, autoDraw=False, autoLog=True, bold=False, color=array([1., 1., 1.]), colorSpace='rgb', contrast=1.0, depth=0, draggable=False, flipHoriz=False, flipVert=False, font='Open Sans', fontFiles=[], height=np.float64(0.1), italic=False, languageStyle='LTR', name='distr', opacity=1.0, ori=33, pos=array([-0.21579562, -0.06995105]), rgb=UNKNOWN, text='L', units='height', win=Window(...), wrapWidth=1)
117.6394 	EXP 	Created distr = TextStim(__class__=<class 'psychopy.visual.text.TextStim'>, alignHoriz=method-wrapper(...), alignText='center', alignVert=method-wrapper(...), anchorHoriz='center', anchorVert='center', antialias=True, autoDraw=False, autoLog=True, bold=False, color=array([1., 1., 1.]), colorSpace='rgb', contrast=1.0, depth=0, draggable=False, flipHoriz=False, flipVert=False, font='Open Sans', fontFiles=[], height=np.float64(0.1), italic=False, languageStyle='LTR', name='distr', opacity=1.0, ori=200, pos=array([-0.26048752,  0.36857186]), rgb=UNKNOWN, text='L', units='height', win=Window(...), wrapWidth=1)
117.6407 	EXP 	Created distr = TextStim(__class__=<class 'psychopy.visual.text.TextStim'>, alignHoriz=method-wrapper(...), alignText='center', alignVert=method-wrapper(...), anchorHoriz='center', anchorVert='center', antialias=True, autoDraw=False, autoLog=True, bold=False, color=array([1., 1., 1.]), colorSpace='rgb', contrast=1.0, depth=0, draggable=False, flipHoriz=False, flipVert=False, font='Open Sans', fontFiles=[], height=np.float64(0.1), italic=False, languageStyle='LTR', name='distr', opacity=1.0, ori=209, pos=array([ 0.38460466, -0.35463859]), rgb=UNKNOWN, text='L', units='height', win=Window(...), wrapWidth=1)
117.6420 	EXP 	Created distr = TextStim(__class__=<class 'psychopy.visual.text.TextStim'>, alignHoriz=method-wrapper(...), alignText='center', alignVert=method-wrapper(...), anchorHoriz='center', anchorVert='center', antialias=True, autoDraw=False, autoLog=True, bold=False, color=array([1., 1., 1.]), colorSpace='rgb', contrast=1.0, depth=0, draggable=False, flipHoriz=False, flipVert=False, font='Open Sans', fontFiles=[], height=np.float64(0.1), italic=False, languageStyle='LTR', name='distr', opacity=1.0, ori=300, pos=array([0.21472978, 0.44808392]), rgb=UNKNOWN, text='L', units='height', win=Window(...), wrapWidth=1)
117.6438 	EXP 	Created distr = TextStim(__class__=<class 'psychopy.visual.text.TextStim'>, alignHoriz=method-wrapper(...), alignText='center', alignVert=method-wrapper(...), anchorHoriz='center', anchorVert='center', antialias=True, autoDraw=False, autoLog=True, bold=False, color=array([1., 1., 1.]), colorSpace='rgb', contrast=1.0, depth=0, draggable=False, flipHoriz=False, flipVert=False, font='Open Sans', fontFiles=[], height=np.float64(0.1), italic=False, languageStyle='LTR', name='distr', opacity=1.0, ori=300, pos=array([-0.48289684, -0.0693252 ]), rgb=UNKNOWN, text='L', units='height', win=Window(...), wrapWidth=1)
117.6452 	EXP 	Created distr = TextStim(__class__=<class 'psychopy.visual.text.TextStim'>, alignHoriz=method-wrapper(...), alignText='center', alignVert=method-wrapper(...), anchorHoriz='center', anchorVert='center', antialias=True, autoDraw=False, autoLog=True, bold=False, color=array([1., 1., 1.]), colorSpace='rgb', contrast=1.0, depth=0, draggable=False, flipHoriz=False, flipVert=False, font='Open Sans', fontFiles=[], height=np.float64(0.1), italic=False, languageStyle='LTR', name='distr', opacity=1.0, ori=34, pos=array([ 0.48543934, -0.24725469]), rgb=UNKNOWN, text='L', units='height', win=Window(...), wrapWidth=1)
117.6471 	EXP 	Created distr = TextStim(__class__=<class 'psychopy.visual.text.TextStim'>, alignHoriz=method-wrapper(...), alignText='center', alignVert=method-wrapper(...), anchorHoriz='center', anchorVert='center', antialias=True, autoDraw=False, autoLog=True, bold=False, color=array([1., 1., 1.]), colorSpace='rgb', contrast=1.0, depth=0, draggable=False, flipHoriz=False, flipVert=False, font='Open Sans', fontFiles=[], height=np.float64(0.1), italic=False, languageStyle='LTR', name='distr', opacity=1.0, ori=72, pos=array([-0.1695949 , -0.21301859]), rgb=UNKNOWN, text='L', units='height', win=Window(...), wrapWidth=1)
117.6486 	EXP 	Created distr = TextStim(__class__=<class 'psychopy.visual.text.TextStim'>, alignHoriz=method-wrapper(...), alignText='center', alignVert=method-wrapper(...), anchorHoriz='center', anchorVert='center', antialias=True, autoDraw=False, autoLog=True, bold=False, color=array([1., 1., 1.]), colorSpace='rgb', contrast=1.0, depth=0, draggable=False, flipHoriz=False, flipVert=False, font='Open Sans', fontFiles=[], height=np.float64(0.1), italic=False, languageStyle='LTR', name='distr', opacity=1.0, ori=48, pos=array([-0.37378713,  0.01914168]), rgb=UNKNOWN, text='L', units='height', win=Window(...), wrapWidth=1)
117.6501 	EXP 	Created distr = TextStim(__class__=<class 'psychopy.visual.text.TextStim'>, alignHoriz=method-wrapper(...), alignText='center', alignVert=method-wrapper(...), anchorHoriz='center', anchorVert='center', antialias=True, autoDraw=False, autoLog=True, bold=False, color=array([1., 1., 1.]), colorSpace='rgb', contrast=1.0, depth=0, draggable=False, flipHoriz=False, flipVert=False, font='Open Sans', fontFiles=[], height=np.float64(0.1), italic=False, languageStyle='LTR', name='distr', opacity=1.0, ori=207, pos=array([0.00268995, 0.08587826]), rgb=UNKNOWN, text='L', units='height', win=Window(...), wrapWidth=1)
117.6640 	EXP 	fixation: autoDraw = False
117.6640 	EXP 	target: autoDraw = False
117.6640 	EXP 	distr: autoDraw = False
117.6640 	EXP 	distr: autoDraw = False
117.6640 	EXP 	distr: autoDraw = False
117.6640 	EXP 	distr: autoDraw = False
117.6640 	EXP 	distr: autoDraw = False
117.6640 	EXP 	distr: autoDraw = True
117.6640 	EXP 	distr: autoDraw = True
117.6640 	EXP 	distr: autoDraw = True
117.6640 	EXP 	distr: autoDraw = True
117.6640 	EXP 	distr: autoDraw = True
117.6640 	EXP 	distr: autoDraw = True
117.6640 	EXP 	distr: autoDraw = True
117.6640 	EXP 	distr: autoDraw = True
117.6640 	EXP 	distr: autoDraw = True
117.6640 	EXP 	distr: autoDraw = True
117.6640 	EXP 	fixation: autoDraw = True
117.6640 	EXP 	target: autoDraw = True
117.8656 	DATA 	Mouse:  Left button up, pos=(678,290)
118.6639 	EXP 	fixation: autoDraw = False
118.6983 	DATA 	Mouse: Left button down, pos=(789,558)
118.6991 	EXP 	New trial (rep=88, index=0): <Trial 88 (0 in rep 88) data={'thisN': 88, 'thisTrialN': 0, 'thisRepN': 88}>
118.7014 	EXP 	Created distr = TextStim(__class__=<class 'psychopy.visual.text.TextStim'>, alignHoriz=method-wrapper(...), alignText='center', alignVert=method-wrapper(...), anchorHoriz='center', anchorVert='center', antialias=True, autoDraw=False, autoLog=True, bold=False, color=array([1., 1., 1.]), colorSpace='rgb', contrast=1.0, depth=0, draggable=False, flipHoriz=False, flipVert=False, font='Open Sans', fontFiles=[], height=np.float64(0.1), italic=False, languageStyle='LTR', name='distr', opacity=1.0, ori=227, pos=array([ 0.16462605, -0.30534658]), rgb=UNKNOWN, text='L', units='height', win=Window(...), wrapWidth=1)
118.7030 	EXP 	Created distr = TextStim(__class__=<class 'psychopy.visual.text.TextStim'>, alignHoriz=method-wrapper(...), alignText='center', alignVert=method-wrapper(...), anchorHoriz='center', anchorVert='center', antialias=True, autoDraw=False, autoLog=True, bold=False, color=array([1., 1., 1.]), colorSpace='rgb', contrast=1.0, depth=0, draggable=False, flipHoriz=False, flipVert=False, font='Open Sans', fontFiles=[], height=np.float64(0.1), italic=False, languageStyle='LTR', name='distr', opacity=1.0, ori=333, pos=array([0.31319907, 0.35184066]), rgb=UNKNOWN, text='L', units='height', win=Window(...), wrapWidth=1)
118.7044 	EXP 	Created distr = TextStim(__class__=<class 'psychopy.visual.text.TextStim'>, alignHoriz=method-wrapper(...), alignText='center', alignVert=method-wrapper(...), anchorHoriz='center', anchorVert='center', antialias=True, autoDraw=False, autoLog=True, bold=False, color=array([1., 1., 1.]), colorSpace='rgb', contrast=1.0, depth=0, draggable=False, flipHoriz=False, flipVert=False, font='Open Sans', fontFiles=[], height=np.float64(0.1), italic=False, languageStyle='LTR', name='distr', opacity=1.0, ori=244, pos=array([-0.13835635, -0.14762422]), rgb=UNKNOWN, text='L', units='height', win=Window(...), wrapWidth=1)
118.7058 	EXP 	Created distr = TextStim(__class__=<class 'psychopy.visual.text.TextStim'>, alignHoriz=method-wrapper(...), alignText='center', alignVert=method-wrapper(...), anchorHoriz='center', anchorVert='center', antialias=True, autoDraw=False, autoLog=True, bold=False, color=array([1., 1., 1.]), colorSpace='rgb', contrast=1.0, depth=0, draggable=False, flipHoriz=False, flipVert=False, font='Open Sans', fontFiles=[], height=np.float64(0.1), italic=False, languageStyle='LTR', name='distr', opacity=1.0, ori=196, pos=array([-0.07879437, -0.22516814]), rgb=UNKNOWN, text='L', units='height', win=Window(...), wrapWidth=1)
118.7071 	EXP 	Created distr = TextStim(__class__=<class 'psychopy.visual.text.TextStim'>, alignHoriz=method-wrapper(...), alignText='center', alignVert=method-wrapper(...), anchorHoriz='center', anchorVert='center', antialias=True, autoDraw=False, autoLog=True, bold=False, color=array([1., 1., 1.]), colorSpace='rgb', contrast=1.0, depth=0, draggable=False, flipHoriz=False, flipVert=False, font='Open Sans', fontFiles=[], height=np.float64(0.1), italic=False, languageStyle='LTR', name='distr', opacity=1.0, ori=347, pos=array([0.49091102, 0.48034256]), rgb=UNKNOWN, text='L', units='height', win=Window(...), wrapWidth=1)
118.7297 	EXP 	fixation: autoDraw = False
118.7297 	EXP 	target: autoDraw = False
118.7297 	EXP 	distr: autoDraw = False
118.7297 	EXP 	distr: autoDraw = False
118.7297 	EXP 	distr: autoDraw = False
118.7297 	EXP 	distr: autoDraw = False
118.7297 	EXP 	distr: autoDraw = False
118.7297 	EXP 	distr: autoDraw = False
118.7297 	EXP 	distr: autoDraw = False
118.7297 	EXP 	distr: autoDraw = False
118.7297 	EXP 	distr: autoDraw = False
118.7297 	EXP 	distr: autoDraw = False
118.7297 	EXP 	distr: autoDraw = True
118.7297 	EXP 	distr: autoDraw = True
118.7297 	EXP 	distr: autoDraw = True
118.7297 	EXP 	distr: autoDraw = True
118.7297 	EXP 	distr: autoDraw = True
118.7297 	EXP 	fixation: autoDraw = True
118.7297 	EXP 	target: autoDraw = True
118.9158 	DATA 	Mouse:  Left button up, pos=(789,558)
119.7305 	EXP 	fixation: autoDraw = False
119.7643 	DATA 	Mouse: Left button down, pos=(742,529)
119.7651 	EXP 	New trial (rep=89, index=0): <Trial 89 (0 in rep 89) data={'thisN': 89, 'thisTrialN': 0, 'thisRepN': 89}>
119.7675 	EXP 	Created distr = TextStim(__class__=<class 'psychopy.visual.text.TextStim'>, alignHoriz=method-wrapper(...), alignText='center', alignVert=method-wrapper(...), anchorHoriz='center', anchorVert='center', antialias=True, autoDraw=False, autoLog=True, bold=False, color=array([1., 1., 1.]), colorSpace='rgb', contrast=1.0, depth=0, draggable=False, flipHoriz=False, flipVert=False, font='Open Sans', fontFiles=[], height=np.float64(0.1), italic=False, languageStyle='LTR', name='distr', opacity=1.0, ori=177, pos=array([-0.36405475,  0.46055759]), rgb=UNKNOWN, text='L', units='height', win=Window(...), wrapWidth=1)
119.7691 	EXP 	Created distr = TextStim(__class__=<class 'psychopy.visual.text.TextStim'>, alignHoriz=method-wrapper(...), alignText='center', alignVert=method-wrapper(...), anchorHoriz='center', anchorVert='center', antialias=True, autoDraw=False, autoLog=True, bold=False, color=array([1., 1., 1.]), colorSpace='rgb', contrast=1.0, depth=0, draggable=False, flipHoriz=False, flipVert=False, font='Open Sans', fontFiles=[], height=np.float64(0.1), italic=False, languageStyle='LTR', name='distr', opacity=1.0, ori=162, pos=array([ 0.45702579, -0.44371607]), rgb=UNKNOWN, text='L', units='height', win=Window(...), wrapWidth=1)
119.7704 	EXP 	Created distr = TextStim(__class__=<class 'psychopy.visual.text.TextStim'>, alignHoriz=method-wrapper(...), alignText='center', alignVert=method-wrapper(...), anchorHoriz='center', anchorVert='center', antialias=True, autoDraw=False, autoLog=True, bold=False, color=array([1., 1., 1.]), colorSpace='rgb', contrast=1.0, depth=0, draggable=False, flipHoriz=False, flipVert=False, font='Open Sans', fontFiles=[], height=np.float64(0.1), italic=False, languageStyle='LTR', name='distr', opacity=1.0, ori=86, pos=array([0.24619296, 0.08802801]), rgb=UNKNOWN, text='L', units='height', win=Window(...), wrapWidth=1)
119.7718 	EXP 	Created distr = TextStim(__class__=<class 'psychopy.visual.text.TextStim'>, alignHoriz=method-wrapper(...), alignText='center', alignVert=method-wrapper(...), anchorHoriz='center', anchorVert='center', antialias=True, autoDraw=False, autoLog=True, bold=False, color=array([1., 1., 1.]), colorSpace='rgb', contrast=1.0, depth=0, draggable=False, flipHoriz=False, flipVert=False, font='Open Sans', fontFiles=[], height=np.float64(0.1), italic=False, languageStyle='LTR', name='distr', opacity=1.0, ori=86, pos=array([-0.29243493,  0.1235981 ]), rgb=UNKNOWN, text='L', units='height', win=Window(...), wrapWidth=1)
119.7731 	EXP 	Created distr = TextStim(__class__=<class 'psychopy.visual.text.TextStim'>, alignHoriz=method-wrapper(...), alignText='center', alignVert=method-wrapper(...), anchorHoriz='center', anchorVert='center', antialias=True, autoDraw=False, autoLog=True, bold=False, color=array([1., 1., 1.]), colorSpace='rgb', contrast=1.0, depth=0, draggable=False, flipHoriz=False, flipVert=False, font='Open Sans', fontFiles=[], height=np.float64(0.1), italic=False, languageStyle='LTR', name='distr', opacity=1.0, ori=82, pos=array([ 0.43577235, -0.2832647 ]), rgb=UNKNOWN, text='L', units='height', win=Window(...), wrapWidth=1)
119.7746 	EXP 	Created distr = TextStim(__class__=<class 'psychopy.visual.text.TextStim'>, alignHoriz=method-wrapper(...), alignText='center', alignVert=method-wrapper(...), anchorHoriz='center', anchorVert='center', antialias=True, autoDraw=False, autoLog=True, bold=False, color=array([1., 1., 1.]), colorSpace='rgb', contrast=1.0, depth=0, draggable=False, flipHoriz=False, flipVert=False, font='Open Sans', fontFiles=[], height=np.float64(0.1), italic=False, languageStyle='LTR', name='distr', opacity=1.0, ori=9, pos=array([0.46536911, 0.33339617]), rgb=UNKNOWN, text='L', units='height', win=Window(...), wrapWidth=1)
119.7759 	EXP 	Created distr = TextStim(__class__=<class 'psychopy.visual.text.TextStim'>, alignHoriz=method-wrapper(...), alignText='center', alignVert=method-wrapper(...), anchorHoriz='center', anchorVert='center', antialias=True, autoDraw=False, autoLog=True, bold=False, color=array([1., 1., 1.]), colorSpace='rgb', contrast=1.0, depth=0, draggable=False, flipHoriz=False, flipVert=False, font='Open Sans', fontFiles=[], height=np.float64(0.1), italic=False, languageStyle='LTR', name='distr', opacity=1.0, ori=346, pos=array([-0.30291508,  0.28524072]), rgb=UNKNOWN, text='L', units='height', win=Window(...), wrapWidth=1)
119.7780 	EXP 	Created distr = TextStim(__class__=<class 'psychopy.visual.text.TextStim'>, alignHoriz=method-wrapper(...), alignText='center', alignVert=method-wrapper(...), anchorHoriz='center', anchorVert='center', antialias=True, autoDraw=False, autoLog=True, bold=False, color=array([1., 1., 1.]), colorSpace='rgb', contrast=1.0, depth=0, draggable=False, flipHoriz=False, flipVert=False, font='Open Sans', fontFiles=[], height=np.float64(0.1), italic=False, languageStyle='LTR', name='distr', opacity=1.0, ori=156, pos=array([-0.46647177, -0.29917899]), rgb=UNKNOWN, text='L', units='height', win=Window(...), wrapWidth=1)
119.7799 	EXP 	Created distr = TextStim(__class__=<class 'psychopy.visual.text.TextStim'>, alignHoriz=method-wrapper(...), alignText='center', alignVert=method-wrapper(...), anchorHoriz='center', anchorVert='center', antialias=True, autoDraw=False, autoLog=True, bold=False, color=array([1., 1., 1.]), colorSpace='rgb', contrast=1.0, depth=0, draggable=False, flipHoriz=False, flipVert=False, font='Open Sans', fontFiles=[], height=np.float64(0.1), italic=False, languageStyle='LTR', name='distr', opacity=1.0, ori=196, pos=array([ 0.39924184, -0.39293157]), rgb=UNKNOWN, text='L', units='height', win=Window(...), wrapWidth=1)
119.7814 	EXP 	Created distr = TextStim(__class__=<class 'psychopy.visual.text.TextStim'>, alignHoriz=method-wrapper(...), alignText='center', alignVert=method-wrapper(...), anchorHoriz='center', anchorVert='center', antialias=True, autoDraw=False, autoLog=True, bold=False, color=array([1., 1., 1.]), colorSpace='rgb', contrast=1.0, depth=0, draggable=False, flipHoriz=False, flipVert=False, font='Open Sans', fontFiles=[], height=np.float64(0.1), italic=False, languageStyle='LTR', name='distr', opacity=1.0, ori=284, pos=array([ 0.00129953, -0.47063131]), rgb=UNKNOWN, text='L', units='height', win=Window(...), wrapWidth=1)
119.7957 	EXP 	fixation: autoDraw = False
119.7957 	EXP 	target: autoDraw = False
119.7957 	EXP 	distr: autoDraw = False
119.7957 	EXP 	distr: autoDraw = False
119.7957 	EXP 	distr: autoDraw = False
119.7957 	EXP 	distr: autoDraw = False
119.7957 	EXP 	distr: autoDraw = False
119.7957 	EXP 	distr: autoDraw = True
119.7957 	EXP 	distr: autoDraw = True
119.7957 	EXP 	distr: autoDraw = True
119.7957 	EXP 	distr: autoDraw = True
119.7957 	EXP 	distr: autoDraw = True
119.7957 	EXP 	distr: autoDraw = True
119.7957 	EXP 	distr: autoDraw = True
119.7957 	EXP 	distr: autoDraw = True
119.7957 	EXP 	distr: autoDraw = True
119.7957 	EXP 	distr: autoDraw = True
119.7957 	EXP 	fixation: autoDraw = True
119.7957 	EXP 	target: autoDraw = True
119.9809 	DATA 	Mouse:  Left button up, pos=(742,529)
120.7956 	EXP 	fixation: autoDraw = False
120.8631 	DATA 	Mouse: Left button down, pos=(622,376)
120.8639 	EXP 	New trial (rep=90, index=0): <Trial 90 (0 in rep 90) data={'thisN': 90, 'thisTrialN': 0, 'thisRepN': 90}>
120.8660 	EXP 	Created distr = TextStim(__class__=<class 'psychopy.visual.text.TextStim'>, alignHoriz=method-wrapper(...), alignText='center', alignVert=method-wrapper(...), anchorHoriz='center', anchorVert='center', antialias=True, autoDraw=False, autoLog=True, bold=False, color=array([1., 1., 1.]), colorSpace='rgb', contrast=1.0, depth=0, draggable=False, flipHoriz=False, flipVert=False, font='Open Sans', fontFiles=[], height=np.float64(0.1), italic=False, languageStyle='LTR', name='distr', opacity=1.0, ori=79, pos=array([ 0.30759883, -0.33601718]), rgb=UNKNOWN, text='L', units='height', win=Window(...), wrapWidth=1)
120.8675 	EXP 	Created distr = TextStim(__class__=<class 'psychopy.visual.text.TextStim'>, alignHoriz=method-wrapper(...), alignText='center', alignVert=method-wrapper(...), anchorHoriz='center', anchorVert='center', antialias=True, autoDraw=False, autoLog=True, bold=False, color=array([1., 1., 1.]), colorSpace='rgb', contrast=1.0, depth=0, draggable=False, flipHoriz=False, flipVert=False, font='Open Sans', fontFiles=[], height=np.float64(0.1), italic=False, languageStyle='LTR', name='distr', opacity=1.0, ori=201, pos=array([ 0.05967323, -0.02872222]), rgb=UNKNOWN, text='L', units='height', win=Window(...), wrapWidth=1)
120.8689 	EXP 	Created distr = TextStim(__class__=<class 'psychopy.visual.text.TextStim'>, alignHoriz=method-wrapper(...), alignText='center', alignVert=method-wrapper(...), anchorHoriz='center', anchorVert='center', antialias=True, autoDraw=False, autoLog=True, bold=False, color=array([1., 1., 1.]), colorSpace='rgb', contrast=1.0, depth=0, draggable=False, flipHoriz=False, flipVert=False, font='Open Sans', fontFiles=[], height=np.float64(0.1), italic=False, languageStyle='LTR', name='distr', opacity=1.0, ori=38, pos=array([-0.19716279,  0.34123446]), rgb=UNKNOWN, text='L', units='height', win=Window(...), wrapWidth=1)
120.8702 	EXP 	Created distr = TextStim(__class__=<class 'psychopy.visual.text.TextStim'>, alignHoriz=method-wrapper(...), alignText='center', alignVert=method-wrapper(...), anchorHoriz='center', anchorVert='center', antialias=True, autoDraw=False, autoLog=True, bold=False, color=array([1., 1., 1.]), colorSpace='rgb', contrast=1.0, depth=0, draggable=False, flipHoriz=False, flipVert=False, font='Open Sans', fontFiles=[], height=np.float64(0.1), italic=False, languageStyle='LTR', name='distr', opacity=1.0, ori=240, pos=array([ 0.14166211, -0.4803925 ]), rgb=UNKNOWN, text='L', units='height', win=Window(...), wrapWidth=1)
120.8715 	EXP 	Created distr = TextStim(__class__=<class 'psychopy.visual.text.TextStim'>, alignHoriz=method-wrapper(...), alignText='center', alignVert=method-wrapper(...), anchorHoriz='center', anchorVert='center', antialias=True, autoDraw=False, autoLog=True, bold=False, color=array([1., 1., 1.]), colorSpace='rgb', contrast=1.0, depth=0, draggable=False, flipHoriz=False, flipVert=False, font='Open Sans', fontFiles=[], height=np.float64(0.1), italic=False, languageStyle='LTR', name='distr', opacity=1.0, ori=263, pos=array([-0.36598512,  0.35762122]), rgb=UNKNOWN, text='L', units='height', win=Window(...), wrapWidth=1)
120.8784 	EXP 	fixation: autoDraw = False
120.8784 	EXP 	target: autoDraw = False
120.8784 	EXP 	distr: autoDraw = False
120.8784 	EXP 	distr: autoDraw = False
120.8784 	EXP 	distr: autoDraw = False
120.8784 	EXP 	distr: autoDraw = False
120.8784 	EXP 	distr: autoDraw = False
120.8784 	EXP 	distr: autoDraw = False
120.8784 	EXP 	distr: autoDraw = False
120.8784 	EXP 	distr: autoDraw = False
120.8784 	EXP 	distr: autoDraw = False
120.8784 	EXP 	distr: autoDraw = False
120.8784 	EXP 	distr: autoDraw = True
120.8784 	EXP 	distr: autoDraw = True
120.8784 	EXP 	distr: autoDraw = True
120.8784 	EXP 	distr: autoDraw = True
120.8784 	EXP 	distr: autoDraw = True
120.8784 	EXP 	fixation: autoDraw = True
120.8784 	EXP 	target: autoDraw = True
121.0802 	DATA 	Mouse:  Left button up, pos=(622,376)
121.8779 	EXP 	fixation: autoDraw = False
121.8956 	DATA 	Mouse: Left button down, pos=(574,297)
121.8966 	EXP 	New trial (rep=91, index=0): <Trial 91 (0 in rep 91) data={'thisN': 91, 'thisTrialN': 0, 'thisRepN': 91}>
121.8993 	EXP 	Created distr = TextStim(__class__=<class 'psychopy.visual.text.TextStim'>, alignHoriz=method-wrapper(...), alignText='center', alignVert=method-wrapper(...), anchorHoriz='center', anchorVert='center', antialias=True, autoDraw=False, autoLog=True, bold=False, color=array([1., 1., 1.]), colorSpace='rgb', contrast=1.0, depth=0, draggable=False, flipHoriz=False, flipVert=False, font='Open Sans', fontFiles=[], height=np.float64(0.1), italic=False, languageStyle='LTR', name='distr', opacity=1.0, ori=309, pos=array([ 0.46766473, -0.3380172 ]), rgb=UNKNOWN, text='L', units='height', win=Window(...), wrapWidth=1)
121.9008 	EXP 	Created distr = TextStim(__class__=<class 'psychopy.visual.text.TextStim'>, alignHoriz=method-wrapper(...), alignText='center', alignVert=method-wrapper(...), anchorHoriz='center', anchorVert='center', antialias=True, autoDraw=False, autoLog=True, bold=False, color=array([1., 1., 1.]), colorSpace='rgb', contrast=1.0, depth=0, draggable=False, flipHoriz=False, flipVert=False, font='Open Sans', fontFiles=[], height=np.float64(0.1), italic=False, languageStyle='LTR', name='distr', opacity=1.0, ori=110, pos=array([-0.0704004 , -0.06307233]), rgb=UNKNOWN, text='L', units='height', win=Window(...), wrapWidth=1)
121.9023 	EXP 	Created distr = TextStim(__class__=<class 'psychopy.visual.text.TextStim'>, alignHoriz=method-wrapper(...), alignText='center', alignVert=method-wrapper(...), anchorHoriz='center', anchorVert='center', antialias=True, autoDraw=False, autoLog=True, bold=False, color=array([1., 1., 1.]), colorSpace='rgb', contrast=1.0, depth=0, draggable=False, flipHoriz=False, flipVert=False, font='Open Sans', fontFiles=[], height=np.float64(0.1), italic=False, languageStyle='LTR', name='distr', opacity=1.0, ori=122, pos=array([ 0.45690367, -0.34945837]), rgb=UNKNOWN, text='L', units='height', win=Window(...), wrapWidth=1)
121.9037 	EXP 	Created distr = TextStim(__class__=<class 'psychopy.visual.text.TextStim'>, alignHoriz=method-wrapper(...), alignText='center', alignVert=method-wrapper(...), anchorHoriz='center', anchorVert='center', antialias=True, autoDraw=False, autoLog=True, bold=False, color=array([1., 1., 1.]), colorSpace='rgb', contrast=1.0, depth=0, draggable=False, flipHoriz=False, flipVert=False, font='Open Sans', fontFiles=[], height=np.float64(0.1), italic=False, languageStyle='LTR', name='distr', opacity=1.0, ori=238, pos=array([ 0.08414778, -0.09035277]), rgb=UNKNOWN, text='L', units='height', win=Window(...), wrapWidth=1)
121.9050 	EXP 	Created distr = TextStim(__class__=<class 'psychopy.visual.text.TextStim'>, alignHoriz=method-wrapper(...), alignText='center', alignVert=method-wrapper(...), anchorHoriz='center', anchorVert='center', antialias=True, autoDraw=False, autoLog=True, bold=False, color=array([1., 1., 1.]), colorSpace='rgb', contrast=1.0, depth=0, draggable=False, flipHoriz=False, flipVert=False, font='Open Sans', fontFiles=[], height=np.float64(0.1), italic=False, languageStyle='LTR', name='distr', opacity=1.0, ori=303, pos=array([-0.17806959,  0.19103704]), rgb=UNKNOWN, text='L', units='height', win=Window(...), wrapWidth=1)
121.9274 	EXP 	fixation: autoDraw = False
121.9274 	EXP 	target: autoDraw = False
121.9274 	EXP 	distr: autoDraw = False
121.9274 	EXP 	distr: autoDraw = False
121.9274 	EXP 	distr: autoDraw = False
121.9274 	EXP 	distr: autoDraw = False
121.9274 	EXP 	distr: autoDraw = False
121.9274 	EXP 	distr: autoDraw = True
121.9274 	EXP 	distr: autoDraw = True
121.9274 	EXP 	distr: autoDraw = True
121.9274 	EXP 	distr: autoDraw = True
121.9274 	EXP 	distr: autoDraw = True
121.9274 	EXP 	fixation: autoDraw = True
121.9274 	EXP 	target: autoDraw = True
122.1121 	DATA 	Mouse:  Left button up, pos=(574,297)
122.9273 	EXP 	fixation: autoDraw = False
123.0938 	DATA 	Mouse: Left button down, pos=(345,64)
123.0944 	EXP 	New trial (rep=92, index=0): <Trial 92 (0 in rep 92) data={'thisN': 92, 'thisTrialN': 0, 'thisRepN': 92}>
123.0964 	EXP 	Created distr = TextStim(__class__=<class 'psychopy.visual.text.TextStim'>, alignHoriz=method-wrapper(...), alignText='center', alignVert=method-wrapper(...), anchorHoriz='center', anchorVert='center', antialias=True, autoDraw=False, autoLog=True, bold=False, color=array([1., 1., 1.]), colorSpace='rgb', contrast=1.0, depth=0, draggable=False, flipHoriz=False, flipVert=False, font='Open Sans', fontFiles=[], height=np.float64(0.1), italic=False, languageStyle='LTR', name='distr', opacity=1.0, ori=105, pos=array([0.32172616, 0.36840587]), rgb=UNKNOWN, text='L', units='height', win=Window(...), wrapWidth=1)
123.0978 	EXP 	Created distr = TextStim(__class__=<class 'psychopy.visual.text.TextStim'>, alignHoriz=method-wrapper(...), alignText='center', alignVert=method-wrapper(...), anchorHoriz='center', anchorVert='center', antialias=True, autoDraw=False, autoLog=True, bold=False, color=array([1., 1., 1.]), colorSpace='rgb', contrast=1.0, depth=0, draggable=False, flipHoriz=False, flipVert=False, font='Open Sans', fontFiles=[], height=np.float64(0.1), italic=False, languageStyle='LTR', name='distr', opacity=1.0, ori=154, pos=array([ 0.42173069, -0.00296573]), rgb=UNKNOWN, text='L', units='height', win=Window(...), wrapWidth=1)
123.0993 	EXP 	Created distr = TextStim(__class__=<class 'psychopy.visual.text.TextStim'>, alignHoriz=method-wrapper(...), alignText='center', alignVert=method-wrapper(...), anchorHoriz='center', anchorVert='center', antialias=True, autoDraw=False, autoLog=True, bold=False, color=array([1., 1., 1.]), colorSpace='rgb', contrast=1.0, depth=0, draggable=False, flipHoriz=False, flipVert=False, font='Open Sans', fontFiles=[], height=np.float64(0.1), italic=False, languageStyle='LTR', name='distr', opacity=1.0, ori=124, pos=array([-0.00532706, -0.42608221]), rgb=UNKNOWN, text='L', units='height', win=Window(...), wrapWidth=1)
123.1007 	EXP 	Created distr = TextStim(__class__=<class 'psychopy.visual.text.TextStim'>, alignHoriz=method-wrapper(...), alignText='center', alignVert=method-wrapper(...), anchorHoriz='center', anchorVert='center', antialias=True, autoDraw=False, autoLog=True, bold=False, color=array([1., 1., 1.]), colorSpace='rgb', contrast=1.0, depth=0, draggable=False, flipHoriz=False, flipVert=False, font='Open Sans', fontFiles=[], height=np.float64(0.1), italic=False, languageStyle='LTR', name='distr', opacity=1.0, ori=342, pos=array([-0.176826  ,  0.49763917]), rgb=UNKNOWN, text='L', units='height', win=Window(...), wrapWidth=1)
123.1020 	EXP 	Created distr = TextStim(__class__=<class 'psychopy.visual.text.TextStim'>, alignHoriz=method-wrapper(...), alignText='center', alignVert=method-wrapper(...), anchorHoriz='center', anchorVert='center', antialias=True, autoDraw=False, autoLog=True, bold=False, color=array([1., 1., 1.]), colorSpace='rgb', contrast=1.0, depth=0, draggable=False, flipHoriz=False, flipVert=False, font='Open Sans', fontFiles=[], height=np.float64(0.1), italic=False, languageStyle='LTR', name='distr', opacity=1.0, ori=294, pos=array([-0.4167265 ,  0.12525081]), rgb=UNKNOWN, text='L', units='height', win=Window(...), wrapWidth=1)
123.1035 	EXP 	Created distr = TextStim(__class__=<class 'psychopy.visual.text.TextStim'>, alignHoriz=method-wrapper(...), alignText='center', alignVert=method-wrapper(...), anchorHoriz='center', anchorVert='center', antialias=True, autoDraw=False, autoLog=True, bold=False, color=array([1., 1., 1.]), colorSpace='rgb', contrast=1.0, depth=0, draggable=False, flipHoriz=False, flipVert=False, font='Open Sans', fontFiles=[], height=np.float64(0.1), italic=False, languageStyle='LTR', name='distr', opacity=1.0, ori=64, pos=array([0.01124232, 0.43989422]), rgb=UNKNOWN, text='L', units='height', win=Window(...), wrapWidth=1)
123.1049 	EXP 	Created distr = TextStim(__class__=<class 'psychopy.visual.text.TextStim'>, alignHoriz=method-wrapper(...), alignText='center', alignVert=method-wrapper(...), anchorHoriz='center', anchorVert='center', antialias=True, autoDraw=False, autoLog=True, bold=False, color=array([1., 1., 1.]), colorSpace='rgb', contrast=1.0, depth=0, draggable=False, flipHoriz=False, flipVert=False, font='Open Sans', fontFiles=[], height=np.float64(0.1), italic=False, languageStyle='LTR', name='distr', opacity=1.0, ori=202, pos=array([0.31988726, 0.13332398]), rgb=UNKNOWN, text='L', units='height', win=Window(...), wrapWidth=1)
123.1063 	EXP 	Created distr = TextStim(__class__=<class 'psychopy.visual.text.TextStim'>, alignHoriz=method-wrapper(...), alignText='center', alignVert=method-wrapper(...), anchorHoriz='center', anchorVert='center', antialias=True, autoDraw=False, autoLog=True, bold=False, color=array([1., 1., 1.]), colorSpace='rgb', contrast=1.0, depth=0, draggable=False, flipHoriz=False, flipVert=False, font='Open Sans', fontFiles=[], height=np.float64(0.1), italic=False, languageStyle='LTR', name='distr', opacity=1.0, ori=159, pos=array([-0.26097539, -0.20134847]), rgb=UNKNOWN, text='L', units='height', win=Window(...), wrapWidth=1)
123.1077 	EXP 	Created distr = TextStim(__class__=<class 'psychopy.visual.text.TextStim'>, alignHoriz=method-wrapper(...), alignText='center', alignVert=method-wrapper(...), anchorHoriz='center', anchorVert='center', antialias=True, autoDraw=False, autoLog=True, bold=False, color=array([1., 1., 1.]), colorSpace='rgb', contrast=1.0, depth=0, draggable=False, flipHoriz=False, flipVert=False, font='Open Sans', fontFiles=[], height=np.float64(0.1), italic=False, languageStyle='LTR', name='distr', opacity=1.0, ori=28, pos=array([0.28478335, 0.02330361]), rgb=UNKNOWN, text='L', units='height', win=Window(...), wrapWidth=1)
123.1095 	EXP 	Created distr = TextStim(__class__=<class 'psychopy.visual.text.TextStim'>, alignHoriz=method-wrapper(...), alignText='center', alignVert=method-wrapper(...), anchorHoriz='center', anchorVert='center', antialias=True, autoDraw=False, autoLog=True, bold=False, color=array([1., 1., 1.]), colorSpace='rgb', contrast=1.0, depth=0, draggable=False, flipHoriz=False, flipVert=False, font='Open Sans', fontFiles=[], height=np.float64(0.1), italic=False, languageStyle='LTR', name='distr', opacity=1.0, ori=27, pos=array([ 0.34225432, -0.06115994]), rgb=UNKNOWN, text='L', units='height', win=Window(...), wrapWidth=1)
123.1264 	EXP 	fixation: autoDraw = False
123.1264 	EXP 	target: autoDraw = False
123.1264 	EXP 	distr: autoDraw = False
123.1264 	EXP 	distr: autoDraw = False
123.1264 	EXP 	distr: autoDraw = False
123.1264 	EXP 	distr: autoDraw = False
123.1264 	EXP 	distr: autoDraw = False
123.1264 	EXP 	distr: autoDraw = True
123.1264 	EXP 	distr: autoDraw = True
123.1264 	EXP 	distr: autoDraw = True
123.1264 	EXP 	distr: autoDraw = True
123.1264 	EXP 	distr: autoDraw = True
123.1264 	EXP 	distr: autoDraw = True
123.1264 	EXP 	distr: autoDraw = True
123.1264 	EXP 	distr: autoDraw = True
123.1264 	EXP 	distr: autoDraw = True
123.1264 	EXP 	distr: autoDraw = True
123.1264 	EXP 	fixation: autoDraw = True
123.1264 	EXP 	target: autoDraw = True
123.3277 	DATA 	Mouse:  Left button up, pos=(345,64)
124.0951 	DATA 	Mouse: Left button down, pos=(447,66)
124.1103 	EXP 	New trial (rep=93, index=0): <Trial 93 (0 in rep 93) data={'thisN': 93, 'thisTrialN': 0, 'thisRepN': 93}>
124.1126 	EXP 	Created distr = TextStim(__class__=<class 'psychopy.visual.text.TextStim'>, alignHoriz=method-wrapper(...), alignText='center', alignVert=method-wrapper(...), anchorHoriz='center', anchorVert='center', antialias=True, autoDraw=False, autoLog=True, bold=False, color=array([1., 1., 1.]), colorSpace='rgb', contrast=1.0, depth=0, draggable=False, flipHoriz=False, flipVert=False, font='Open Sans', fontFiles=[], height=np.float64(0.1), italic=False, languageStyle='LTR', name='distr', opacity=1.0, ori=250, pos=array([-0.39580228,  0.143087  ]), rgb=UNKNOWN, text='L', units='height', win=Window(...), wrapWidth=1)
124.1142 	EXP 	Created distr = TextStim(__class__=<class 'psychopy.visual.text.TextStim'>, alignHoriz=method-wrapper(...), alignText='center', alignVert=method-wrapper(...), anchorHoriz='center', anchorVert='center', antialias=True, autoDraw=False, autoLog=True, bold=False, color=array([1., 1., 1.]), colorSpace='rgb', contrast=1.0, depth=0, draggable=False, flipHoriz=False, flipVert=False, font='Open Sans', fontFiles=[], height=np.float64(0.1), italic=False, languageStyle='LTR', name='distr', opacity=1.0, ori=240, pos=array([0.25231656, 0.41812767]), rgb=UNKNOWN, text='L', units='height', win=Window(...), wrapWidth=1)
124.1157 	EXP 	Created distr = TextStim(__class__=<class 'psychopy.visual.text.TextStim'>, alignHoriz=method-wrapper(...), alignText='center', alignVert=method-wrapper(...), anchorHoriz='center', anchorVert='center', antialias=True, autoDraw=False, autoLog=True, bold=False, color=array([1., 1., 1.]), colorSpace='rgb', contrast=1.0, depth=0, draggable=False, flipHoriz=False, flipVert=False, font='Open Sans', fontFiles=[], height=np.float64(0.1), italic=False, languageStyle='LTR', name='distr', opacity=1.0, ori=190, pos=array([ 0.38382693, -0.20457384]), rgb=UNKNOWN, text='L', units='height', win=Window(...), wrapWidth=1)
124.1170 	EXP 	Created distr = TextStim(__class__=<class 'psychopy.visual.text.TextStim'>, alignHoriz=method-wrapper(...), alignText='center', alignVert=method-wrapper(...), anchorHoriz='center', anchorVert='center', antialias=True, autoDraw=False, autoLog=True, bold=False, color=array([1., 1., 1.]), colorSpace='rgb', contrast=1.0, depth=0, draggable=False, flipHoriz=False, flipVert=False, font='Open Sans', fontFiles=[], height=np.float64(0.1), italic=False, languageStyle='LTR', name='distr', opacity=1.0, ori=340, pos=array([-0.22003333,  0.10267043]), rgb=UNKNOWN, text='L', units='height', win=Window(...), wrapWidth=1)
124.1184 	EXP 	Created distr = TextStim(__class__=<class 'psychopy.visual.text.TextStim'>, alignHoriz=method-wrapper(...), alignText='center', alignVert=method-wrapper(...), anchorHoriz='center', anchorVert='center', antialias=True, autoDraw=False, autoLog=True, bold=False, color=array([1., 1., 1.]), colorSpace='rgb', contrast=1.0, depth=0, draggable=False, flipHoriz=False, flipVert=False, font='Open Sans', fontFiles=[], height=np.float64(0.1), italic=False, languageStyle='LTR', name='distr', opacity=1.0, ori=185, pos=array([-0.05245432, -0.00288249]), rgb=UNKNOWN, text='L', units='height', win=Window(...), wrapWidth=1)
124.1198 	EXP 	Created distr = TextStim(__class__=<class 'psychopy.visual.text.TextStim'>, alignHoriz=method-wrapper(...), alignText='center', alignVert=method-wrapper(...), anchorHoriz='center', anchorVert='center', antialias=True, autoDraw=False, autoLog=True, bold=False, color=array([1., 1., 1.]), colorSpace='rgb', contrast=1.0, depth=0, draggable=False, flipHoriz=False, flipVert=False, font='Open Sans', fontFiles=[], height=np.float64(0.1), italic=False, languageStyle='LTR', name='distr', opacity=1.0, ori=137, pos=array([0.06570708, 0.40831972]), rgb=UNKNOWN, text='L', units='height', win=Window(...), wrapWidth=1)
124.1213 	EXP 	Created distr = TextStim(__class__=<class 'psychopy.visual.text.TextStim'>, alignHoriz=method-wrapper(...), alignText='center', alignVert=method-wrapper(...), anchorHoriz='center', anchorVert='center', antialias=True, autoDraw=False, autoLog=True, bold=False, color=array([1., 1., 1.]), colorSpace='rgb', contrast=1.0, depth=0, draggable=False, flipHoriz=False, flipVert=False, font='Open Sans', fontFiles=[], height=np.float64(0.1), italic=False, languageStyle='LTR', name='distr', opacity=1.0, ori=87, pos=array([0.31072556, 0.03382527]), rgb=UNKNOWN, text='L', units='height', win=Window(...), wrapWidth=1)
124.1227 	EXP 	Created distr = TextStim(__class__=<class 'psychopy.visual.text.TextStim'>, alignHoriz=method-wrapper(...), alignText='center', alignVert=method-wrapper(...), anchorHoriz='center', anchorVert='center', antialias=True, autoDraw=False, autoLog=True, bold=False, color=array([1., 1., 1.]), colorSpace='rgb', contrast=1.0, depth=0, draggable=False, flipHoriz=False, flipVert=False, font='Open Sans', fontFiles=[], height=np.float64(0.1), italic=False, languageStyle='LTR', name='distr', opacity=1.0, ori=237, pos=array([-0.07577119, -0.34014312]), rgb=UNKNOWN, text='L', units='height', win=Window(...), wrapWidth=1)
124.1248 	EXP 	Created distr = TextStim(__class__=<class 'psychopy.visual.text.TextStim'>, alignHoriz=method-wrapper(...), alignText='center', alignVert=method-wrapper(...), anchorHoriz='center', anchorVert='center', antialias=True, autoDraw=False, autoLog=True, bold=False, color=array([1., 1., 1.]), colorSpace='rgb', contrast=1.0, depth=0, draggable=False, flipHoriz=False, flipVert=False, font='Open Sans', fontFiles=[], height=np.float64(0.1), italic=False, languageStyle='LTR', name='distr', opacity=1.0, ori=321, pos=array([0.38818149, 0.35332781]), rgb=UNKNOWN, text='L', units='height', win=Window(...), wrapWidth=1)
124.1265 	EXP 	Created distr = TextStim(__class__=<class 'psychopy.visual.text.TextStim'>, alignHoriz=method-wrapper(...), alignText='center', alignVert=method-wrapper(...), anchorHoriz='center', anchorVert='center', antialias=True, autoDraw=False, autoLog=True, bold=False, color=array([1., 1., 1.]), colorSpace='rgb', contrast=1.0, depth=0, draggable=False, flipHoriz=False, flipVert=False, font='Open Sans', fontFiles=[], height=np.float64(0.1), italic=False, languageStyle='LTR', name='distr', opacity=1.0, ori=270, pos=array([-0.48344693,  0.19486599]), rgb=UNKNOWN, text='L', units='height', win=Window(...), wrapWidth=1)
124.1422 	EXP 	fixation: autoDraw = False
124.1422 	EXP 	fixation: autoDraw = False
124.1422 	EXP 	target: autoDraw = False
124.1422 	EXP 	distr: autoDraw = False
124.1422 	EXP 	distr: autoDraw = False
124.1422 	EXP 	distr: autoDraw = False
124.1422 	EXP 	distr: autoDraw = False
124.1422 	EXP 	distr: autoDraw = False
124.1422 	EXP 	distr: autoDraw = False
124.1422 	EXP 	distr: autoDraw = False
124.1422 	EXP 	distr: autoDraw = False
124.1422 	EXP 	distr: autoDraw = False
124.1422 	EXP 	distr: autoDraw = False
124.1422 	EXP 	distr: autoDraw = True
124.1422 	EXP 	distr: autoDraw = True
124.1422 	EXP 	distr: autoDraw = True
124.1422 	EXP 	distr: autoDraw = True
124.1422 	EXP 	distr: autoDraw = True
124.1422 	EXP 	distr: autoDraw = True
124.1422 	EXP 	distr: autoDraw = True
124.1422 	EXP 	distr: autoDraw = True
124.1422 	EXP 	distr: autoDraw = True
124.1422 	EXP 	distr: autoDraw = True
124.1422 	EXP 	fixation: autoDraw = True
124.1422 	EXP 	target: autoDraw = True
124.3268 	DATA 	Mouse:  Left button up, pos=(447,66)
125.1421 	EXP 	fixation: autoDraw = False
125.5275 	DATA 	Mouse: Left button down, pos=(320,445)
125.5431 	EXP 	New trial (rep=94, index=0): <Trial 94 (0 in rep 94) data={'thisN': 94, 'thisTrialN': 0, 'thisRepN': 94}>
125.5455 	EXP 	Created distr = TextStim(__class__=<class 'psychopy.visual.text.TextStim'>, alignHoriz=method-wrapper(...), alignText='center', alignVert=method-wrapper(...), anchorHoriz='center', anchorVert='center', antialias=True, autoDraw=False, autoLog=True, bold=False, color=array([1., 1., 1.]), colorSpace='rgb', contrast=1.0, depth=0, draggable=False, flipHoriz=False, flipVert=False, font='Open Sans', fontFiles=[], height=np.float64(0.1), italic=False, languageStyle='LTR', name='distr', opacity=1.0, ori=314, pos=array([-0.39250129,  0.13285039]), rgb=UNKNOWN, text='L', units='height', win=Window(...), wrapWidth=1)
125.5471 	EXP 	Created distr = TextStim(__class__=<class 'psychopy.visual.text.TextStim'>, alignHoriz=method-wrapper(...), alignText='center', alignVert=method-wrapper(...), anchorHoriz='center', anchorVert='center', antialias=True, autoDraw=False, autoLog=True, bold=False, color=array([1., 1., 1.]), colorSpace='rgb', contrast=1.0, depth=0, draggable=False, flipHoriz=False, flipVert=False, font='Open Sans', fontFiles=[], height=np.float64(0.1), italic=False, languageStyle='LTR', name='distr', opacity=1.0, ori=240, pos=array([ 0.37528205, -0.26246064]), rgb=UNKNOWN, text='L', units='height', win=Window(...), wrapWidth=1)
125.5484 	EXP 	Created distr = TextStim(__class__=<class 'psychopy.visual.text.TextStim'>, alignHoriz=method-wrapper(...), alignText='center', alignVert=method-wrapper(...), anchorHoriz='center', anchorVert='center', antialias=True, autoDraw=False, autoLog=True, bold=False, color=array([1., 1., 1.]), colorSpace='rgb', contrast=1.0, depth=0, draggable=False, flipHoriz=False, flipVert=False, font='Open Sans', fontFiles=[], height=np.float64(0.1), italic=False, languageStyle='LTR', name='distr', opacity=1.0, ori=297, pos=array([ 0.28719208, -0.22385841]), rgb=UNKNOWN, text='L', units='height', win=Window(...), wrapWidth=1)
125.5499 	EXP 	Created distr = TextStim(__class__=<class 'psychopy.visual.text.TextStim'>, alignHoriz=method-wrapper(...), alignText='center', alignVert=method-wrapper(...), anchorHoriz='center', anchorVert='center', antialias=True, autoDraw=False, autoLog=True, bold=False, color=array([1., 1., 1.]), colorSpace='rgb', contrast=1.0, depth=0, draggable=False, flipHoriz=False, flipVert=False, font='Open Sans', fontFiles=[], height=np.float64(0.1), italic=False, languageStyle='LTR', name='distr', opacity=1.0, ori=91, pos=array([0.31945661, 0.04612359]), rgb=UNKNOWN, text='L', units='height', win=Window(...), wrapWidth=1)
125.5512 	EXP 	Created distr = TextStim(__class__=<class 'psychopy.visual.text.TextStim'>, alignHoriz=method-wrapper(...), alignText='center', alignVert=method-wrapper(...), anchorHoriz='center', anchorVert='center', antialias=True, autoDraw=False, autoLog=True, bold=False, color=array([1., 1., 1.]), colorSpace='rgb', contrast=1.0, depth=0, draggable=False, flipHoriz=False, flipVert=False, font='Open Sans', fontFiles=[], height=np.float64(0.1), italic=False, languageStyle='LTR', name='distr', opacity=1.0, ori=336, pos=array([ 0.06571768, -0.20557181]), rgb=UNKNOWN, text='L', units='height', win=Window(...), wrapWidth=1)
125.5742 	EXP 	fixation: autoDraw = False
125.5742 	EXP 	target: autoDraw = False
125.5742 	EXP 	distr: autoDraw = False
125.5742 	EXP 	distr: autoDraw = False
125.5742 	EXP 	distr: autoDraw = False
125.5742 	EXP 	distr: autoDraw = False
125.5742 	EXP 	distr: autoDraw = False
125.5742 	EXP 	distr: autoDraw = False
125.5742 	EXP 	distr: autoDraw = False
125.5742 	EXP 	distr: autoDraw = False
125.5742 	EXP 	distr: autoDraw = False
125.5742 	EXP 	distr: autoDraw = False
125.5742 	EXP 	distr: autoDraw = True
125.5742 	EXP 	distr: autoDraw = True
125.5742 	EXP 	distr: autoDraw = True
125.5742 	EXP 	distr: autoDraw = True
125.5742 	EXP 	distr: autoDraw = True
125.5742 	EXP 	fixation: autoDraw = True
125.5742 	EXP 	target: autoDraw = True
125.7427 	DATA 	Mouse:  Left button up, pos=(320,445)
126.5585 	DATA 	Mouse: Left button down, pos=(534,501)
126.5594 	EXP 	New trial (rep=95, index=0): <Trial 95 (0 in rep 95) data={'thisN': 95, 'thisTrialN': 0, 'thisRepN': 95}>
126.5619 	EXP 	Created distr = TextStim(__class__=<class 'psychopy.visual.text.TextStim'>, alignHoriz=method-wrapper(...), alignText='center', alignVert=method-wrapper(...), anchorHoriz='center', anchorVert='center', antialias=True, autoDraw=False, autoLog=True, bold=False, color=array([1., 1., 1.]), colorSpace='rgb', contrast=1.0, depth=0, draggable=False, flipHoriz=False, flipVert=False, font='Open Sans', fontFiles=[], height=np.float64(0.1), italic=False, languageStyle='LTR', name='distr', opacity=1.0, ori=159, pos=array([0.41614335, 0.33255026]), rgb=UNKNOWN, text='L', units='height', win=Window(...), wrapWidth=1)
126.5634 	EXP 	Created distr = TextStim(__class__=<class 'psychopy.visual.text.TextStim'>, alignHoriz=method-wrapper(...), alignText='center', alignVert=method-wrapper(...), anchorHoriz='center', anchorVert='center', antialias=True, autoDraw=False, autoLog=True, bold=False, color=array([1., 1., 1.]), colorSpace='rgb', contrast=1.0, depth=0, draggable=False, flipHoriz=False, flipVert=False, font='Open Sans', fontFiles=[], height=np.float64(0.1), italic=False, languageStyle='LTR', name='distr', opacity=1.0, ori=35, pos=array([-0.0245936 , -0.36339845]), rgb=UNKNOWN, text='L', units='height', win=Window(...), wrapWidth=1)
126.5648 	EXP 	Created distr = TextStim(__class__=<class 'psychopy.visual.text.TextStim'>, alignHoriz=method-wrapper(...), alignText='center', alignVert=method-wrapper(...), anchorHoriz='center', anchorVert='center', antialias=True, autoDraw=False, autoLog=True, bold=False, color=array([1., 1., 1.]), colorSpace='rgb', contrast=1.0, depth=0, draggable=False, flipHoriz=False, flipVert=False, font='Open Sans', fontFiles=[], height=np.float64(0.1), italic=False, languageStyle='LTR', name='distr', opacity=1.0, ori=224, pos=array([-0.15613538,  0.38117397]), rgb=UNKNOWN, text='L', units='height', win=Window(...), wrapWidth=1)
126.5662 	EXP 	Created distr = TextStim(__class__=<class 'psychopy.visual.text.TextStim'>, alignHoriz=method-wrapper(...), alignText='center', alignVert=method-wrapper(...), anchorHoriz='center', anchorVert='center', antialias=True, autoDraw=False, autoLog=True, bold=False, color=array([1., 1., 1.]), colorSpace='rgb', contrast=1.0, depth=0, draggable=False, flipHoriz=False, flipVert=False, font='Open Sans', fontFiles=[], height=np.float64(0.1), italic=False, languageStyle='LTR', name='distr', opacity=1.0, ori=349, pos=array([ 0.26604473, -0.26205995]), rgb=UNKNOWN, text='L', units='height', win=Window(...), wrapWidth=1)
126.5678 	EXP 	Created distr = TextStim(__class__=<class 'psychopy.visual.text.TextStim'>, alignHoriz=method-wrapper(...), alignText='center', alignVert=method-wrapper(...), anchorHoriz='center', anchorVert='center', antialias=True, autoDraw=False, autoLog=True, bold=False, color=array([1., 1., 1.]), colorSpace='rgb', contrast=1.0, depth=0, draggable=False, flipHoriz=False, flipVert=False, font='Open Sans', fontFiles=[], height=np.float64(0.1), italic=False, languageStyle='LTR', name='distr', opacity=1.0, ori=194, pos=array([-0.46270921,  0.39750127]), rgb=UNKNOWN, text='L', units='height', win=Window(...), wrapWidth=1)
126.5902 	EXP 	fixation: autoDraw = False
126.5902 	EXP 	fixation: autoDraw = False
126.5902 	EXP 	target: autoDraw = False
126.5902 	EXP 	distr: autoDraw = False
126.5902 	EXP 	distr: autoDraw = False
126.5902 	EXP 	distr: autoDraw = False
126.5902 	EXP 	distr: autoDraw = False
126.5902 	EXP 	distr: autoDraw = False
126.5902 	EXP 	distr: autoDraw = True
126.5902 	EXP 	distr: autoDraw = True
126.5902 	EXP 	distr: autoDraw = True
126.5902 	EXP 	distr: autoDraw = True
126.5902 	EXP 	distr: autoDraw = True
126.5902 	EXP 	fixation: autoDraw = True
126.5902 	EXP 	target: autoDraw = True
126.7763 	DATA 	Mouse:  Left button up, pos=(534,501)
127.4743 	DATA 	Mouse: Left button down, pos=(455,497)
127.4750 	EXP 	New trial (rep=96, index=0): <Trial 96 (0 in rep 96) data={'thisN': 96, 'thisTrialN': 0, 'thisRepN': 96}>
127.4772 	EXP 	Created distr = TextStim(__class__=<class 'psychopy.visual.text.TextStim'>, alignHoriz=method-wrapper(...), alignText='center', alignVert=method-wrapper(...), anchorHoriz='center', anchorVert='center', antialias=True, autoDraw=False, autoLog=True, bold=False, color=array([1., 1., 1.]), colorSpace='rgb', contrast=1.0, depth=0, draggable=False, flipHoriz=False, flipVert=False, font='Open Sans', fontFiles=[], height=np.float64(0.1), italic=False, languageStyle='LTR', name='distr', opacity=1.0, ori=212, pos=array([ 0.34399905, -0.37360553]), rgb=UNKNOWN, text='L', units='height', win=Window(...), wrapWidth=1)
127.4786 	EXP 	Created distr = TextStim(__class__=<class 'psychopy.visual.text.TextStim'>, alignHoriz=method-wrapper(...), alignText='center', alignVert=method-wrapper(...), anchorHoriz='center', anchorVert='center', antialias=True, autoDraw=False, autoLog=True, bold=False, color=array([1., 1., 1.]), colorSpace='rgb', contrast=1.0, depth=0, draggable=False, flipHoriz=False, flipVert=False, font='Open Sans', fontFiles=[], height=np.float64(0.1), italic=False, languageStyle='LTR', name='distr', opacity=1.0, ori=182, pos=array([ 0.20438599, -0.20696209]), rgb=UNKNOWN, text='L', units='height', win=Window(...), wrapWidth=1)
127.4800 	EXP 	Created distr = TextStim(__class__=<class 'psychopy.visual.text.TextStim'>, alignHoriz=method-wrapper(...), alignText='center', alignVert=method-wrapper(...), anchorHoriz='center', anchorVert='center', antialias=True, autoDraw=False, autoLog=True, bold=False, color=array([1., 1., 1.]), colorSpace='rgb', contrast=1.0, depth=0, draggable=False, flipHoriz=False, flipVert=False, font='Open Sans', fontFiles=[], height=np.float64(0.1), italic=False, languageStyle='LTR', name='distr', opacity=1.0, ori=278, pos=array([ 0.47620314, -0.09635313]), rgb=UNKNOWN, text='L', units='height', win=Window(...), wrapWidth=1)
127.4813 	EXP 	Created distr = TextStim(__class__=<class 'psychopy.visual.text.TextStim'>, alignHoriz=method-wrapper(...), alignText='center', alignVert=method-wrapper(...), anchorHoriz='center', anchorVert='center', antialias=True, autoDraw=False, autoLog=True, bold=False, color=array([1., 1., 1.]), colorSpace='rgb', contrast=1.0, depth=0, draggable=False, flipHoriz=False, flipVert=False, font='Open Sans', fontFiles=[], height=np.float64(0.1), italic=False, languageStyle='LTR', name='distr', opacity=1.0, ori=16, pos=array([-0.10829041,  0.03683982]), rgb=UNKNOWN, text='L', units='height', win=Window(...), wrapWidth=1)
127.4827 	EXP 	Created distr = TextStim(__class__=<class 'psychopy.visual.text.TextStim'>, alignHoriz=method-wrapper(...), alignText='center', alignVert=method-wrapper(...), anchorHoriz='center', anchorVert='center', antialias=True, autoDraw=False, autoLog=True, bold=False, color=array([1., 1., 1.]), colorSpace='rgb', contrast=1.0, depth=0, draggable=False, flipHoriz=False, flipVert=False, font='Open Sans', fontFiles=[], height=np.float64(0.1), italic=False, languageStyle='LTR', name='distr', opacity=1.0, ori=92, pos=array([ 0.28931097, -0.01327588]), rgb=UNKNOWN, text='L', units='height', win=Window(...), wrapWidth=1)
127.5562 	EXP 	fixation: autoDraw = False
127.5562 	EXP 	target: autoDraw = False
127.5562 	EXP 	distr: autoDraw = False
127.5562 	EXP 	distr: autoDraw = False
127.5562 	EXP 	distr: autoDraw = False
127.5562 	EXP 	distr: autoDraw = False
127.5562 	EXP 	distr: autoDraw = False
127.5562 	EXP 	distr: autoDraw = True
127.5562 	EXP 	distr: autoDraw = True
127.5562 	EXP 	distr: autoDraw = True
127.5562 	EXP 	distr: autoDraw = True
127.5562 	EXP 	distr: autoDraw = True
127.5562 	EXP 	fixation: autoDraw = True
127.5562 	EXP 	target: autoDraw = True
127.6908 	DATA 	Mouse:  Left button up, pos=(455,497)
128.5560 	EXP 	fixation: autoDraw = False
128.7734 	DATA 	Mouse: Left button down, pos=(703,288)
128.7742 	EXP 	New trial (rep=97, index=0): <Trial 97 (0 in rep 97) data={'thisN': 97, 'thisTrialN': 0, 'thisRepN': 97}>
128.7767 	EXP 	Created distr = TextStim(__class__=<class 'psychopy.visual.text.TextStim'>, alignHoriz=method-wrapper(...), alignText='center', alignVert=method-wrapper(...), anchorHoriz='center', anchorVert='center', antialias=True, autoDraw=False, autoLog=True, bold=False, color=array([1., 1., 1.]), colorSpace='rgb', contrast=1.0, depth=0, draggable=False, flipHoriz=False, flipVert=False, font='Open Sans', fontFiles=[], height=np.float64(0.1), italic=False, languageStyle='LTR', name='distr', opacity=1.0, ori=36, pos=array([-0.15342173,  0.19941436]), rgb=UNKNOWN, text='L', units='height', win=Window(...), wrapWidth=1)
128.7784 	EXP 	Created distr = TextStim(__class__=<class 'psychopy.visual.text.TextStim'>, alignHoriz=method-wrapper(...), alignText='center', alignVert=method-wrapper(...), anchorHoriz='center', anchorVert='center', antialias=True, autoDraw=False, autoLog=True, bold=False, color=array([1., 1., 1.]), colorSpace='rgb', contrast=1.0, depth=0, draggable=False, flipHoriz=False, flipVert=False, font='Open Sans', fontFiles=[], height=np.float64(0.1), italic=False, languageStyle='LTR', name='distr', opacity=1.0, ori=31, pos=array([-0.36919266, -0.43396776]), rgb=UNKNOWN, text='L', units='height', win=Window(...), wrapWidth=1)
128.7799 	EXP 	Created distr = TextStim(__class__=<class 'psychopy.visual.text.TextStim'>, alignHoriz=method-wrapper(...), alignText='center', alignVert=method-wrapper(...), anchorHoriz='center', anchorVert='center', antialias=True, autoDraw=False, autoLog=True, bold=False, color=array([1., 1., 1.]), colorSpace='rgb', contrast=1.0, depth=0, draggable=False, flipHoriz=False, flipVert=False, font='Open Sans', fontFiles=[], height=np.float64(0.1), italic=False, languageStyle='LTR', name='distr', opacity=1.0, ori=134, pos=array([-0.085626  , -0.05446926]), rgb=UNKNOWN, text='L', units='height', win=Window(...), wrapWidth=1)
128.7812 	EXP 	Created distr = TextStim(__class__=<class 'psychopy.visual.text.TextStim'>, alignHoriz=method-wrapper(...), alignText='center', alignVert=method-wrapper(...), anchorHoriz='center', anchorVert='center', antialias=True, autoDraw=False, autoLog=True, bold=False, color=array([1., 1., 1.]), colorSpace='rgb', contrast=1.0, depth=0, draggable=False, flipHoriz=False, flipVert=False, font='Open Sans', fontFiles=[], height=np.float64(0.1), italic=False, languageStyle='LTR', name='distr', opacity=1.0, ori=215, pos=array([0.08213081, 0.02253418]), rgb=UNKNOWN, text='L', units='height', win=Window(...), wrapWidth=1)
128.7827 	EXP 	Created distr = TextStim(__class__=<class 'psychopy.visual.text.TextStim'>, alignHoriz=method-wrapper(...), alignText='center', alignVert=method-wrapper(...), anchorHoriz='center', anchorVert='center', antialias=True, autoDraw=False, autoLog=True, bold=False, color=array([1., 1., 1.]), colorSpace='rgb', contrast=1.0, depth=0, draggable=False, flipHoriz=False, flipVert=False, font='Open Sans', fontFiles=[], height=np.float64(0.1), italic=False, languageStyle='LTR', name='distr', opacity=1.0, ori=129, pos=array([-0.47267886,  0.14882315]), rgb=UNKNOWN, text='L', units='height', win=Window(...), wrapWidth=1)
128.7840 	EXP 	Created distr = TextStim(__class__=<class 'psychopy.visual.text.TextStim'>, alignHoriz=method-wrapper(...), alignText='center', alignVert=method-wrapper(...), anchorHoriz='center', anchorVert='center', antialias=True, autoDraw=False, autoLog=True, bold=False, color=array([1., 1., 1.]), colorSpace='rgb', contrast=1.0, depth=0, draggable=False, flipHoriz=False, flipVert=False, font='Open Sans', fontFiles=[], height=np.float64(0.1), italic=False, languageStyle='LTR', name='distr', opacity=1.0, ori=212, pos=array([-0.40929339, -0.29567404]), rgb=UNKNOWN, text='L', units='height', win=Window(...), wrapWidth=1)
128.7854 	EXP 	Created distr = TextStim(__class__=<class 'psychopy.visual.text.TextStim'>, alignHoriz=method-wrapper(...), alignText='center', alignVert=method-wrapper(...), anchorHoriz='center', anchorVert='center', antialias=True, autoDraw=False, autoLog=True, bold=False, color=array([1., 1., 1.]), colorSpace='rgb', contrast=1.0, depth=0, draggable=False, flipHoriz=False, flipVert=False, font='Open Sans', fontFiles=[], height=np.float64(0.1), italic=False, languageStyle='LTR', name='distr', opacity=1.0, ori=208, pos=array([-0.38612009, -0.47226802]), rgb=UNKNOWN, text='L', units='height', win=Window(...), wrapWidth=1)
128.7872 	EXP 	Created distr = TextStim(__class__=<class 'psychopy.visual.text.TextStim'>, alignHoriz=method-wrapper(...), alignText='center', alignVert=method-wrapper(...), anchorHoriz='center', anchorVert='center', antialias=True, autoDraw=False, autoLog=True, bold=False, color=array([1., 1., 1.]), colorSpace='rgb', contrast=1.0, depth=0, draggable=False, flipHoriz=False, flipVert=False, font='Open Sans', fontFiles=[], height=np.float64(0.1), italic=False, languageStyle='LTR', name='distr', opacity=1.0, ori=359, pos=array([0.45861574, 0.32857062]), rgb=UNKNOWN, text='L', units='height', win=Window(...), wrapWidth=1)
128.7890 	EXP 	Created distr = TextStim(__class__=<class 'psychopy.visual.text.TextStim'>, alignHoriz=method-wrapper(...), alignText='center', alignVert=method-wrapper(...), anchorHoriz='center', anchorVert='center', antialias=True, autoDraw=False, autoLog=True, bold=False, color=array([1., 1., 1.]), colorSpace='rgb', contrast=1.0, depth=0, draggable=False, flipHoriz=False, flipVert=False, font='Open Sans', fontFiles=[], height=np.float64(0.1), italic=False, languageStyle='LTR', name='distr', opacity=1.0, ori=306, pos=array([ 0.00225875, -0.43500433]), rgb=UNKNOWN, text='L', units='height', win=Window(...), wrapWidth=1)
128.7905 	EXP 	Created distr = TextStim(__class__=<class 'psychopy.visual.text.TextStim'>, alignHoriz=method-wrapper(...), alignText='center', alignVert=method-wrapper(...), anchorHoriz='center', anchorVert='center', antialias=True, autoDraw=False, autoLog=True, bold=False, color=array([1., 1., 1.]), colorSpace='rgb', contrast=1.0, depth=0, draggable=False, flipHoriz=False, flipVert=False, font='Open Sans', fontFiles=[], height=np.float64(0.1), italic=False, languageStyle='LTR', name='distr', opacity=1.0, ori=99, pos=array([0.07665214, 0.29440827]), rgb=UNKNOWN, text='L', units='height', win=Window(...), wrapWidth=1)
128.8050 	EXP 	fixation: autoDraw = False
128.8050 	EXP 	target: autoDraw = False
128.8050 	EXP 	distr: autoDraw = False
128.8050 	EXP 	distr: autoDraw = False
128.8050 	EXP 	distr: autoDraw = False
128.8050 	EXP 	distr: autoDraw = False
128.8050 	EXP 	distr: autoDraw = False
128.8050 	EXP 	distr: autoDraw = True
128.8050 	EXP 	distr: autoDraw = True
128.8050 	EXP 	distr: autoDraw = True
128.8050 	EXP 	distr: autoDraw = True
128.8050 	EXP 	distr: autoDraw = True
128.8050 	EXP 	distr: autoDraw = True
128.8050 	EXP 	distr: autoDraw = True
128.8050 	EXP 	distr: autoDraw = True
128.8050 	EXP 	distr: autoDraw = True
128.8050 	EXP 	distr: autoDraw = True
128.8050 	EXP 	fixation: autoDraw = True
128.8050 	EXP 	target: autoDraw = True
128.9899 	DATA 	Mouse:  Left button up, pos=(703,288)
129.8048 	EXP 	fixation: autoDraw = False
129.8057 	DATA 	Mouse: Left button down, pos=(449,208)
129.8064 	EXP 	New trial (rep=98, index=0): <Trial 98 (0 in rep 98) data={'thisN': 98, 'thisTrialN': 0, 'thisRepN': 98}>
129.8088 	EXP 	Created distr = TextStim(__class__=<class 'psychopy.visual.text.TextStim'>, alignHoriz=method-wrapper(...), alignText='center', alignVert=method-wrapper(...), anchorHoriz='center', anchorVert='center', antialias=True, autoDraw=False, autoLog=True, bold=False, color=array([1., 1., 1.]), colorSpace='rgb', contrast=1.0, depth=0, draggable=False, flipHoriz=False, flipVert=False, font='Open Sans', fontFiles=[], height=np.float64(0.1), italic=False, languageStyle='LTR', name='distr', opacity=1.0, ori=103, pos=array([-0.06627422, -0.10065866]), rgb=UNKNOWN, text='L', units='height', win=Window(...), wrapWidth=1)
129.8104 	EXP 	Created distr = TextStim(__class__=<class 'psychopy.visual.text.TextStim'>, alignHoriz=method-wrapper(...), alignText='center', alignVert=method-wrapper(...), anchorHoriz='center', anchorVert='center', antialias=True, autoDraw=False, autoLog=True, bold=False, color=array([1., 1., 1.]), colorSpace='rgb', contrast=1.0, depth=0, draggable=False, flipHoriz=False, flipVert=False, font='Open Sans', fontFiles=[], height=np.float64(0.1), italic=False, languageStyle='LTR', name='distr', opacity=1.0, ori=181, pos=array([0.19328807, 0.06367617]), rgb=UNKNOWN, text='L', units='height', win=Window(...), wrapWidth=1)
129.8119 	EXP 	Created distr = TextStim(__class__=<class 'psychopy.visual.text.TextStim'>, alignHoriz=method-wrapper(...), alignText='center', alignVert=method-wrapper(...), anchorHoriz='center', anchorVert='center', antialias=True, autoDraw=False, autoLog=True, bold=False, color=array([1., 1., 1.]), colorSpace='rgb', contrast=1.0, depth=0, draggable=False, flipHoriz=False, flipVert=False, font='Open Sans', fontFiles=[], height=np.float64(0.1), italic=False, languageStyle='LTR', name='distr', opacity=1.0, ori=90, pos=array([ 0.35246976, -0.25620081]), rgb=UNKNOWN, text='L', units='height', win=Window(...), wrapWidth=1)
129.8133 	EXP 	Created distr = TextStim(__class__=<class 'psychopy.visual.text.TextStim'>, alignHoriz=method-wrapper(...), alignText='center', alignVert=method-wrapper(...), anchorHoriz='center', anchorVert='center', antialias=True, autoDraw=False, autoLog=True, bold=False, color=array([1., 1., 1.]), colorSpace='rgb', contrast=1.0, depth=0, draggable=False, flipHoriz=False, flipVert=False, font='Open Sans', fontFiles=[], height=np.float64(0.1), italic=False, languageStyle='LTR', name='distr', opacity=1.0, ori=327, pos=array([-0.04985588,  0.40506498]), rgb=UNKNOWN, text='L', units='height', win=Window(...), wrapWidth=1)
129.8146 	EXP 	Created distr = TextStim(__class__=<class 'psychopy.visual.text.TextStim'>, alignHoriz=method-wrapper(...), alignText='center', alignVert=method-wrapper(...), anchorHoriz='center', anchorVert='center', antialias=True, autoDraw=False, autoLog=True, bold=False, color=array([1., 1., 1.]), colorSpace='rgb', contrast=1.0, depth=0, draggable=False, flipHoriz=False, flipVert=False, font='Open Sans', fontFiles=[], height=np.float64(0.1), italic=False, languageStyle='LTR', name='distr', opacity=1.0, ori=262, pos=array([ 0.42930433, -0.02873724]), rgb=UNKNOWN, text='L', units='height', win=Window(...), wrapWidth=1)
129.8160 	EXP 	Created distr = TextStim(__class__=<class 'psychopy.visual.text.TextStim'>, alignHoriz=method-wrapper(...), alignText='center', alignVert=method-wrapper(...), anchorHoriz='center', anchorVert='center', antialias=True, autoDraw=False, autoLog=True, bold=False, color=array([1., 1., 1.]), colorSpace='rgb', contrast=1.0, depth=0, draggable=False, flipHoriz=False, flipVert=False, font='Open Sans', fontFiles=[], height=np.float64(0.1), italic=False, languageStyle='LTR', name='distr', opacity=1.0, ori=88, pos=array([ 0.46726944, -0.30245496]), rgb=UNKNOWN, text='L', units='height', win=Window(...), wrapWidth=1)
129.8174 	EXP 	Created distr = TextStim(__class__=<class 'psychopy.visual.text.TextStim'>, alignHoriz=method-wrapper(...), alignText='center', alignVert=method-wrapper(...), anchorHoriz='center', anchorVert='center', antialias=True, autoDraw=False, autoLog=True, bold=False, color=array([1., 1., 1.]), colorSpace='rgb', contrast=1.0, depth=0, draggable=False, flipHoriz=False, flipVert=False, font='Open Sans', fontFiles=[], height=np.float64(0.1), italic=False, languageStyle='LTR', name='distr', opacity=1.0, ori=147, pos=array([-0.45610323, -0.48212815]), rgb=UNKNOWN, text='L', units='height', win=Window(...), wrapWidth=1)
129.8190 	EXP 	Created distr = TextStim(__class__=<class 'psychopy.visual.text.TextStim'>, alignHoriz=method-wrapper(...), alignText='center', alignVert=method-wrapper(...), anchorHoriz='center', anchorVert='center', antialias=True, autoDraw=False, autoLog=True, bold=False, color=array([1., 1., 1.]), colorSpace='rgb', contrast=1.0, depth=0, draggable=False, flipHoriz=False, flipVert=False, font='Open Sans', fontFiles=[], height=np.float64(0.1), italic=False, languageStyle='LTR', name='distr', opacity=1.0, ori=266, pos=array([0.11021575, 0.40161152]), rgb=UNKNOWN, text='L', units='height', win=Window(...), wrapWidth=1)
129.8210 	EXP 	Created distr = TextStim(__class__=<class 'psychopy.visual.text.TextStim'>, alignHoriz=method-wrapper(...), alignText='center', alignVert=method-wrapper(...), anchorHoriz='center', anchorVert='center', antialias=True, autoDraw=False, autoLog=True, bold=False, color=array([1., 1., 1.]), colorSpace='rgb', contrast=1.0, depth=0, draggable=False, flipHoriz=False, flipVert=False, font='Open Sans', fontFiles=[], height=np.float64(0.1), italic=False, languageStyle='LTR', name='distr', opacity=1.0, ori=4, pos=array([-0.43991461, -0.31088481]), rgb=UNKNOWN, text='L', units='height', win=Window(...), wrapWidth=1)
129.8225 	EXP 	Created distr = TextStim(__class__=<class 'psychopy.visual.text.TextStim'>, alignHoriz=method-wrapper(...), alignText='center', alignVert=method-wrapper(...), anchorHoriz='center', anchorVert='center', antialias=True, autoDraw=False, autoLog=True, bold=False, color=array([1., 1., 1.]), colorSpace='rgb', contrast=1.0, depth=0, draggable=False, flipHoriz=False, flipVert=False, font='Open Sans', fontFiles=[], height=np.float64(0.1), italic=False, languageStyle='LTR', name='distr', opacity=1.0, ori=186, pos=array([0.25372375, 0.35633638]), rgb=UNKNOWN, text='L', units='height', win=Window(...), wrapWidth=1)
129.8375 	EXP 	fixation: autoDraw = False
129.8375 	EXP 	target: autoDraw = False
129.8375 	EXP 	distr: autoDraw = False
129.8375 	EXP 	distr: autoDraw = False
129.8375 	EXP 	distr: autoDraw = False
129.8375 	EXP 	distr: autoDraw = False
129.8375 	EXP 	distr: autoDraw = False
129.8375 	EXP 	distr: autoDraw = False
129.8375 	EXP 	distr: autoDraw = False
129.8375 	EXP 	distr: autoDraw = False
129.8375 	EXP 	distr: autoDraw = False
129.8375 	EXP 	distr: autoDraw = False
129.8375 	EXP 	distr: autoDraw = True
129.8375 	EXP 	distr: autoDraw = True
129.8375 	EXP 	distr: autoDraw = True
129.8375 	EXP 	distr: autoDraw = True
129.8375 	EXP 	distr: autoDraw = True
129.8375 	EXP 	distr: autoDraw = True
129.8375 	EXP 	distr: autoDraw = True
129.8375 	EXP 	distr: autoDraw = True
129.8375 	EXP 	distr: autoDraw = True
129.8375 	EXP 	distr: autoDraw = True
129.8375 	EXP 	fixation: autoDraw = True
129.8375 	EXP 	target: autoDraw = True
130.0389 	DATA 	Mouse:  Left button up, pos=(449,208)
130.8047 	DATA 	Mouse: Left button down, pos=(626,263)
130.8054 	EXP 	New trial (rep=99, index=0): <Trial 99 (0 in rep 99) data={'thisN': 99, 'thisTrialN': 0, 'thisRepN': 99}>
130.8074 	EXP 	Created distr = TextStim(__class__=<class 'psychopy.visual.text.TextStim'>, alignHoriz=method-wrapper(...), alignText='center', alignVert=method-wrapper(...), anchorHoriz='center', anchorVert='center', antialias=True, autoDraw=False, autoLog=True, bold=False, color=array([1., 1., 1.]), colorSpace='rgb', contrast=1.0, depth=0, draggable=False, flipHoriz=False, flipVert=False, font='Open Sans', fontFiles=[], height=np.float64(0.1), italic=False, languageStyle='LTR', name='distr', opacity=1.0, ori=210, pos=array([ 0.16796515, -0.49855363]), rgb=UNKNOWN, text='L', units='height', win=Window(...), wrapWidth=1)
130.8089 	EXP 	Created distr = TextStim(__class__=<class 'psychopy.visual.text.TextStim'>, alignHoriz=method-wrapper(...), alignText='center', alignVert=method-wrapper(...), anchorHoriz='center', anchorVert='center', antialias=True, autoDraw=False, autoLog=True, bold=False, color=array([1., 1., 1.]), colorSpace='rgb', contrast=1.0, depth=0, draggable=False, flipHoriz=False, flipVert=False, font='Open Sans', fontFiles=[], height=np.float64(0.1), italic=False, languageStyle='LTR', name='distr', opacity=1.0, ori=93, pos=array([-0.0460425, -0.3652131]), rgb=UNKNOWN, text='L', units='height', win=Window(...), wrapWidth=1)
130.8104 	EXP 	Created distr = TextStim(__class__=<class 'psychopy.visual.text.TextStim'>, alignHoriz=method-wrapper(...), alignText='center', alignVert=method-wrapper(...), anchorHoriz='center', anchorVert='center', antialias=True, autoDraw=False, autoLog=True, bold=False, color=array([1., 1., 1.]), colorSpace='rgb', contrast=1.0, depth=0, draggable=False, flipHoriz=False, flipVert=False, font='Open Sans', fontFiles=[], height=np.float64(0.1), italic=False, languageStyle='LTR', name='distr', opacity=1.0, ori=302, pos=array([ 0.47419515, -0.31952693]), rgb=UNKNOWN, text='L', units='height', win=Window(...), wrapWidth=1)
130.8118 	EXP 	Created distr = TextStim(__class__=<class 'psychopy.visual.text.TextStim'>, alignHoriz=method-wrapper(...), alignText='center', alignVert=method-wrapper(...), anchorHoriz='center', anchorVert='center', antialias=True, autoDraw=False, autoLog=True, bold=False, color=array([1., 1., 1.]), colorSpace='rgb', contrast=1.0, depth=0, draggable=False, flipHoriz=False, flipVert=False, font='Open Sans', fontFiles=[], height=np.float64(0.1), italic=False, languageStyle='LTR', name='distr', opacity=1.0, ori=68, pos=array([0.18862152, 0.27687508]), rgb=UNKNOWN, text='L', units='height', win=Window(...), wrapWidth=1)
130.8131 	EXP 	Created distr = TextStim(__class__=<class 'psychopy.visual.text.TextStim'>, alignHoriz=method-wrapper(...), alignText='center', alignVert=method-wrapper(...), anchorHoriz='center', anchorVert='center', antialias=True, autoDraw=False, autoLog=True, bold=False, color=array([1., 1., 1.]), colorSpace='rgb', contrast=1.0, depth=0, draggable=False, flipHoriz=False, flipVert=False, font='Open Sans', fontFiles=[], height=np.float64(0.1), italic=False, languageStyle='LTR', name='distr', opacity=1.0, ori=148, pos=array([ 0.28436045, -0.20737347]), rgb=UNKNOWN, text='L', units='height', win=Window(...), wrapWidth=1)
130.8146 	EXP 	Created distr = TextStim(__class__=<class 'psychopy.visual.text.TextStim'>, alignHoriz=method-wrapper(...), alignText='center', alignVert=method-wrapper(...), anchorHoriz='center', anchorVert='center', antialias=True, autoDraw=False, autoLog=True, bold=False, color=array([1., 1., 1.]), colorSpace='rgb', contrast=1.0, depth=0, draggable=False, flipHoriz=False, flipVert=False, font='Open Sans', fontFiles=[], height=np.float64(0.1), italic=False, languageStyle='LTR', name='distr', opacity=1.0, ori=243, pos=array([-0.21310034, -0.1607073 ]), rgb=UNKNOWN, text='L', units='height', win=Window(...), wrapWidth=1)
130.8159 	EXP 	Created distr = TextStim(__class__=<class 'psychopy.visual.text.TextStim'>, alignHoriz=method-wrapper(...), alignText='center', alignVert=method-wrapper(...), anchorHoriz='center', anchorVert='center', antialias=True, autoDraw=False, autoLog=True, bold=False, color=array([1., 1., 1.]), colorSpace='rgb', contrast=1.0, depth=0, draggable=False, flipHoriz=False, flipVert=False, font='Open Sans', fontFiles=[], height=np.float64(0.1), italic=False, languageStyle='LTR', name='distr', opacity=1.0, ori=124, pos=array([ 0.43068765, -0.03165306]), rgb=UNKNOWN, text='L', units='height', win=Window(...), wrapWidth=1)
130.8172 	EXP 	Created distr = TextStim(__class__=<class 'psychopy.visual.text.TextStim'>, alignHoriz=method-wrapper(...), alignText='center', alignVert=method-wrapper(...), anchorHoriz='center', anchorVert='center', antialias=True, autoDraw=False, autoLog=True, bold=False, color=array([1., 1., 1.]), colorSpace='rgb', contrast=1.0, depth=0, draggable=False, flipHoriz=False, flipVert=False, font='Open Sans', fontFiles=[], height=np.float64(0.1), italic=False, languageStyle='LTR', name='distr', opacity=1.0, ori=166, pos=array([ 0.36255035, -0.10041401]), rgb=UNKNOWN, text='L', units='height', win=Window(...), wrapWidth=1)
130.8193 	EXP 	Created distr = TextStim(__class__=<class 'psychopy.visual.text.TextStim'>, alignHoriz=method-wrapper(...), alignText='center', alignVert=method-wrapper(...), anchorHoriz='center', anchorVert='center', antialias=True, autoDraw=False, autoLog=True, bold=False, color=array([1., 1., 1.]), colorSpace='rgb', contrast=1.0, depth=0, draggable=False, flipHoriz=False, flipVert=False, font='Open Sans', fontFiles=[], height=np.float64(0.1), italic=False, languageStyle='LTR', name='distr', opacity=1.0, ori=226, pos=array([ 0.42086308, -0.07198165]), rgb=UNKNOWN, text='L', units='height', win=Window(...), wrapWidth=1)
130.8209 	EXP 	Created distr = TextStim(__class__=<class 'psychopy.visual.text.TextStim'>, alignHoriz=method-wrapper(...), alignText='center', alignVert=method-wrapper(...), anchorHoriz='center', anchorVert='center', antialias=True, autoDraw=False, autoLog=True, bold=False, color=array([1., 1., 1.]), colorSpace='rgb', contrast=1.0, depth=0, draggable=False, flipHoriz=False, flipVert=False, font='Open Sans', fontFiles=[], height=np.float64(0.1), italic=False, languageStyle='LTR', name='distr', opacity=1.0, ori=109, pos=array([ 0.27826197, -0.33882135]), rgb=UNKNOWN, text='L', units='height', win=Window(...), wrapWidth=1)
130.8366 	EXP 	fixation: autoDraw = False
130.8366 	EXP 	target: autoDraw = False
130.8366 	EXP 	distr: autoDraw = False
130.8366 	EXP 	distr: autoDraw = False
130.8366 	EXP 	distr: autoDraw = False
130.8366 	EXP 	distr: autoDraw = False
130.8366 	EXP 	distr: autoDraw = False
130.8366 	EXP 	distr: autoDraw = False
130.8366 	EXP 	distr: autoDraw = False
130.8366 	EXP 	distr: autoDraw = False
130.8366 	EXP 	distr: autoDraw = False
130.8366 	EXP 	distr: autoDraw = False
130.8366 	EXP 	distr: autoDraw = True
130.8366 	EXP 	distr: autoDraw = True
130.8366 	EXP 	distr: autoDraw = True
130.8366 	EXP 	distr: autoDraw = True
130.8366 	EXP 	distr: autoDraw = True
130.8366 	EXP 	distr: autoDraw = True
130.8366 	EXP 	distr: autoDraw = True
130.8366 	EXP 	distr: autoDraw = True
130.8366 	EXP 	distr: autoDraw = True
130.8366 	EXP 	distr: autoDraw = True
130.8366 	EXP 	fixation: autoDraw = True
130.8366 	EXP 	target: autoDraw = True
131.0383 	DATA 	Mouse:  Left button up, pos=(626,263)
131.8372 	EXP 	fixation: autoDraw = False
132.2532 	DATA 	Mouse: Left button down, pos=(607,619)
132.2694 	EXP 	fixation: autoDraw = False
132.2694 	EXP 	target: autoDraw = False
132.2694 	EXP 	distr: autoDraw = False
132.2694 	EXP 	distr: autoDraw = False
132.2694 	EXP 	distr: autoDraw = False
132.2694 	EXP 	distr: autoDraw = False
132.2694 	EXP 	distr: autoDraw = False
132.2694 	EXP 	distr: autoDraw = False
132.2694 	EXP 	distr: autoDraw = False
132.2694 	EXP 	distr: autoDraw = False
132.2694 	EXP 	distr: autoDraw = False
132.2694 	EXP 	distr: autoDraw = False
132.2696 	EXP 	untitled: status = STOPPED
132.3010 	INFO 	saved data to 'C:\\Users\\DELL\\Desktop\\Visual exp\\data\\005_untitled_2025-11-03_22h28.17.335.csv'
132.3036 	INFO 	saved data to C:\Users\DELL\Desktop\Visual exp\data\005_untitled_2025-11-03_22h28.17.335.psydat
132.5692 	WARNING 	Stopping key buffers but this could be dangerous ifother keyboards rely on the same.
