4.6400 	INFO 	Loaded monitor calibration from ['2025_08_19 09:48']
4.7859 	INFO 	Using renderer 'Intel(R) UHD Graphics' for graphics
4.7859 	INFO 	OpenGL version supported by driver is 4..
4.8177 	EXP 	Created window1 = Window(allowGUI=True, allowStencil=True, autoLog=True, backendConf=UNKNOWN, backgroundFit=<method-wrapper '__getattribute__' of attributeSetter object at 0x000001A1DD97D660>, backgroundImage=<method-wrapper '__getattribute__' of attributeSetter object at 0x000001A1DD97D6C0>, bitsMode=UNKNOWN, blendMode='avg', bpc=(8, 8, 8), color=array([0, 0, 0]), colorSpace='rgb', depthBits=8, fullscr=False, gamma=None, gammaErrorPolicy='raise', infoMsg=UNKNOWN, lms=UNKNOWN, monitor=<psychopy.monitors.calibTools.Monitor object at 0x000001A1E4FCE2C0>, multiSample=False, name='window1', numSamples=2, pos=[np.float64(320.0), np.float64(180.0)], screen=0, size=array([1280,  720]), stencilBits=8, stereo=False, title='PsychoPy', units='height', useFBO=True, useRetina=False, viewOri=0.0, viewPos=None, viewScale=None, waitBlanking=True, winType='pyglet')
4.8177 	EXP 	window1: backgroundImage = ''
4.8178 	EXP 	window1: backgroundFit = 'none'
5.1367 	EXP 	window1: Attempting to measure frame rate of screen (0) ...
5.1367 	EXP 	window1: recordFrameIntervals = False
5.3124 	EXP 	window1: recordFrameIntervals = True
5.4956 	EXP 	Screen (0) actual frame rate measured at 59.80Hz
5.4956 	EXP 	window1: recordFrameIntervals = False
5.7425 	INFO 	keyboard.Keyboard is using ptb backend.
5.7426 	INFO 	keyboard.Keyboard is using ptb backend.
5.7880 	WARNING 	No default speaker specified in Preferences / Hardware, using first speaker found: Speakers (Realtek(R) Audio)
5.9051 	INFO 	Created stream for speaker device: Speakers (Realtek(R) Audio) (4.0)
5.9066 	EXP 	untitled: status = STARTED
5.9126 	EXP 	Created polygon = ShapeStim(__class__=<class 'psychopy.visual.shape.ShapeStim'>, anchor=('center', 'center'), autoDraw=False, autoLog=True, closeShape=True, color=method-wrapper(...), colorSpace='rgb', contrast=None, depth=0.0, draggable=False, fillColor=array([1, 1, 1]), fillColorSpace='rgb', fillRGB=array([1, 1, 1]), interpolate=True, lineColor=array([1., 1., 1.]), lineColorSpace='rgb', lineRGB=array([1, 1, 1]), lineWidth=1.0, name='polygon', opacity=1, ori=0.0, pos=array([0., 0.]), size=array([0.2, 0.2]), units='height', vertices=ndarray(...), win=Window(...), windingRule=None)
5.9153 	EXP 	Created polygon_2 = ShapeStim(__class__=<class 'psychopy.visual.shape.ShapeStim'>, anchor=('center', 'center'), autoDraw=False, autoLog=True, closeShape=True, color=method-wrapper(...), colorSpace='rgb', contrast=None, depth=-1.0, draggable=False, fillColor=array([-1.    , -0.2157, -1.    ]), fillColorSpace='rgb', fillRGB=array([-1.    , -0.2157, -1.    ]), interpolate=True, lineColor=array([-1.    , -0.2157, -1.    ]), lineColorSpace='rgb', lineRGB=array([-1.    , -0.2157, -1.    ]), lineWidth=1.0, name='polygon_2', opacity=1, ori=0.0, pos=array([0., 0.]), size=array([0.2, 0.2]), units='height', vertices=ndarray(...), win=Window(...), windingRule=None)
5.9154 	EXP 	sound_1: sampleRate = 48000
5.9154 	EXP 	sound_1: channels = None
5.9160 	EXP 	Sound sound_1 set volume 1.000
5.9944 	EXP 	Created text = TextStim(__class__=<class 'psychopy.visual.text.TextStim'>, alignHoriz=method-wrapper(...), alignText='center', alignVert=method-wrapper(...), anchorHoriz='center', anchorVert='center', antialias=True, autoDraw=False, autoLog=True, bold=False, color=array([1., 1., 1.]), colorSpace='rgb', contrast=1.0, depth=0.0, draggable=False, flipHoriz=False, flipVert=False, font='Arial', fontFiles=[], height=np.float64(0.05), italic=False, languageStyle='LTR', name='text', opacity=1, ori=0.0, pos=array([0. , 0.3]), rgb=UNKNOWN, text=str(...), units='height', win=Window(...), wrapWidth=1)
0.0120 	EXP 	textbox: autoLog = True
0.0192 	EXP 	Imported C:/Users/DELL/Downloads/intentional_binding_48.xlsx as conditions, 48 conditions, 3 params
0.0207 	EXP 	New trial (rep=0, index=0): <Trial 0 (0 in rep 0) data={'delay': 0.7, 'freq': 1000, 'condition': 'exp', 'thisN': 0, 'thisTrialN': 0, 'thisRepN': 0}>
0.0264 	EXP 	polygon: autoDraw = True
1.0098 	INFO 	Keyboard events cleared
1.0097 	EXP 	polygon_2: autoDraw = True
1.0266 	EXP 	polygon: autoDraw = False
1.2144 	EXP 	Device response: <KeyPress from None: t=1.2014043999370188, value=space, duration=None>
1.2154 	DATA 	Keypress: space
1.2254 	EXP 	polygon: autoDraw = False
1.2254 	EXP 	polygon_2: autoDraw = False
1.3426 	EXP 	Device response: <KeyPress from None: t=1.2014043999370188, value=space, duration=0.1250024999026209>
1.9097 	EXP 	Sound sound_1 reached end of file
1.9261 	EXP 	Playing sound sound_1 on speaker Speakers (Realtek(R) Audio)
2.2218 	EXP 	Sound sound_1 stopped
2.2404 	EXP 	text: autoDraw = True
2.2404 	EXP 	textbox: autoDraw = True
4.4899 	DATA 	Keypress: 3
4.4936 	EXP 	Device response: <KeyPress from None: t=4.48131229984574, value=3, duration=None>
4.6401 	EXP 	Device response: <KeyPress from None: t=4.48131229984574, value=3, duration=0.1433186000213027>
4.8233 	DATA 	Keypress: 0
4.8267 	EXP 	Device response: <KeyPress from None: t=4.819910499965772, value=0, duration=None>
4.8906 	EXP 	Device response: <KeyPress from None: t=4.819910499965772, value=0, duration=0.05923929996788502>
4.9417 	DATA 	Keypress: 0
4.9561 	EXP 	Device response: <KeyPress from None: t=4.941412299871445, value=0, duration=None>
5.0398 	EXP 	Device response: <KeyPress from None: t=4.941412299871445, value=0, duration=0.09495890000835061>
6.1235 	DATA 	Mouse: Left button down, pos=(637,129)
6.1387 	EXP 	New trial (rep=0, index=1): <Trial 1 (1 in rep 0) data={'delay': 0.7, 'freq': 400, 'condition': 'unexp', 'thisN': 1, 'thisTrialN': 1, 'thisRepN': 0}>
6.1548 	EXP 	text: autoDraw = False
6.1548 	EXP 	textbox: autoDraw = False
6.1548 	EXP 	polygon: autoDraw = True
6.3575 	DATA 	Mouse:  Left button up, pos=(637,129)
7.1380 	INFO 	Keyboard events cleared
7.1378 	EXP 	polygon_2: autoDraw = True
7.1547 	EXP 	polygon: autoDraw = False
9.7378 	EXP 	Device response: <KeyPress from None: t=9.737264099996537, value=space, duration=None>
9.7400 	DATA 	Keypress: space
9.7523 	EXP 	polygon: autoDraw = False
9.7523 	EXP 	polygon_2: autoDraw = False
9.8529 	EXP 	Device response: <KeyPress from None: t=9.737264099996537, value=space, duration=0.10266789980232716>
10.4355 	EXP 	Sound sound_1 reached end of file
10.4519 	EXP 	Playing sound sound_1 on speaker Speakers (Realtek(R) Audio)
10.7508 	EXP 	Sound sound_1 stopped
10.7670 	EXP 	text: autoDraw = True
10.7670 	EXP 	textbox: autoDraw = True
12.3833 	DATA 	Keypress: 2
12.3872 	EXP 	Device response: <KeyPress from None: t=12.373259899904951, value=2, duration=None>
12.5165 	EXP 	Device response: <KeyPress from None: t=12.373259899904951, value=2, duration=0.12755619990639389>
12.7834 	DATA 	Keypress: 5
12.7871 	EXP 	Device response: <KeyPress from None: t=12.780085699865595, value=5, duration=None>
12.9003 	EXP 	Device response: <KeyPress from None: t=12.780085699865595, value=5, duration=0.11516360007226467>
12.9330 	DATA 	Keypress: 0
12.9338 	EXP 	Device response: <KeyPress from None: t=12.92125939996913, value=0, duration=None>
13.0333 	EXP 	Device response: <KeyPress from None: t=12.92125939996913, value=0, duration=0.10128269996494055>
14.6166 	DATA 	Mouse: Left button down, pos=(637,129)
14.6317 	EXP 	New trial (rep=0, index=2): <Trial 2 (2 in rep 0) data={'delay': 0.4, 'freq': 1000, 'condition': 'exp', 'thisN': 2, 'thisTrialN': 2, 'thisRepN': 0}>
14.6477 	EXP 	text: autoDraw = False
14.6477 	EXP 	textbox: autoDraw = False
14.6477 	EXP 	polygon: autoDraw = True
14.8495 	DATA 	Mouse:  Left button up, pos=(637,129)
15.3817 	EXP 	Device response: <KeyPress from None: t=15.372790899826214, value=space, duration=None>
15.3825 	DATA 	Keypress: space
15.4814 	EXP 	Device response: <KeyPress from None: t=15.372790899826214, value=space, duration=0.10498249996453524>
15.6479 	INFO 	Keyboard events cleared
15.6477 	EXP 	polygon: autoDraw = False
15.6477 	EXP 	polygon_2: autoDraw = True
17.1470 	EXP 	Device response: <KeyPress from None: t=17.146433599991724, value=space, duration=None>
17.1488 	DATA 	Keypress: space
17.1623 	EXP 	polygon: autoDraw = False
17.1623 	EXP 	polygon_2: autoDraw = False
17.2636 	EXP 	Device response: <KeyPress from None: t=17.146433599991724, value=space, duration=0.10154780000448227>
17.5302 	EXP 	Sound sound_1 reached end of file
17.5466 	EXP 	Playing sound sound_1 on speaker Speakers (Realtek(R) Audio)
17.8481 	EXP 	Sound sound_1 stopped
17.8610 	EXP 	text: autoDraw = True
17.8610 	EXP 	textbox: autoDraw = True
20.5457 	DATA 	Keypress: 1
20.5624 	EXP 	Device response: <KeyPress from None: t=20.54352549999021, value=1, duration=None>
20.6777 	EXP 	Device response: <KeyPress from None: t=20.54352549999021, value=1, duration=0.12978099985048175>
20.7100 	DATA 	Keypress: 0
20.7108 	EXP 	Device response: <KeyPress from None: t=20.703246399993077, value=0, duration=None>
20.7940 	EXP 	Device response: <KeyPress from None: t=20.703246399993077, value=0, duration=0.08794149989262223>
20.8600 	DATA 	Keypress: 0
20.8608 	EXP 	Device response: <KeyPress from None: t=20.849797499831766, value=0, duration=None>
20.9436 	EXP 	Device response: <KeyPress from None: t=20.849797499831766, value=0, duration=0.09323969995602965>
21.9587 	DATA 	Mouse: Left button down, pos=(617,158)
21.9592 	EXP 	New trial (rep=0, index=3): <Trial 3 (3 in rep 0) data={'delay': 0.1, 'freq': 1000, 'condition': 'exp', 'thisN': 3, 'thisTrialN': 3, 'thisRepN': 0}>
21.9750 	EXP 	text: autoDraw = False
21.9750 	EXP 	textbox: autoDraw = False
21.9750 	EXP 	polygon: autoDraw = True
22.1783 	DATA 	Mouse:  Left button up, pos=(617,158)
22.7423 	EXP 	Device response: <KeyPress from None: t=22.73541309987195, value=space, duration=None>
22.7432 	DATA 	Keypress: space
22.8250 	EXP 	Device response: <KeyPress from None: t=22.73541309987195, value=space, duration=0.08580769994296134>
22.9586 	INFO 	Keyboard events cleared
22.9584 	EXP 	polygon_2: autoDraw = True
22.9753 	EXP 	polygon: autoDraw = False
23.4419 	EXP 	Device response: <KeyPress from None: t=23.432995399925858, value=space, duration=None>
23.4433 	DATA 	Keypress: space
23.4570 	EXP 	polygon: autoDraw = False
23.4570 	EXP 	polygon_2: autoDraw = False
23.5246 	EXP 	Device response: <KeyPress from None: t=23.432995399925858, value=space, duration=0.08831049990840256>
23.5415 	EXP 	Sound sound_1 reached end of file
23.5579 	EXP 	Playing sound sound_1 on speaker Speakers (Realtek(R) Audio)
23.8554 	EXP 	Sound sound_1 stopped
23.8729 	EXP 	text: autoDraw = True
23.8729 	EXP 	textbox: autoDraw = True
25.5394 	DATA 	Keypress: 5
25.5401 	EXP 	Device response: <KeyPress from None: t=25.535139699932188, value=5, duration=None>
25.6561 	EXP 	Device response: <KeyPress from None: t=25.535139699932188, value=5, duration=0.11189599987119436>
25.6890 	DATA 	Keypress: 0
25.6898 	EXP 	Device response: <KeyPress from None: t=25.678401799872518, value=0, duration=None>
25.7390 	EXP 	Device response: <KeyPress from None: t=25.678401799872518, value=0, duration=0.05916390009224415>
25.8391 	DATA 	Keypress: 0
25.8399 	EXP 	Device response: <KeyPress from None: t=25.83322329982184, value=0, duration=None>
25.9222 	EXP 	Device response: <KeyPress from None: t=25.83322329982184, value=0, duration=0.07432040013372898>
27.7710 	DATA 	Mouse: Left button down, pos=(617,158)
27.7715 	EXP 	New trial (rep=0, index=4): <Trial 4 (4 in rep 0) data={'delay': 0.1, 'freq': 1000, 'condition': 'exp', 'thisN': 4, 'thisTrialN': 4, 'thisRepN': 0}>
27.7869 	EXP 	text: autoDraw = False
27.7869 	EXP 	textbox: autoDraw = False
27.7869 	EXP 	polygon: autoDraw = True
28.0052 	DATA 	Mouse:  Left button up, pos=(617,158)
28.3709 	EXP 	Device response: <KeyPress from None: t=28.35858319979161, value=space, duration=None>
28.3717 	DATA 	Keypress: space
28.5044 	EXP 	Device response: <KeyPress from None: t=28.35858319979161, value=space, duration=0.13472460000775754>
28.7694 	INFO 	Keyboard events cleared
28.7693 	EXP 	polygon_2: autoDraw = True
28.7859 	EXP 	polygon: autoDraw = False
29.0526 	EXP 	Device response: <KeyPress from None: t=29.047460099915043, value=space, duration=None>
29.0536 	DATA 	Keypress: space
29.0692 	EXP 	polygon: autoDraw = False
29.0692 	EXP 	polygon_2: autoDraw = False
29.1357 	EXP 	Sound sound_1 reached end of file
29.1521 	EXP 	Playing sound sound_1 on speaker Speakers (Realtek(R) Audio)
29.1860 	EXP 	Device response: <KeyPress from None: t=29.047460099915043, value=space, duration=0.13060889998450875>
29.4494 	EXP 	Sound sound_1 stopped
29.4680 	EXP 	text: autoDraw = True
29.4680 	EXP 	textbox: autoDraw = True
30.6514 	DATA 	Keypress: 2
30.6521 	EXP 	Device response: <KeyPress from None: t=30.6478666998446, value=2, duration=None>
30.7351 	EXP 	Device response: <KeyPress from None: t=30.6478666998446, value=2, duration=0.08332470012828708>
30.8015 	DATA 	Keypress: 0
30.8022 	EXP 	Device response: <KeyPress from None: t=30.800291299819946, value=0, duration=None>
30.8686 	EXP 	Device response: <KeyPress from None: t=30.800291299819946, value=0, duration=0.06555850012227893>
30.9514 	DATA 	Keypress: 0
30.9524 	EXP 	Device response: <KeyPress from None: t=30.94601309997961, value=0, duration=None>
31.0346 	EXP 	Device response: <KeyPress from None: t=30.94601309997961, value=0, duration=0.07550789997912943>
32.7166 	DATA 	Mouse: Left button down, pos=(617,158)
32.7171 	EXP 	New trial (rep=0, index=5): <Trial 5 (5 in rep 0) data={'delay': 0.7, 'freq': 1000, 'condition': 'exp', 'thisN': 5, 'thisTrialN': 5, 'thisRepN': 0}>
32.7329 	EXP 	text: autoDraw = False
32.7329 	EXP 	textbox: autoDraw = False
32.7329 	EXP 	polygon: autoDraw = True
32.9522 	DATA 	Mouse:  Left button up, pos=(617,158)
33.2677 	EXP 	Device response: <KeyPress from None: t=33.263483999995515, value=space, duration=None>
33.2687 	DATA 	Keypress: space
33.3999 	EXP 	Device response: <KeyPress from None: t=33.263483999995515, value=space, duration=0.1240805999841541>
33.7156 	INFO 	Keyboard events cleared
33.7154 	EXP 	polygon_2: autoDraw = True
33.7326 	EXP 	polygon: autoDraw = False
34.3827 	EXP 	Device response: <KeyPress from None: t=34.37002079980448, value=space, duration=None>
34.3845 	DATA 	Keypress: space
34.3978 	EXP 	polygon: autoDraw = False
34.3978 	EXP 	polygon_2: autoDraw = False
34.4997 	EXP 	Device response: <KeyPress from None: t=34.37002079980448, value=space, duration=0.11527810012921691>
35.0822 	EXP 	Sound sound_1 reached end of file
35.0985 	EXP 	Playing sound sound_1 on speaker Speakers (Realtek(R) Audio)
35.3989 	EXP 	Sound sound_1 stopped
35.4130 	EXP 	text: autoDraw = True
35.4130 	EXP 	textbox: autoDraw = True
36.6841 	DATA 	Keypress: 2
36.6965 	EXP 	Device response: <KeyPress from None: t=36.6837020998355, value=2, duration=None>
36.7634 	EXP 	Device response: <KeyPress from None: t=36.6837020998355, value=2, duration=0.07880700007081032>
37.0798 	DATA 	Keypress: 0
37.0807 	EXP 	Device response: <KeyPress from None: t=37.07055790000595, value=0, duration=None>
37.1634 	EXP 	Device response: <KeyPress from None: t=37.07055790000595, value=0, duration=0.07948539988137782>
37.2130 	DATA 	Keypress: 0
37.2138 	EXP 	Device response: <KeyPress from None: t=37.20769919990562, value=0, duration=None>
37.2972 	EXP 	Device response: <KeyPress from None: t=37.20769919990562, value=0, duration=0.0826220999006182>
38.0786 	DATA 	Mouse: Left button down, pos=(617,158)
38.0791 	EXP 	New trial (rep=0, index=6): <Trial 6 (6 in rep 0) data={'delay': 0.1, 'freq': 1000, 'condition': 'exp', 'thisN': 6, 'thisTrialN': 6, 'thisRepN': 0}>
38.0952 	EXP 	text: autoDraw = False
38.0952 	EXP 	textbox: autoDraw = False
38.0952 	EXP 	polygon: autoDraw = True
38.3144 	DATA 	Mouse:  Left button up, pos=(617,158)
38.7288 	EXP 	Device response: <KeyPress from None: t=38.71864479989745, value=space, duration=None>
38.7296 	DATA 	Keypress: space
38.8452 	EXP 	Device response: <KeyPress from None: t=38.71864479989745, value=space, duration=0.12159699993208051>
39.0939 	INFO 	Keyboard events cleared
39.0938 	EXP 	polygon: autoDraw = False
39.0938 	EXP 	polygon_2: autoDraw = True
39.4281 	EXP 	Device response: <KeyPress from None: t=39.418764599831775, value=space, duration=None>
39.4294 	DATA 	Keypress: space
39.4438 	EXP 	polygon: autoDraw = False
39.4438 	EXP 	polygon_2: autoDraw = False
39.4947 	EXP 	Device response: <KeyPress from None: t=39.418764599831775, value=space, duration=0.0670111000072211>
39.5114 	EXP 	Sound sound_1 reached end of file
39.5279 	EXP 	Playing sound sound_1 on speaker Speakers (Realtek(R) Audio)
39.8215 	EXP 	Sound sound_1 stopped
39.8430 	EXP 	text: autoDraw = True
39.8430 	EXP 	textbox: autoDraw = True
40.6607 	DATA 	Keypress: 1
40.6613 	EXP 	Device response: <KeyPress from None: t=40.65859679994173, value=1, duration=None>
40.7938 	EXP 	Device response: <KeyPress from None: t=40.65859679994173, value=1, duration=0.12743319990113378>
41.1764 	DATA 	Keypress: 5
41.1773 	EXP 	Device response: <KeyPress from None: t=41.17320179985836, value=5, duration=None>
41.2940 	EXP 	Device response: <KeyPress from None: t=41.17320179985836, value=5, duration=0.11765839997678995>
41.4093 	DATA 	Keypress: 0
41.4101 	EXP 	Device response: <KeyPress from None: t=41.39960059989244, value=0, duration=None>
41.4932 	EXP 	Device response: <KeyPress from None: t=41.39960059989244, value=0, duration=0.08354960009455681>
42.3088 	DATA 	Mouse: Left button down, pos=(617,158)
42.3093 	EXP 	New trial (rep=0, index=7): <Trial 7 (7 in rep 0) data={'delay': 0.1, 'freq': 400, 'condition': 'unexp', 'thisN': 7, 'thisTrialN': 7, 'thisRepN': 0}>
42.3251 	EXP 	text: autoDraw = False
42.3251 	EXP 	textbox: autoDraw = False
42.3251 	EXP 	polygon: autoDraw = True
42.5279 	DATA 	Mouse:  Left button up, pos=(617,158)
42.9753 	DATA 	Mouse: Left button down, pos=(617,158)
43.1929 	DATA 	Mouse:  Left button up, pos=(617,158)
43.3086 	INFO 	Keyboard events cleared
43.3085 	EXP 	polygon_2: autoDraw = True
43.3253 	EXP 	polygon: autoDraw = False
43.4921 	EXP 	Device response: <KeyPress from None: t=43.48954869993031, value=space, duration=None>
43.4937 	DATA 	Keypress: space
43.5074 	EXP 	polygon: autoDraw = False
43.5074 	EXP 	polygon_2: autoDraw = False
43.5919 	EXP 	Sound sound_1 reached end of file
43.6082 	EXP 	Playing sound sound_1 on speaker Speakers (Realtek(R) Audio)
43.6080 	EXP 	Device response: <KeyPress from None: t=43.48954869993031, value=space, duration=0.10561720002442598>
43.9083 	EXP 	Sound sound_1 stopped
43.9230 	EXP 	text: autoDraw = True
43.9230 	EXP 	textbox: autoDraw = True
45.9892 	DATA 	Keypress: 4
45.9942 	EXP 	Device response: <KeyPress from None: t=45.985924299806356, value=4, duration=None>
46.0889 	EXP 	Device response: <KeyPress from None: t=45.985924299806356, value=4, duration=0.09514049999415874>
46.2551 	DATA 	Keypress: 5
46.2559 	EXP 	Device response: <KeyPress from None: t=46.24679339979775, value=5, duration=None>
46.4053 	EXP 	Device response: <KeyPress from None: t=46.24679339979775, value=5, duration=0.1421052000951022>
46.4383 	DATA 	Keypress: 0
46.4390 	EXP 	Device response: <KeyPress from None: t=46.42647329997271, value=0, duration=None>
46.5219 	EXP 	Device response: <KeyPress from None: t=46.42647329997271, value=0, duration=0.08481499995104969>
47.4077 	DATA 	Mouse: Left button down, pos=(617,158)
47.4213 	EXP 	New trial (rep=0, index=8): <Trial 8 (8 in rep 0) data={'delay': 0.7, 'freq': 1000, 'condition': 'exp', 'thisN': 8, 'thisTrialN': 8, 'thisRepN': 0}>
47.4376 	EXP 	text: autoDraw = False
47.4376 	EXP 	textbox: autoDraw = False
47.4376 	EXP 	polygon: autoDraw = True
47.6403 	DATA 	Mouse:  Left button up, pos=(617,158)
48.4209 	INFO 	Keyboard events cleared
48.4207 	EXP 	polygon_2: autoDraw = True
48.4376 	EXP 	polygon: autoDraw = False
49.3209 	EXP 	Device response: <KeyPress from None: t=49.31684699980542, value=space, duration=None>
49.3228 	DATA 	Keypress: space
49.3359 	EXP 	polygon: autoDraw = False
49.3359 	EXP 	polygon_2: autoDraw = False
49.4706 	EXP 	Device response: <KeyPress from None: t=49.31684699980542, value=space, duration=0.14764460013248026>
50.0201 	EXP 	Sound sound_1 reached end of file
50.0364 	EXP 	Playing sound sound_1 on speaker Speakers (Realtek(R) Audio)
50.3349 	EXP 	Sound sound_1 stopped
50.3510 	EXP 	text: autoDraw = True
50.3510 	EXP 	textbox: autoDraw = True
52.2007 	DATA 	Keypress: 3
52.2014 	EXP 	Device response: <KeyPress from None: t=52.19384999992326, value=3, duration=None>
52.3337 	EXP 	Device response: <KeyPress from None: t=52.19384999992326, value=3, duration=0.12397219985723495>
52.6004 	DATA 	Keypress: 5
52.6012 	EXP 	Device response: <KeyPress from None: t=52.588462699903175, value=5, duration=None>
52.7172 	EXP 	Device response: <KeyPress from None: t=52.588462699903175, value=5, duration=0.11771990009583533>
52.7503 	DATA 	Keypress: 0
52.7512 	EXP 	Device response: <KeyPress from None: t=52.74509429978207, value=0, duration=None>
52.8667 	EXP 	Device response: <KeyPress from None: t=52.74509429978207, value=0, duration=0.10741060017608106>
53.7186 	DATA 	Mouse: Left button down, pos=(617,158)
53.7329 	EXP 	New trial (rep=0, index=9): <Trial 9 (9 in rep 0) data={'delay': 0.1, 'freq': 400, 'condition': 'unexp', 'thisN': 9, 'thisTrialN': 9, 'thisRepN': 0}>
53.7491 	EXP 	text: autoDraw = False
53.7491 	EXP 	textbox: autoDraw = False
53.7491 	EXP 	polygon: autoDraw = True
53.9518 	DATA 	Mouse:  Left button up, pos=(617,158)
54.7319 	INFO 	Keyboard events cleared
54.7317 	EXP 	polygon_2: autoDraw = True
54.7479 	EXP 	polygon: autoDraw = False
55.2488 	EXP 	Device response: <KeyPress from None: t=55.244242899818346, value=space, duration=None>
55.2501 	DATA 	Keypress: space
55.2640 	EXP 	polygon: autoDraw = False
55.2640 	EXP 	polygon_2: autoDraw = False
55.3318 	EXP 	Sound sound_1 reached end of file
55.3481 	EXP 	Playing sound sound_1 on speaker Speakers (Realtek(R) Audio)
55.4652 	EXP 	Device response: <KeyPress from None: t=55.244242899818346, value=space, duration=0.21221929998137057>
55.6422 	EXP 	Sound sound_1 stopped
55.6628 	EXP 	text: autoDraw = True
55.6628 	EXP 	textbox: autoDraw = True
56.5307 	DATA 	Keypress: 2
56.5314 	EXP 	Device response: <KeyPress from None: t=56.52910379995592, value=2, duration=None>
56.6140 	EXP 	Device response: <KeyPress from None: t=56.52910379995592, value=2, duration=0.07871129992417991>
56.8969 	DATA 	Keypress: 5
56.8979 	EXP 	Device response: <KeyPress from None: t=56.893881199881434, value=5, duration=None>
57.0304 	EXP 	Device response: <KeyPress from None: t=56.893881199881434, value=5, duration=0.122492800001055>
57.0631 	DATA 	Keypress: 0
57.0639 	EXP 	Device response: <KeyPress from None: t=57.057244499912485, value=0, duration=None>
57.1303 	EXP 	Device response: <KeyPress from None: t=57.057244499912485, value=0, duration=0.07146940007805824>
57.9976 	DATA 	Mouse: Left button down, pos=(617,158)
58.0128 	EXP 	New trial (rep=0, index=10): <Trial 10 (10 in rep 0) data={'delay': 0.1, 'freq': 1000, 'condition': 'exp', 'thisN': 10, 'thisTrialN': 10, 'thisRepN': 0}>
58.0287 	EXP 	text: autoDraw = False
58.0287 	EXP 	textbox: autoDraw = False
58.0287 	EXP 	polygon: autoDraw = True
58.2323 	DATA 	Mouse:  Left button up, pos=(617,158)
59.0123 	INFO 	Keyboard events cleared
59.0121 	EXP 	polygon_2: autoDraw = True
59.0291 	EXP 	polygon: autoDraw = False
59.5949 	EXP 	Device response: <KeyPress from None: t=59.583852799842134, value=space, duration=None>
59.5964 	DATA 	Keypress: space
59.6110 	EXP 	polygon: autoDraw = False
59.6110 	EXP 	polygon_2: autoDraw = False
59.6781 	EXP 	Sound sound_1 reached end of file
59.6945 	EXP 	Playing sound sound_1 on speaker Speakers (Realtek(R) Audio)
59.7619 	EXP 	Device response: <KeyPress from None: t=59.583852799842134, value=space, duration=0.16634700004942715>
59.9915 	EXP 	Sound sound_1 stopped
60.0100 	EXP 	text: autoDraw = True
60.0100 	EXP 	textbox: autoDraw = True
61.0140 	DATA 	Keypress: 4
61.0268 	EXP 	Device response: <KeyPress from None: t=61.01375329983421, value=4, duration=None>
61.1434 	EXP 	Device response: <KeyPress from None: t=61.01375329983421, value=4, duration=0.1249920001719147>
61.1932 	DATA 	Keypress: 0
61.1940 	EXP 	Device response: <KeyPress from None: t=61.18211289984174, value=0, duration=None>
61.2938 	EXP 	Device response: <KeyPress from None: t=61.18211289984174, value=0, duration=0.09800700005143881>
61.3433 	DATA 	Keypress: 0
61.3440 	EXP 	Device response: <KeyPress from None: t=61.33617389993742, value=0, duration=None>
61.4439 	EXP 	Device response: <KeyPress from None: t=61.33617389993742, value=0, duration=0.1017676000483334>
62.4755 	DATA 	Mouse: Left button down, pos=(617,158)
62.4760 	EXP 	New trial (rep=0, index=11): <Trial 11 (11 in rep 0) data={'delay': 0.7, 'freq': 400, 'condition': 'unexp', 'thisN': 11, 'thisTrialN': 11, 'thisRepN': 0}>
62.4917 	EXP 	text: autoDraw = False
62.4917 	EXP 	textbox: autoDraw = False
62.4917 	EXP 	polygon: autoDraw = True
62.6937 	DATA 	Mouse:  Left button up, pos=(617,158)
63.4751 	INFO 	Keyboard events cleared
63.4749 	EXP 	polygon_2: autoDraw = True
63.4912 	EXP 	polygon: autoDraw = False
63.9760 	DATA 	Keypress: space
63.9907 	EXP 	Device response: <KeyPress from None: t=63.97479239990935, value=space, duration=None>
64.0075 	EXP 	polygon: autoDraw = False
64.0075 	EXP 	polygon_2: autoDraw = False
64.1243 	EXP 	Device response: <KeyPress from None: t=63.97479239990935, value=space, duration=0.1383853000588715>
64.6743 	EXP 	Sound sound_1 reached end of file
64.6906 	EXP 	Playing sound sound_1 on speaker Speakers (Realtek(R) Audio)
64.9910 	EXP 	Sound sound_1 stopped
65.0054 	EXP 	text: autoDraw = True
65.0054 	EXP 	textbox: autoDraw = True
66.4257 	DATA 	Keypress: 1
66.4389 	EXP 	Device response: <KeyPress from None: t=66.42484369990416, value=1, duration=None>
66.4890 	EXP 	Device response: <KeyPress from None: t=66.42484369990416, value=1, duration=0.05263069993816316>
66.6720 	DATA 	Keypress: 0
66.6728 	EXP 	Device response: <KeyPress from None: t=66.67184629989788, value=0, duration=None>
66.7386 	EXP 	Device response: <KeyPress from None: t=66.67184629989788, value=0, duration=0.05608569993637502>
66.7884 	DATA 	Keypress: 0
66.7892 	EXP 	Device response: <KeyPress from None: t=66.78209289978258, value=0, duration=None>
66.8721 	EXP 	Device response: <KeyPress from None: t=66.78209289978258, value=0, duration=0.08179740002378821>
67.6381 	DATA 	Mouse: Left button down, pos=(617,158)
67.6385 	EXP 	New trial (rep=0, index=12): <Trial 12 (12 in rep 0) data={'delay': 0.4, 'freq': 400, 'condition': 'unexp', 'thisN': 12, 'thisTrialN': 12, 'thisRepN': 0}>
67.6541 	EXP 	text: autoDraw = False
67.6541 	EXP 	textbox: autoDraw = False
67.6541 	EXP 	polygon: autoDraw = True
67.8741 	DATA 	Mouse:  Left button up, pos=(617,158)
68.2546 	EXP 	Device response: <KeyPress from None: t=68.24297749996185, value=space, duration=None>
68.2559 	DATA 	Keypress: space
68.4050 	EXP 	Device response: <KeyPress from None: t=68.24297749996185, value=space, duration=0.15799179999157786>
68.6379 	INFO 	Keyboard events cleared
68.6378 	EXP 	polygon_2: autoDraw = True
68.6539 	EXP 	polygon: autoDraw = False
68.9880 	EXP 	Device response: <KeyPress from None: t=68.98034489993006, value=space, duration=None>
68.9895 	DATA 	Keypress: space
69.0027 	EXP 	polygon: autoDraw = False
69.0027 	EXP 	polygon_2: autoDraw = False
69.1038 	EXP 	Device response: <KeyPress from None: t=68.98034489993006, value=space, duration=0.11904049990698695>
69.3710 	EXP 	Sound sound_1 reached end of file
69.3874 	EXP 	Playing sound sound_1 on speaker Speakers (Realtek(R) Audio)
69.6857 	EXP 	Sound sound_1 stopped
69.7017 	EXP 	text: autoDraw = True
69.7017 	EXP 	textbox: autoDraw = True
70.7854 	DATA 	Keypress: 1
70.7861 	EXP 	Device response: <KeyPress from None: t=70.77703809994273, value=1, duration=None>
70.8857 	EXP 	Device response: <KeyPress from None: t=70.77703809994273, value=1, duration=0.10487339994870126>
70.9186 	DATA 	Keypress: 0
70.9193 	EXP 	Device response: <KeyPress from None: t=70.91344269993715, value=0, duration=None>
71.0022 	EXP 	Device response: <KeyPress from None: t=70.91344269993715, value=0, duration=0.08478110004216433>
71.0682 	DATA 	Keypress: 0
71.0690 	EXP 	Device response: <KeyPress from None: t=71.05902749998495, value=0, duration=None>
71.1522 	EXP 	Device response: <KeyPress from None: t=71.05902749998495, value=0, duration=0.08238149993121624>
72.9503 	DATA 	Mouse: Left button down, pos=(617,158)
72.9508 	EXP 	New trial (rep=0, index=13): <Trial 13 (13 in rep 0) data={'delay': 0.1, 'freq': 400, 'condition': 'unexp', 'thisN': 13, 'thisTrialN': 13, 'thisRepN': 0}>
72.9663 	EXP 	text: autoDraw = False
72.9663 	EXP 	textbox: autoDraw = False
72.9663 	EXP 	polygon: autoDraw = True
73.1690 	DATA 	Mouse:  Left button up, pos=(617,158)
73.9501 	INFO 	Keyboard events cleared
73.9500 	EXP 	polygon_2: autoDraw = True
73.9665 	EXP 	polygon: autoDraw = False
75.0326 	EXP 	Device response: <KeyPress from None: t=75.02301699994132, value=space, duration=None>
75.0342 	DATA 	Keypress: space
75.0476 	EXP 	polygon: autoDraw = False
75.0476 	EXP 	polygon_2: autoDraw = False
75.1158 	EXP 	Sound sound_1 reached end of file
75.1322 	EXP 	Playing sound sound_1 on speaker Speakers (Realtek(R) Audio)
75.1983 	EXP 	Device response: <KeyPress from None: t=75.02301699994132, value=space, duration=0.16660259990021586>
75.4311 	EXP 	Sound sound_1 stopped
75.4469 	EXP 	text: autoDraw = True
75.4469 	EXP 	textbox: autoDraw = True
76.3835 	DATA 	Keypress: 1
76.3971 	EXP 	Device response: <KeyPress from None: t=76.3822957999073, value=1, duration=None>
76.4813 	EXP 	Device response: <KeyPress from None: t=76.3822957999073, value=1, duration=0.09461829997599125>
76.9469 	DATA 	Keypress: 2
76.9476 	EXP 	Device response: <KeyPress from None: t=76.93334779981524, value=2, duration=None>
77.0474 	EXP 	Device response: <KeyPress from None: t=76.93334779981524, value=2, duration=0.11128780012950301>
77.0828 	DATA 	Keypress: 0
77.0966 	EXP 	Device response: <KeyPress from None: t=77.08263869979419, value=0, duration=None>
77.1971 	EXP 	Device response: <KeyPress from None: t=77.08263869979419, value=0, duration=0.1023142000194639>
78.0959 	DATA 	Mouse: Left button down, pos=(617,158)
78.0963 	EXP 	New trial (rep=0, index=14): <Trial 14 (14 in rep 0) data={'delay': 0.4, 'freq': 1000, 'condition': 'exp', 'thisN': 14, 'thisTrialN': 14, 'thisRepN': 0}>
78.1121 	EXP 	text: autoDraw = False
78.1121 	EXP 	textbox: autoDraw = False
78.1121 	EXP 	polygon: autoDraw = True
78.3151 	DATA 	Mouse:  Left button up, pos=(617,158)
79.0953 	INFO 	Keyboard events cleared
79.0952 	EXP 	polygon_2: autoDraw = True
79.1122 	EXP 	polygon: autoDraw = False
80.2457 	EXP 	Device response: <KeyPress from None: t=80.2413856999483, value=space, duration=None>
80.2473 	DATA 	Keypress: space
80.2603 	EXP 	polygon: autoDraw = False
80.2603 	EXP 	polygon_2: autoDraw = False
80.4111 	EXP 	Device response: <KeyPress from None: t=80.2413856999483, value=space, duration=0.15610440005548298>
80.6439 	EXP 	Sound sound_1 reached end of file
80.6603 	EXP 	Playing sound sound_1 on speaker Speakers (Realtek(R) Audio)
80.9624 	EXP 	Sound sound_1 stopped
80.9757 	EXP 	text: autoDraw = True
80.9757 	EXP 	textbox: autoDraw = True
82.1925 	DATA 	Keypress: 2
82.1932 	EXP 	Device response: <KeyPress from None: t=82.18457319983281, value=2, duration=None>
82.3099 	EXP 	Device response: <KeyPress from None: t=82.18457319983281, value=2, duration=0.11787299998104572>
82.5920 	DATA 	Keypress: 5
82.5928 	EXP 	Device response: <KeyPress from None: t=82.57861159997992, value=5, duration=None>
82.7099 	EXP 	Device response: <KeyPress from None: t=82.57861159997992, value=5, duration=0.12880239984951913>
82.7920 	DATA 	Keypress: 0
82.7927 	EXP 	Device response: <KeyPress from None: t=82.7801337998826, value=0, duration=None>
82.8760 	EXP 	Device response: <KeyPress from None: t=82.7801337998826, value=0, duration=0.09536839998327196>
83.7413 	DATA 	Mouse: Left button down, pos=(617,158)
83.7420 	EXP 	New trial (rep=0, index=15): <Trial 15 (15 in rep 0) data={'delay': 0.4, 'freq': 1000, 'condition': 'exp', 'thisN': 15, 'thisTrialN': 15, 'thisRepN': 0}>
83.7575 	EXP 	text: autoDraw = False
83.7575 	EXP 	textbox: autoDraw = False
83.7575 	EXP 	polygon: autoDraw = True
83.9604 	DATA 	Mouse:  Left button up, pos=(617,158)
84.7576 	INFO 	Keyboard events cleared
84.7575 	EXP 	polygon: autoDraw = False
84.7575 	EXP 	polygon_2: autoDraw = True
85.2910 	EXP 	Device response: <KeyPress from None: t=85.28798619983718, value=space, duration=None>
85.2926 	DATA 	Keypress: space
85.3061 	EXP 	polygon: autoDraw = False
85.3061 	EXP 	polygon_2: autoDraw = False
85.4581 	EXP 	Device response: <KeyPress from None: t=85.28798619983718, value=space, duration=0.16471790010109544>
85.6909 	EXP 	Sound sound_1 reached end of file
85.7073 	EXP 	Playing sound sound_1 on speaker Speakers (Realtek(R) Audio)
86.0085 	EXP 	Sound sound_1 stopped
86.0214 	EXP 	text: autoDraw = True
86.0214 	EXP 	textbox: autoDraw = True
86.4555 	DATA 	Keypress: 2
86.4562 	EXP 	Device response: <KeyPress from None: t=86.45508189988323, value=2, duration=None>
86.5894 	EXP 	Device response: <KeyPress from None: t=86.45508189988323, value=2, duration=0.11790290009230375>
87.0552 	DATA 	Keypress: 0
87.0559 	EXP 	Device response: <KeyPress from None: t=87.05502569978125, value=0, duration=None>
87.1886 	EXP 	Device response: <KeyPress from None: t=87.05502569978125, value=0, duration=0.12506460002623498>
87.6214 	DATA 	Keypress: 5
87.6221 	EXP 	Device response: <KeyPress from None: t=87.61700319987722, value=5, duration=None>
87.7555 	EXP 	Device response: <KeyPress from None: t=87.61700319987722, value=5, duration=0.12837609997950494>
89.2035 	DATA 	Mouse: Left button down, pos=(617,158)
89.2040 	EXP 	New trial (rep=0, index=16): <Trial 16 (16 in rep 0) data={'delay': 0.1, 'freq': 1000, 'condition': 'exp', 'thisN': 16, 'thisTrialN': 16, 'thisRepN': 0}>
89.2195 	EXP 	text: autoDraw = False
89.2195 	EXP 	textbox: autoDraw = False
89.2195 	EXP 	polygon: autoDraw = True
89.4215 	DATA 	Mouse:  Left button up, pos=(617,158)
90.2199 	INFO 	Keyboard events cleared
90.2198 	EXP 	polygon: autoDraw = False
90.2198 	EXP 	polygon_2: autoDraw = True
90.8358 	EXP 	Device response: <KeyPress from None: t=90.8313395997975, value=space, duration=None>
90.8376 	DATA 	Keypress: space
90.8515 	EXP 	polygon: autoDraw = False
90.8515 	EXP 	polygon_2: autoDraw = False
90.9196 	EXP 	Sound sound_1 reached end of file
90.9360 	EXP 	Playing sound sound_1 on speaker Speakers (Realtek(R) Audio)
91.0526 	EXP 	Device response: <KeyPress from None: t=90.8313395997975, value=space, duration=0.20647550001740456>
91.2291 	EXP 	Sound sound_1 stopped
91.2504 	EXP 	text: autoDraw = True
91.2504 	EXP 	textbox: autoDraw = True
91.7345 	DATA 	Keypress: 2
91.7352 	EXP 	Device response: <KeyPress from None: t=91.72880229982547, value=2, duration=None>
91.8519 	EXP 	Device response: <KeyPress from None: t=91.72880229982547, value=2, duration=0.11225940007716417>
92.0847 	DATA 	Keypress: 5
92.0856 	EXP 	Device response: <KeyPress from None: t=92.08452159981243, value=5, duration=None>
92.2017 	EXP 	Device response: <KeyPress from None: t=92.08452159981243, value=5, duration=0.10551150003448129>
92.2176 	DATA 	Keypress: 0
92.2184 	EXP 	Device response: <KeyPress from None: t=92.21138939983211, value=0, duration=None>
92.3186 	EXP 	Device response: <KeyPress from None: t=92.21138939983211, value=0, duration=0.09560010000132024>
93.0838 	DATA 	Mouse: Left button down, pos=(617,158)
93.0843 	EXP 	New trial (rep=0, index=17): <Trial 17 (17 in rep 0) data={'delay': 0.1, 'freq': 400, 'condition': 'unexp', 'thisN': 17, 'thisTrialN': 17, 'thisRepN': 0}>
93.0999 	EXP 	text: autoDraw = False
93.0999 	EXP 	textbox: autoDraw = False
93.0999 	EXP 	polygon: autoDraw = True
93.3029 	DATA 	Mouse:  Left button up, pos=(617,158)
94.0831 	INFO 	Keyboard events cleared
94.0829 	EXP 	polygon_2: autoDraw = True
94.0997 	EXP 	polygon: autoDraw = False
94.7663 	EXP 	Device response: <KeyPress from None: t=94.75998669979163, value=space, duration=None>
94.7676 	DATA 	Keypress: space
94.7816 	EXP 	polygon: autoDraw = False
94.7816 	EXP 	polygon_2: autoDraw = False
94.8491 	EXP 	Sound sound_1 reached end of file
94.8655 	EXP 	Playing sound sound_1 on speaker Speakers (Realtek(R) Audio)
94.9662 	EXP 	Device response: <KeyPress from None: t=94.75998669979163, value=space, duration=0.19060209998860955>
95.1599 	EXP 	Sound sound_1 stopped
95.1806 	EXP 	text: autoDraw = True
95.1806 	EXP 	textbox: autoDraw = True
95.7017 	DATA 	Keypress: 3
95.7144 	EXP 	Device response: <KeyPress from None: t=95.7011019999627, value=3, duration=None>
95.8329 	EXP 	Device response: <KeyPress from None: t=95.7011019999627, value=3, duration=0.11861819983460009>
96.2141 	DATA 	Keypress: 5
96.2149 	EXP 	Device response: <KeyPress from None: t=96.2134933997877, value=5, duration=None>
96.3645 	EXP 	Device response: <KeyPress from None: t=96.2134933997877, value=5, duration=0.14428290002979338>
96.5474 	DATA 	Keypress: 0
96.5482 	EXP 	Device response: <KeyPress from None: t=96.533922099974, value=0, duration=None>
96.6643 	EXP 	Device response: <KeyPress from None: t=96.533922099974, value=0, duration=0.12207619985565543>
98.2295 	DATA 	Mouse: Left button down, pos=(617,158)
98.2300 	EXP 	New trial (rep=0, index=18): <Trial 18 (18 in rep 0) data={'delay': 0.7, 'freq': 400, 'condition': 'unexp', 'thisN': 18, 'thisTrialN': 18, 'thisRepN': 0}>
98.2456 	EXP 	text: autoDraw = False
98.2456 	EXP 	textbox: autoDraw = False
98.2456 	EXP 	polygon: autoDraw = True
98.4652 	DATA 	Mouse:  Left button up, pos=(617,158)
99.2458 	INFO 	Keyboard events cleared
99.2457 	EXP 	polygon: autoDraw = False
99.2457 	EXP 	polygon_2: autoDraw = True
99.9953 	EXP 	Device response: <KeyPress from None: t=99.98602979979478, value=space, duration=None>
99.9970 	DATA 	Keypress: space
100.0110 	EXP 	polygon: autoDraw = False
100.0110 	EXP 	polygon_2: autoDraw = False
100.1786 	EXP 	Device response: <KeyPress from None: t=99.98602979979478, value=space, duration=0.18711749999783933>
100.6942 	EXP 	Sound sound_1 reached end of file
100.7106 	EXP 	Playing sound sound_1 on speaker Speakers (Realtek(R) Audio)
101.0085 	EXP 	Sound sound_1 stopped
101.0258 	EXP 	text: autoDraw = True
101.0258 	EXP 	textbox: autoDraw = True
102.3426 	DATA 	Keypress: 5
102.3435 	EXP 	Device response: <KeyPress from None: t=102.34037599992007, value=5, duration=None>
102.4590 	EXP 	Device response: <KeyPress from None: t=102.34037599992007, value=5, duration=0.10476320004090667>
102.4924 	DATA 	Keypress: 0
102.4932 	EXP 	Device response: <KeyPress from None: t=102.48129189992324, value=0, duration=None>
102.5757 	EXP 	Device response: <KeyPress from None: t=102.48129189992324, value=0, duration=0.0905776999425143>
102.6594 	DATA 	Keypress: 0
102.6601 	EXP 	Device response: <KeyPress from None: t=102.65156069980003, value=0, duration=None>
102.7261 	EXP 	Device response: <KeyPress from None: t=102.65156069980003, value=0, duration=0.06712600006721914>
103.6078 	DATA 	Mouse: Left button down, pos=(617,158)
103.6083 	EXP 	New trial (rep=0, index=19): <Trial 19 (19 in rep 0) data={'delay': 0.7, 'freq': 400, 'condition': 'unexp', 'thisN': 19, 'thisTrialN': 19, 'thisRepN': 0}>
103.6245 	EXP 	text: autoDraw = False
103.6245 	EXP 	textbox: autoDraw = False
103.6245 	EXP 	polygon: autoDraw = True
103.8273 	DATA 	Mouse:  Left button up, pos=(617,158)
104.6073 	INFO 	Keyboard events cleared
104.6072 	EXP 	polygon_2: autoDraw = True
104.6239 	EXP 	polygon: autoDraw = False
105.2751 	EXP 	Device response: <KeyPress from None: t=105.2729269999545, value=space, duration=None>
105.2771 	DATA 	Keypress: space
105.2898 	EXP 	polygon: autoDraw = False
105.2898 	EXP 	polygon_2: autoDraw = False
105.4741 	EXP 	Device response: <KeyPress from None: t=105.2729269999545, value=space, duration=0.1968608999159187>
105.9728 	EXP 	Sound sound_1 reached end of file
105.9892 	EXP 	Playing sound sound_1 on speaker Speakers (Realtek(R) Audio)
106.2932 	EXP 	Sound sound_1 stopped
106.3045 	EXP 	text: autoDraw = True
106.3045 	EXP 	textbox: autoDraw = True
107.1884 	DATA 	Keypress: 5
107.1892 	EXP 	Device response: <KeyPress from None: t=107.17599069979042, value=5, duration=None>
107.3054 	DATA 	Keypress: 0
107.3061 	EXP 	Device response: <KeyPress from None: t=107.17599069979042, value=5, duration=0.12498970003798604>
107.3061 	EXP 	Device response: <KeyPress from None: t=107.30393069982529, value=0, duration=None>
107.4387 	EXP 	Device response: <KeyPress from None: t=107.30393069982529, value=0, duration=0.12465010001324117>
107.5050 	DATA 	Keypress: 0
107.5057 	EXP 	Device response: <KeyPress from None: t=107.49146179994568, value=0, duration=None>
107.5889 	EXP 	Device response: <KeyPress from None: t=107.49146179994568, value=0, duration=0.08773819985799491>
108.3218 	DATA 	Mouse: Left button down, pos=(617,158)
108.3223 	EXP 	New trial (rep=0, index=20): <Trial 20 (20 in rep 0) data={'delay': 0.4, 'freq': 1000, 'condition': 'exp', 'thisN': 20, 'thisTrialN': 20, 'thisRepN': 0}>
108.3375 	EXP 	text: autoDraw = False
108.3375 	EXP 	textbox: autoDraw = False
108.3375 	EXP 	polygon: autoDraw = True
108.5564 	DATA 	Mouse:  Left button up, pos=(617,158)
109.3369 	INFO 	Keyboard events cleared
109.3367 	EXP 	polygon: autoDraw = False
109.3367 	EXP 	polygon_2: autoDraw = True
109.9702 	EXP 	Device response: <KeyPress from None: t=109.9681439998094, value=space, duration=None>
109.9717 	DATA 	Keypress: space
109.9859 	EXP 	polygon: autoDraw = False
109.9859 	EXP 	polygon_2: autoDraw = False
110.1529 	EXP 	Device response: <KeyPress from None: t=109.9681439998094, value=space, duration=0.1735016000457108>
110.3536 	EXP 	Sound sound_1 reached end of file
110.3699 	EXP 	Playing sound sound_1 on speaker Speakers (Realtek(R) Audio)
110.6663 	EXP 	Sound sound_1 stopped
110.6842 	EXP 	text: autoDraw = True
110.6842 	EXP 	textbox: autoDraw = True
111.8371 	DATA 	Keypress: 1
111.8512 	EXP 	Device response: <KeyPress from None: t=111.8356008999981, value=1, duration=None>
112.0025 	EXP 	Device response: <KeyPress from None: t=111.8356008999981, value=1, duration=0.15541429980657995>
112.4678 	DATA 	Keypress: 5
112.4686 	EXP 	Device response: <KeyPress from None: t=112.4597545999568, value=5, duration=None>
112.5846 	EXP 	Device response: <KeyPress from None: t=112.4597545999568, value=5, duration=0.1185301998630166>
112.6041 	DATA 	Keypress: 0
112.6174 	EXP 	Device response: <KeyPress from None: t=112.60384549992159, value=0, duration=None>
112.7018 	EXP 	Device response: <KeyPress from None: t=112.60384549992159, value=0, duration=0.08846740005537868>
113.7997 	DATA 	Mouse: Left button down, pos=(617,158)
113.8002 	EXP 	New trial (rep=0, index=21): <Trial 21 (21 in rep 0) data={'delay': 0.1, 'freq': 400, 'condition': 'unexp', 'thisN': 21, 'thisTrialN': 21, 'thisRepN': 0}>
113.8161 	EXP 	text: autoDraw = False
113.8161 	EXP 	textbox: autoDraw = False
113.8161 	EXP 	polygon: autoDraw = True
114.0191 	DATA 	Mouse:  Left button up, pos=(617,158)
114.7998 	INFO 	Keyboard events cleared
114.7996 	EXP 	polygon_2: autoDraw = True
114.8163 	EXP 	polygon: autoDraw = False
115.2997 	EXP 	Device response: <KeyPress from None: t=115.29938240000047, value=space, duration=None>
115.3007 	DATA 	Keypress: space
115.3313 	EXP 	polygon: autoDraw = False
115.3313 	EXP 	polygon_2: autoDraw = False
115.3995 	EXP 	Sound sound_1 reached end of file
115.4159 	EXP 	Playing sound sound_1 on speaker Speakers (Realtek(R) Audio)
115.4664 	EXP 	Device response: <KeyPress from None: t=115.29938240000047, value=space, duration=0.1628539999946952>
115.7123 	EXP 	Sound sound_1 stopped
115.7304 	EXP 	text: autoDraw = True
115.7304 	EXP 	textbox: autoDraw = True
117.7637 	DATA 	Keypress: 5
117.7644 	EXP 	Device response: <KeyPress from None: t=117.74998299987055, value=5, duration=None>
117.8469 	EXP 	Device response: <KeyPress from None: t=117.74998299987055, value=5, duration=0.08279470005072653>
118.0627 	DATA 	Keypress: 0
118.0635 	EXP 	Device response: <KeyPress from None: t=118.05797449988313, value=0, duration=None>
118.1459 	EXP 	Device response: <KeyPress from None: t=118.05797449988313, value=0, duration=0.07279730006121099>
118.1978 	DATA 	Keypress: 0
118.2126 	EXP 	Device response: <KeyPress from None: t=118.19620229979046, value=0, duration=None>
118.2795 	EXP 	Device response: <KeyPress from None: t=118.19620229979046, value=0, duration=0.07548320014029741>
119.6285 	DATA 	Mouse: Left button down, pos=(617,158)
119.6290 	EXP 	New trial (rep=0, index=22): <Trial 22 (22 in rep 0) data={'delay': 0.7, 'freq': 400, 'condition': 'unexp', 'thisN': 22, 'thisTrialN': 22, 'thisRepN': 0}>
119.6447 	EXP 	text: autoDraw = False
119.6447 	EXP 	textbox: autoDraw = False
119.6447 	EXP 	polygon: autoDraw = True
119.8643 	DATA 	Mouse:  Left button up, pos=(617,158)
120.6278 	INFO 	Keyboard events cleared
120.6277 	EXP 	polygon_2: autoDraw = True
120.6449 	EXP 	polygon: autoDraw = False
120.9778 	EXP 	Device response: <KeyPress from None: t=120.96939589991234, value=space, duration=None>
120.9794 	DATA 	Keypress: space
120.9935 	EXP 	polygon: autoDraw = False
120.9935 	EXP 	polygon_2: autoDraw = False
121.1444 	EXP 	Device response: <KeyPress from None: t=120.96939589991234, value=space, duration=0.16897269990295172>
121.6614 	EXP 	Sound sound_1 reached end of file
121.6776 	EXP 	Playing sound sound_1 on speaker Speakers (Realtek(R) Audio)
121.9792 	EXP 	Sound sound_1 stopped
121.9917 	EXP 	text: autoDraw = True
121.9917 	EXP 	textbox: autoDraw = True
122.3427 	DATA 	Keypress: 5
122.3433 	EXP 	Device response: <KeyPress from None: t=122.34225049987435, value=5, duration=None>
122.4431 	EXP 	Device response: <KeyPress from None: t=122.34225049987435, value=5, duration=0.0923335999250412>
122.6427 	DATA 	Keypress: 0
122.6433 	EXP 	Device response: <KeyPress from None: t=122.63208829984069, value=0, duration=None>
122.7261 	EXP 	Device response: <KeyPress from None: t=122.63208829984069, value=0, duration=0.08617709996178746>
122.7939 	DATA 	Keypress: 0
122.8086 	EXP 	Device response: <KeyPress from None: t=122.79349309997633, value=0, duration=None>
122.8598 	EXP 	Device response: <KeyPress from None: t=122.79349309997633, value=0, duration=0.06257790001109242>
123.6417 	DATA 	Mouse: Left button down, pos=(617,158)
123.6422 	EXP 	New trial (rep=0, index=23): <Trial 23 (23 in rep 0) data={'delay': 0.1, 'freq': 400, 'condition': 'unexp', 'thisN': 23, 'thisTrialN': 23, 'thisRepN': 0}>
123.6577 	EXP 	text: autoDraw = False
123.6577 	EXP 	textbox: autoDraw = False
123.6577 	EXP 	polygon: autoDraw = True
123.8589 	DATA 	Mouse:  Left button up, pos=(617,158)
124.6577 	INFO 	Keyboard events cleared
124.6576 	EXP 	polygon: autoDraw = False
124.6576 	EXP 	polygon_2: autoDraw = True
125.2080 	EXP 	Device response: <KeyPress from None: t=125.19682219997048, value=space, duration=None>
125.2096 	DATA 	Keypress: space
125.2233 	EXP 	polygon: autoDraw = False
125.2233 	EXP 	polygon_2: autoDraw = False
125.2909 	EXP 	Sound sound_1 reached end of file
125.3073 	EXP 	Playing sound sound_1 on speaker Speakers (Realtek(R) Audio)
125.3743 	EXP 	Device response: <KeyPress from None: t=125.19682219997048, value=space, duration=0.16351909982040524>
125.6053 	EXP 	Sound sound_1 stopped
125.6223 	EXP 	text: autoDraw = True
125.6223 	EXP 	textbox: autoDraw = True
126.0397 	DATA 	Keypress: 5
126.0403 	EXP 	Device response: <KeyPress from None: t=126.03118809987791, value=5, duration=None>
126.1229 	EXP 	Device response: <KeyPress from None: t=126.03118809987791, value=5, duration=0.07748170010745525>
126.3728 	DATA 	Keypress: 0
126.3734 	EXP 	Device response: <KeyPress from None: t=126.37145519978367, value=0, duration=None>
126.4559 	EXP 	Device response: <KeyPress from None: t=126.37145519978367, value=0, duration=0.06952910008840263>
126.5228 	DATA 	Keypress: 0
126.5237 	EXP 	Device response: <KeyPress from None: t=126.51463230000809, value=0, duration=None>
126.5897 	EXP 	Device response: <KeyPress from None: t=126.51463230000809, value=0, duration=0.06901199999265373>
127.9213 	DATA 	Mouse: Left button down, pos=(617,158)
127.9218 	EXP 	New trial (rep=0, index=24): <Trial 24 (24 in rep 0) data={'delay': 0.4, 'freq': 1000, 'condition': 'exp', 'thisN': 24, 'thisTrialN': 24, 'thisRepN': 0}>
127.9377 	EXP 	text: autoDraw = False
127.9377 	EXP 	textbox: autoDraw = False
127.9377 	EXP 	polygon: autoDraw = True
128.1403 	DATA 	Mouse:  Left button up, pos=(617,158)
128.9209 	INFO 	Keyboard events cleared
128.9208 	EXP 	polygon_2: autoDraw = True
128.9376 	EXP 	polygon: autoDraw = False
129.5047 	EXP 	Device response: <KeyPress from None: t=129.5007703998126, value=space, duration=None>
129.5064 	DATA 	Keypress: space
129.5207 	EXP 	polygon: autoDraw = False
129.5207 	EXP 	polygon_2: autoDraw = False
129.6711 	EXP 	Device response: <KeyPress from None: t=129.5007703998126, value=space, duration=0.1700290001463145>
129.8883 	EXP 	Sound sound_1 reached end of file
129.9046 	EXP 	Playing sound sound_1 on speaker Speakers (Realtek(R) Audio)
130.2038 	EXP 	Sound sound_1 stopped
130.2193 	EXP 	text: autoDraw = True
130.2193 	EXP 	textbox: autoDraw = True
131.0358 	DATA 	Keypress: 1
131.0364 	EXP 	Device response: <KeyPress from None: t=131.0337127998937, value=1, duration=None>
131.1362 	EXP 	Device response: <KeyPress from None: t=131.0337127998937, value=1, duration=0.09892360004596412>
131.5865 	DATA 	Keypress: 7
131.6026 	EXP 	Device response: <KeyPress from None: t=131.58589779981412, value=7, duration=None>
131.6691 	EXP 	Device response: <KeyPress from None: t=131.58589779981412, value=7, duration=0.08197860000655055>
131.9344 	DATA 	Keypress: 0
131.9350 	EXP 	Device response: <KeyPress from None: t=131.93102649995126, value=0, duration=None>
132.0347 	EXP 	Device response: <KeyPress from None: t=131.93102649995126, value=0, duration=0.08756869984790683>
132.7841 	DATA 	Mouse: Left button down, pos=(617,158)
132.7846 	EXP 	New trial (rep=0, index=25): <Trial 25 (25 in rep 0) data={'delay': 0.4, 'freq': 400, 'condition': 'unexp', 'thisN': 25, 'thisTrialN': 25, 'thisRepN': 0}>
132.8006 	EXP 	text: autoDraw = False
132.8006 	EXP 	textbox: autoDraw = False
132.8006 	EXP 	polygon: autoDraw = True
133.0204 	DATA 	Mouse:  Left button up, pos=(617,158)
133.7839 	INFO 	Keyboard events cleared
133.7838 	EXP 	polygon_2: autoDraw = True
133.8007 	EXP 	polygon: autoDraw = False
134.5503 	EXP 	Device response: <KeyPress from None: t=134.54472629982047, value=space, duration=None>
134.5517 	DATA 	Keypress: space
134.5657 	EXP 	polygon: autoDraw = False
134.5657 	EXP 	polygon_2: autoDraw = False
134.7497 	EXP 	Device response: <KeyPress from None: t=134.54472629982047, value=space, duration=0.19629650004208088>
134.9494 	EXP 	Sound sound_1 reached end of file
134.9658 	EXP 	Playing sound sound_1 on speaker Speakers (Realtek(R) Audio)
135.2604 	EXP 	Sound sound_1 stopped
135.2811 	EXP 	text: autoDraw = True
135.2811 	EXP 	textbox: autoDraw = True
136.4642 	DATA 	Keypress: 5
136.4648 	EXP 	Device response: <KeyPress from None: t=136.45438409992494, value=5, duration=None>
136.5978 	EXP 	Device response: <KeyPress from None: t=136.45438409992494, value=5, duration=0.1274834000505507>
137.0311 	DATA 	Keypress: 9
137.0347 	EXP 	Device response: <KeyPress from None: t=137.02336240001023, value=9, duration=None>
137.1984 	EXP 	Device response: <KeyPress from None: t=137.02336240001023, value=9, duration=0.16502959979698062>
137.2154 	DATA 	Keypress: 0
137.2307 	EXP 	Device response: <KeyPress from None: t=137.21484739985317, value=0, duration=None>
137.3475 	EXP 	Device response: <KeyPress from None: t=137.21484739985317, value=0, duration=0.1311814000364393>
138.0963 	DATA 	Mouse: Left button down, pos=(617,158)
138.0968 	EXP 	New trial (rep=0, index=26): <Trial 26 (26 in rep 0) data={'delay': 0.7, 'freq': 1000, 'condition': 'exp', 'thisN': 26, 'thisTrialN': 26, 'thisRepN': 0}>
138.1128 	EXP 	text: autoDraw = False
138.1128 	EXP 	textbox: autoDraw = False
138.1128 	EXP 	polygon: autoDraw = True
138.3324 	DATA 	Mouse:  Left button up, pos=(617,158)
139.0966 	INFO 	Keyboard events cleared
139.0964 	EXP 	polygon_2: autoDraw = True
139.1134 	EXP 	polygon: autoDraw = False
140.9785 	EXP 	Device response: <KeyPress from None: t=140.9631826998666, value=space, duration=None>
140.9802 	DATA 	Keypress: space
140.9942 	EXP 	polygon: autoDraw = False
140.9942 	EXP 	polygon_2: autoDraw = False
141.0780 	EXP 	Device response: <KeyPress from None: t=140.9631826998666, value=space, duration=0.11179310013540089>
141.6615 	EXP 	Sound sound_1 reached end of file
141.6778 	EXP 	Playing sound sound_1 on speaker Speakers (Realtek(R) Audio)
141.9782 	EXP 	Sound sound_1 stopped
141.9920 	EXP 	text: autoDraw = True
141.9920 	EXP 	textbox: autoDraw = True
143.4754 	DATA 	Keypress: 2
143.4763 	EXP 	Device response: <KeyPress from None: t=143.46999639994465, value=2, duration=None>
143.6085 	EXP 	Device response: <KeyPress from None: t=143.46999639994465, value=2, duration=0.12778720003552735>
143.9249 	DATA 	Keypress: 5
143.9256 	EXP 	Device response: <KeyPress from None: t=143.9173055998981, value=5, duration=None>
143.9749 	DATA 	Keypress: 6
143.9786 	EXP 	Device response: <KeyPress from None: t=143.96991749992594, value=6, duration=None>
143.9928 	EXP 	Device response: <KeyPress from None: t=143.9173055998981, value=5, duration=0.0718817999586463>
144.0079 	EXP 	Device response: <KeyPress from None: t=143.96991749992594, value=6, duration=0.02597269997932017>
144.0583 	DATA 	Keypress: 0
144.0589 	EXP 	Device response: <KeyPress from None: t=144.05143399978988, value=0, duration=None>
144.1586 	EXP 	Device response: <KeyPress from None: t=144.05143399978988, value=0, duration=0.09459940018132329>
144.7263 	DATA 	Keypress: backspace
144.7410 	EXP 	Device response: <KeyPress from None: t=144.72534389980137, value=backspace, duration=None>
144.8082 	EXP 	Device response: <KeyPress from None: t=144.72534389980137, value=backspace, duration=0.07591350004076958>
144.8912 	DATA 	Keypress: backspace
144.8920 	EXP 	Device response: <KeyPress from None: t=144.88930369983427, value=backspace, duration=None>
144.9746 	EXP 	Device response: <KeyPress from None: t=144.88930369983427, value=backspace, duration=0.07585550006479025>
145.4737 	DATA 	Keypress: 0
145.4744 	EXP 	Device response: <KeyPress from None: t=145.4601490998175, value=0, duration=None>
145.5406 	EXP 	Device response: <KeyPress from None: t=145.4601490998175, value=0, duration=0.07374870008789003>
146.3064 	DATA 	Mouse: Left button down, pos=(617,158)
146.3069 	EXP 	New trial (rep=0, index=27): <Trial 27 (27 in rep 0) data={'delay': 0.4, 'freq': 1000, 'condition': 'exp', 'thisN': 27, 'thisTrialN': 27, 'thisRepN': 0}>
146.3225 	EXP 	text: autoDraw = False
146.3225 	EXP 	textbox: autoDraw = False
146.3225 	EXP 	polygon: autoDraw = True
146.5252 	DATA 	Mouse:  Left button up, pos=(617,158)
147.3231 	INFO 	Keyboard events cleared
147.3230 	EXP 	polygon: autoDraw = False
147.3230 	EXP 	polygon_2: autoDraw = True
147.7057 	EXP 	Device response: <KeyPress from None: t=147.69196309987456, value=space, duration=None>
147.7073 	DATA 	Keypress: space
147.7220 	EXP 	polygon: autoDraw = False
147.7220 	EXP 	polygon_2: autoDraw = False
147.8559 	EXP 	Device response: <KeyPress from None: t=147.69196309987456, value=space, duration=0.15040610008873045>
148.0890 	EXP 	Sound sound_1 reached end of file
148.1053 	EXP 	Playing sound sound_1 on speaker Speakers (Realtek(R) Audio)
148.4023 	EXP 	Sound sound_1 stopped
148.4202 	EXP 	text: autoDraw = True
148.4202 	EXP 	textbox: autoDraw = True
149.2373 	DATA 	Keypress: 3
149.2379 	EXP 	Device response: <KeyPress from None: t=149.2316836998798, value=3, duration=None>
149.3561 	EXP 	Device response: <KeyPress from None: t=149.2316836998798, value=3, duration=0.11121900007128716>
149.6397 	DATA 	Keypress: 5
149.6534 	EXP 	Device response: <KeyPress from None: t=149.639453999931, value=5, duration=None>
149.7538 	EXP 	Device response: <KeyPress from None: t=149.639453999931, value=5, duration=0.10154949990101159>
149.8039 	DATA 	Keypress: 0
149.8046 	EXP 	Device response: <KeyPress from None: t=149.80345079977997, value=0, duration=None>
149.9039 	EXP 	Device response: <KeyPress from None: t=149.80345079977997, value=0, duration=0.09250560007058084>
150.9691 	DATA 	Mouse: Left button down, pos=(617,158)
150.9696 	EXP 	New trial (rep=0, index=28): <Trial 28 (28 in rep 0) data={'delay': 0.7, 'freq': 1000, 'condition': 'exp', 'thisN': 28, 'thisTrialN': 28, 'thisRepN': 0}>
150.9854 	EXP 	text: autoDraw = False
150.9854 	EXP 	textbox: autoDraw = False
150.9854 	EXP 	polygon: autoDraw = True
151.2047 	DATA 	Mouse:  Left button up, pos=(617,158)
151.9691 	INFO 	Keyboard events cleared
151.9690 	EXP 	polygon_2: autoDraw = True
151.9854 	EXP 	polygon: autoDraw = False
153.1348 	EXP 	Device response: <KeyPress from None: t=153.1273522998672, value=space, duration=None>
153.1369 	DATA 	Keypress: space
153.1509 	EXP 	polygon: autoDraw = False
153.1509 	EXP 	polygon_2: autoDraw = False
153.2846 	EXP 	Device response: <KeyPress from None: t=153.1273522998672, value=space, duration=0.15080550010316074>
153.8177 	EXP 	Sound sound_1 reached end of file
153.8341 	EXP 	Playing sound sound_1 on speaker Speakers (Realtek(R) Audio)
154.1304 	EXP 	Sound sound_1 stopped
154.1493 	EXP 	text: autoDraw = True
154.1493 	EXP 	textbox: autoDraw = True
154.7163 	DATA 	Keypress: 2
154.7170 	EXP 	Device response: <KeyPress from None: t=154.71304879989475, value=2, duration=None>
154.8498 	EXP 	Device response: <KeyPress from None: t=154.71304879989475, value=2, duration=0.12486919993534684>
155.2024 	DATA 	Keypress: 0
155.2172 	EXP 	Device response: <KeyPress from None: t=155.20116969989613, value=0, duration=None>
155.2997 	EXP 	Device response: <KeyPress from None: t=155.20116969989613, value=0, duration=0.08965449989773333>
155.8998 	DATA 	Keypress: 5
155.9150 	EXP 	Device response: <KeyPress from None: t=155.89844169979915, value=5, duration=None>
155.9827 	EXP 	Device response: <KeyPress from None: t=155.89844169979915, value=5, duration=0.0756751000881195>
157.2806 	DATA 	Mouse: Left button down, pos=(617,158)
157.2812 	EXP 	New trial (rep=0, index=29): <Trial 29 (29 in rep 0) data={'delay': 0.1, 'freq': 400, 'condition': 'unexp', 'thisN': 29, 'thisTrialN': 29, 'thisRepN': 0}>
157.2972 	EXP 	text: autoDraw = False
157.2972 	EXP 	textbox: autoDraw = False
157.2972 	EXP 	polygon: autoDraw = True
157.5172 	DATA 	Mouse:  Left button up, pos=(617,158)
158.2970 	INFO 	Keyboard events cleared
158.2968 	EXP 	polygon_2: autoDraw = True
158.3130 	EXP 	polygon: autoDraw = False
158.7479 	EXP 	Device response: <KeyPress from None: t=158.7453063998837, value=space, duration=None>
158.7498 	DATA 	Keypress: space
158.7623 	EXP 	polygon: autoDraw = False
158.7623 	EXP 	polygon_2: autoDraw = False
158.8476 	EXP 	Sound sound_1 reached end of file
158.8639 	EXP 	Playing sound sound_1 on speaker Speakers (Realtek(R) Audio)
158.8480 	EXP 	Device response: <KeyPress from None: t=158.7453063998837, value=space, duration=0.09803920006379485>
159.1610 	EXP 	Sound sound_1 stopped
159.1782 	EXP 	text: autoDraw = True
159.1782 	EXP 	textbox: autoDraw = True
159.7620 	DATA 	Keypress: 4
159.7629 	EXP 	Device response: <KeyPress from None: t=159.75234050001018, value=4, duration=None>
159.8454 	EXP 	Device response: <KeyPress from None: t=159.75234050001018, value=4, duration=0.08949429984204471>
159.9118 	DATA 	Keypress: 0
159.9124 	EXP 	Device response: <KeyPress from None: t=159.9065303998068, value=0, duration=None>
159.9954 	EXP 	Device response: <KeyPress from None: t=159.9065303998068, value=0, duration=0.07471740012988448>
160.0616 	DATA 	Keypress: 0
160.0622 	EXP 	Device response: <KeyPress from None: t=160.0517115998082, value=0, duration=None>
160.1453 	EXP 	Device response: <KeyPress from None: t=160.0517115998082, value=0, duration=0.08977700001560152>
160.9291 	DATA 	Mouse: Left button down, pos=(617,158)
160.9446 	EXP 	New trial (rep=0, index=30): <Trial 30 (30 in rep 0) data={'delay': 0.4, 'freq': 400, 'condition': 'unexp', 'thisN': 30, 'thisTrialN': 30, 'thisRepN': 0}>
160.9605 	EXP 	text: autoDraw = False
160.9605 	EXP 	textbox: autoDraw = False
160.9605 	EXP 	polygon: autoDraw = True
161.1470 	DATA 	Mouse:  Left button up, pos=(617,158)
161.9444 	INFO 	Keyboard events cleared
161.9442 	EXP 	polygon_2: autoDraw = True
161.9613 	EXP 	polygon: autoDraw = False
162.4093 	EXP 	Device response: <KeyPress from None: t=162.39725399995223, value=space, duration=None>
162.4102 	DATA 	Keypress: space
162.4261 	EXP 	polygon: autoDraw = False
162.4261 	EXP 	polygon_2: autoDraw = False
162.5934 	EXP 	Device response: <KeyPress from None: t=162.39725399995223, value=space, duration=0.18342829984612763>
162.7925 	EXP 	Sound sound_1 reached end of file
162.8089 	EXP 	Playing sound sound_1 on speaker Speakers (Realtek(R) Audio)
163.1121 	EXP 	Sound sound_1 stopped
163.1248 	EXP 	text: autoDraw = True
163.1248 	EXP 	textbox: autoDraw = True
163.3423 	DATA 	Keypress: 4
163.3429 	EXP 	Device response: <KeyPress from None: t=163.3354445998557, value=4, duration=None>
163.4754 	EXP 	Device response: <KeyPress from None: t=163.3354445998557, value=4, duration=0.1253341999836266>
163.5104 	DATA 	Keypress: 0
163.5256 	EXP 	Device response: <KeyPress from None: t=163.50981129985303, value=0, duration=None>
163.6093 	EXP 	Device response: <KeyPress from None: t=163.50981129985303, value=0, duration=0.09855949995107949>
163.6253 	DATA 	Keypress: 0
163.6259 	EXP 	Device response: <KeyPress from None: t=163.62032629991882, value=0, duration=None>
163.7257 	EXP 	Device response: <KeyPress from None: t=163.62032629991882, value=0, duration=0.09453999996185303>
163.8103 	DATA 	Keypress: 0
163.8115 	EXP 	Device response: <KeyPress from None: t=163.79714709986, value=0, duration=None>
163.8256 	EXP 	Device response: <KeyPress from None: t=163.79714709986, value=0, duration=0.025586900068446994>
164.2748 	DATA 	Keypress: backspace
164.2755 	EXP 	Device response: <KeyPress from None: t=164.26138359983452, value=backspace, duration=None>
164.3417 	EXP 	Device response: <KeyPress from None: t=164.26138359983452, value=backspace, duration=0.07611789996735752>
165.0078 	DATA 	Mouse: Left button down, pos=(617,158)
165.0083 	EXP 	New trial (rep=0, index=31): <Trial 31 (31 in rep 0) data={'delay': 0.7, 'freq': 1000, 'condition': 'exp', 'thisN': 31, 'thisTrialN': 31, 'thisRepN': 0}>
165.0238 	EXP 	text: autoDraw = False
165.0238 	EXP 	textbox: autoDraw = False
165.0238 	EXP 	polygon: autoDraw = True
165.2273 	DATA 	Mouse:  Left button up, pos=(617,158)
166.0076 	INFO 	Keyboard events cleared
166.0074 	EXP 	polygon_2: autoDraw = True
166.0238 	EXP 	polygon: autoDraw = False
166.3902 	EXP 	Device response: <KeyPress from None: t=166.38594189984724, value=space, duration=None>
166.3917 	DATA 	Keypress: space
166.4065 	EXP 	polygon: autoDraw = False
166.4065 	EXP 	polygon_2: autoDraw = False
166.5074 	EXP 	Device response: <KeyPress from None: t=166.38594189984724, value=space, duration=0.11892400006763637>
167.0735 	EXP 	Sound sound_1 reached end of file
167.0899 	EXP 	Playing sound sound_1 on speaker Speakers (Realtek(R) Audio)
167.3879 	EXP 	Sound sound_1 stopped
167.4047 	EXP 	text: autoDraw = True
167.4047 	EXP 	textbox: autoDraw = True
168.1388 	DATA 	Keypress: 2
168.1394 	EXP 	Device response: <KeyPress from None: t=168.13810929981992, value=2, duration=None>
168.2382 	EXP 	Device response: <KeyPress from None: t=168.13810929981992, value=2, duration=0.09148170007392764>
168.3881 	DATA 	Keypress: 0
168.3888 	EXP 	Device response: <KeyPress from None: t=168.38131709978916, value=0, duration=None>
168.5551 	EXP 	Device response: <KeyPress from None: t=168.38131709978916, value=0, duration=0.1703422002028674>
169.4540 	DATA 	Keypress: 0
169.4550 	EXP 	Device response: <KeyPress from None: t=169.4429543998558, value=0, duration=None>
169.5712 	EXP 	Device response: <KeyPress from None: t=169.4429543998558, value=0, duration=0.12185640004463494>
170.8025 	DATA 	Mouse: Left button down, pos=(617,158)
170.8030 	EXP 	New trial (rep=0, index=32): <Trial 32 (32 in rep 0) data={'delay': 0.1, 'freq': 400, 'condition': 'unexp', 'thisN': 32, 'thisTrialN': 32, 'thisRepN': 0}>
170.8191 	EXP 	text: autoDraw = False
170.8191 	EXP 	textbox: autoDraw = False
170.8191 	EXP 	polygon: autoDraw = True
171.0221 	DATA 	Mouse:  Left button up, pos=(617,158)
171.8028 	INFO 	Keyboard events cleared
171.8026 	EXP 	polygon_2: autoDraw = True
171.8195 	EXP 	polygon: autoDraw = False
172.2024 	EXP 	Device response: <KeyPress from None: t=172.1919427998364, value=space, duration=None>
172.2041 	DATA 	Keypress: space
172.2186 	EXP 	polygon: autoDraw = False
172.2186 	EXP 	polygon_2: autoDraw = False
172.2859 	EXP 	Sound sound_1 reached end of file
172.3022 	EXP 	Playing sound sound_1 on speaker Speakers (Realtek(R) Audio)
172.3853 	EXP 	Device response: <KeyPress from None: t=172.1919427998364, value=space, duration=0.1767985001206398>
172.6031 	EXP 	Sound sound_1 stopped
172.6174 	EXP 	text: autoDraw = True
172.6174 	EXP 	textbox: autoDraw = True
173.2840 	DATA 	Keypress: 4
173.2846 	EXP 	Device response: <KeyPress from None: t=173.27569839986973, value=4, duration=None>
173.3843 	EXP 	Device response: <KeyPress from None: t=173.27569839986973, value=4, duration=0.10516069992445409>
173.4172 	DATA 	Keypress: 0
173.4179 	EXP 	Device response: <KeyPress from None: t=173.41274779988453, value=0, duration=None>
173.5341 	EXP 	Device response: <KeyPress from None: t=173.41274779988453, value=0, duration=0.10818940005265176>
173.5843 	DATA 	Keypress: 0
173.5849 	EXP 	Device response: <KeyPress from None: t=173.5717690999154, value=0, duration=None>
173.6837 	EXP 	Device response: <KeyPress from None: t=173.5717690999154, value=0, duration=0.09559719986282289>
174.8998 	DATA 	Mouse: Left button down, pos=(617,158)
174.9003 	EXP 	New trial (rep=0, index=33): <Trial 33 (33 in rep 0) data={'delay': 0.7, 'freq': 1000, 'condition': 'exp', 'thisN': 33, 'thisTrialN': 33, 'thisRepN': 0}>
174.9156 	EXP 	text: autoDraw = False
174.9156 	EXP 	textbox: autoDraw = False
174.9156 	EXP 	polygon: autoDraw = True
175.1192 	DATA 	Mouse:  Left button up, pos=(617,158)
175.9160 	INFO 	Keyboard events cleared
175.9159 	EXP 	polygon: autoDraw = False
175.9159 	EXP 	polygon_2: autoDraw = True
178.0645 	EXP 	Device response: <KeyPress from None: t=178.06057599978521, value=space, duration=None>
178.0659 	DATA 	Keypress: space
178.0802 	EXP 	polygon: autoDraw = False
178.0802 	EXP 	polygon_2: autoDraw = False
178.1809 	EXP 	Device response: <KeyPress from None: t=178.06057599978521, value=space, duration=0.1171639000531286>
178.7474 	EXP 	Sound sound_1 reached end of file
178.7637 	EXP 	Playing sound sound_1 on speaker Speakers (Realtek(R) Audio)
179.0616 	EXP 	Sound sound_1 stopped
179.0782 	EXP 	text: autoDraw = True
179.0782 	EXP 	textbox: autoDraw = True
179.9453 	DATA 	Keypress: 4
179.9459 	EXP 	Device response: <KeyPress from None: t=179.9436865998432, value=4, duration=None>
180.0619 	EXP 	Device response: <KeyPress from None: t=179.9436865998432, value=4, duration=0.11461409996263683>
180.0655 	DATA 	Keypress: 0
180.0786 	EXP 	Device response: <KeyPress from None: t=180.0650747998152, value=0, duration=None>
180.1285 	EXP 	Device response: <KeyPress from None: t=180.0650747998152, value=0, duration=0.05980370007455349>
180.1948 	DATA 	Keypress: 0
180.1955 	EXP 	Device response: <KeyPress from None: t=180.18763539986685, value=0, duration=None>
180.2782 	EXP 	Device response: <KeyPress from None: t=180.18763539986685, value=0, duration=0.07520700013265014>
181.1119 	DATA 	Mouse: Left button down, pos=(617,158)
181.1124 	EXP 	New trial (rep=0, index=34): <Trial 34 (34 in rep 0) data={'delay': 0.7, 'freq': 400, 'condition': 'unexp', 'thisN': 34, 'thisTrialN': 34, 'thisRepN': 0}>
181.1274 	EXP 	text: autoDraw = False
181.1274 	EXP 	textbox: autoDraw = False
181.1274 	EXP 	polygon: autoDraw = True
181.3465 	DATA 	Mouse:  Left button up, pos=(617,158)
182.1273 	INFO 	Keyboard events cleared
182.1272 	EXP 	polygon: autoDraw = False
182.1272 	EXP 	polygon_2: autoDraw = True
182.7770 	EXP 	Device response: <KeyPress from None: t=182.77318789996207, value=space, duration=None>
182.7784 	DATA 	Keypress: space
182.7926 	EXP 	polygon: autoDraw = False
182.7926 	EXP 	polygon_2: autoDraw = False
182.9436 	EXP 	Device response: <KeyPress from None: t=182.77318789996207, value=space, duration=0.16490669990889728>
183.4604 	EXP 	Sound sound_1 reached end of file
183.4766 	EXP 	Playing sound sound_1 on speaker Speakers (Realtek(R) Audio)
183.7739 	EXP 	Sound sound_1 stopped
183.7912 	EXP 	text: autoDraw = True
183.7912 	EXP 	textbox: autoDraw = True
184.2749 	DATA 	Keypress: 4
184.2754 	EXP 	Device response: <KeyPress from None: t=184.2744909999892, value=4, duration=None>
184.3920 	EXP 	Device response: <KeyPress from None: t=184.2744909999892, value=4, duration=0.11233249981887639>
184.4266 	DATA 	Keypress: 0
184.4416 	EXP 	Device response: <KeyPress from None: t=184.42561139981262, value=0, duration=None>
184.5252 	EXP 	Device response: <KeyPress from None: t=184.42561139981262, value=0, duration=0.09246259997598827>
184.5749 	DATA 	Keypress: 0
184.5758 	EXP 	Device response: <KeyPress from None: t=184.56810469995253, value=0, duration=None>
184.6582 	EXP 	Device response: <KeyPress from None: t=184.56810469995253, value=0, duration=0.08500179997645319>
185.8908 	DATA 	Mouse: Left button down, pos=(617,158)
185.8914 	EXP 	New trial (rep=0, index=35): <Trial 35 (35 in rep 0) data={'delay': 0.7, 'freq': 400, 'condition': 'unexp', 'thisN': 35, 'thisTrialN': 35, 'thisRepN': 0}>
185.9065 	EXP 	text: autoDraw = False
185.9065 	EXP 	textbox: autoDraw = False
185.9065 	EXP 	polygon: autoDraw = True
186.1264 	DATA 	Mouse:  Left button up, pos=(617,158)
186.9070 	INFO 	Keyboard events cleared
186.9069 	EXP 	polygon: autoDraw = False
186.9069 	EXP 	polygon_2: autoDraw = True
189.0711 	EXP 	Device response: <KeyPress from None: t=189.06471629999578, value=space, duration=None>
189.0725 	DATA 	Keypress: space
189.0875 	EXP 	polygon: autoDraw = False
189.0875 	EXP 	polygon_2: autoDraw = False
189.1386 	EXP 	Device response: <KeyPress from None: t=189.06471629999578, value=space, duration=0.06263699987903237>
189.7544 	EXP 	Sound sound_1 reached end of file
189.7708 	EXP 	Playing sound sound_1 on speaker Speakers (Realtek(R) Audio)
190.0686 	EXP 	Sound sound_1 stopped
190.0859 	EXP 	text: autoDraw = True
190.0859 	EXP 	textbox: autoDraw = True
191.1528 	DATA 	Keypress: 6
191.1534 	EXP 	Device response: <KeyPress from None: t=191.14272199990228, value=6, duration=None>
191.3025 	DATA 	Keypress: 0
191.3034 	EXP 	Device response: <KeyPress from None: t=191.2936353997793, value=0, duration=None>
191.3034 	EXP 	Device response: <KeyPress from None: t=191.14272199990228, value=6, duration=0.1541623999364674>
191.4025 	EXP 	Device response: <KeyPress from None: t=191.2936353997793, value=0, duration=0.09462700015865266>
191.4357 	DATA 	Keypress: 0
191.4365 	EXP 	Device response: <KeyPress from None: t=191.4352327999659, value=0, duration=None>
191.5358 	EXP 	Device response: <KeyPress from None: t=191.4352327999659, value=0, duration=0.08487190003506839>
192.5179 	DATA 	Mouse: Left button down, pos=(617,158)
192.5184 	EXP 	New trial (rep=0, index=36): <Trial 36 (36 in rep 0) data={'delay': 0.7, 'freq': 1000, 'condition': 'exp', 'thisN': 36, 'thisTrialN': 36, 'thisRepN': 0}>
192.5343 	EXP 	text: autoDraw = False
192.5343 	EXP 	textbox: autoDraw = False
192.5343 	EXP 	polygon: autoDraw = True
192.7372 	DATA 	Mouse:  Left button up, pos=(617,158)
193.5179 	INFO 	Keyboard events cleared
193.5177 	EXP 	polygon_2: autoDraw = True
193.5345 	EXP 	polygon: autoDraw = False
194.1844 	EXP 	Device response: <KeyPress from None: t=194.17148199980147, value=space, duration=None>
194.1859 	DATA 	Keypress: space
194.2003 	EXP 	polygon: autoDraw = False
194.2003 	EXP 	polygon_2: autoDraw = False
194.3017 	EXP 	Device response: <KeyPress from None: t=194.17148199980147, value=space, duration=0.1278314001392573>
194.8839 	EXP 	Sound sound_1 reached end of file
194.9002 	EXP 	Playing sound sound_1 on speaker Speakers (Realtek(R) Audio)
195.2006 	EXP 	Sound sound_1 stopped
195.2150 	EXP 	text: autoDraw = True
195.2150 	EXP 	textbox: autoDraw = True
195.9320 	DATA 	Keypress: 2
195.9327 	EXP 	Device response: <KeyPress from None: t=195.92435989994556, value=2, duration=None>
196.0322 	EXP 	Device response: <KeyPress from None: t=195.92435989994556, value=2, duration=0.09469229984097183>
196.0655 	DATA 	Keypress: 0
196.0662 	EXP 	Device response: <KeyPress from None: t=196.06243099994026, value=0, duration=None>
196.1321 	EXP 	Device response: <KeyPress from None: t=196.06243099994026, value=0, duration=0.06906230002641678>
196.2003 	DATA 	Keypress: 0
196.2150 	EXP 	Device response: <KeyPress from None: t=196.19910179986618, value=0, duration=None>
196.2992 	EXP 	Device response: <KeyPress from None: t=196.19910179986618, value=0, duration=0.08840829995460808>
197.1477 	DATA 	Mouse: Left button down, pos=(617,158)
197.1482 	EXP 	New trial (rep=0, index=37): <Trial 37 (37 in rep 0) data={'delay': 0.4, 'freq': 400, 'condition': 'unexp', 'thisN': 37, 'thisTrialN': 37, 'thisRepN': 0}>
197.1641 	EXP 	text: autoDraw = False
197.1641 	EXP 	textbox: autoDraw = False
197.1641 	EXP 	polygon: autoDraw = True
197.3671 	DATA 	Mouse:  Left button up, pos=(617,158)
198.1640 	INFO 	Keyboard events cleared
198.1639 	EXP 	polygon: autoDraw = False
198.1639 	EXP 	polygon_2: autoDraw = True
198.7809 	EXP 	Device response: <KeyPress from None: t=198.778993899934, value=space, duration=None>
198.7828 	DATA 	Keypress: space
198.7960 	EXP 	polygon: autoDraw = False
198.7960 	EXP 	polygon_2: autoDraw = False
198.9308 	EXP 	Device response: <KeyPress from None: t=198.778993899934, value=space, duration=0.14886529999785125>
199.1805 	EXP 	Sound sound_1 reached end of file
199.1969 	EXP 	Playing sound sound_1 on speaker Speakers (Realtek(R) Audio)
199.4995 	EXP 	Sound sound_1 stopped
199.5111 	EXP 	text: autoDraw = True
199.5111 	EXP 	textbox: autoDraw = True
199.9287 	DATA 	Keypress: 5
199.9293 	EXP 	Device response: <KeyPress from None: t=199.9177078998182, value=5, duration=None>
200.0457 	EXP 	Device response: <KeyPress from None: t=199.9177078998182, value=5, duration=0.11655170004814863>
200.0476 	DATA 	Keypress: 0
200.0621 	EXP 	Device response: <KeyPress from None: t=200.04686809983104, value=0, duration=None>
200.1789 	EXP 	Device response: <KeyPress from None: t=200.04686809983104, value=0, duration=0.1182030001655221>
200.2119 	DATA 	Keypress: 0
200.2125 	EXP 	Device response: <KeyPress from None: t=200.2053685998544, value=0, duration=None>
200.2954 	EXP 	Device response: <KeyPress from None: t=200.2053685998544, value=0, duration=0.08141959994100034>
201.3776 	DATA 	Mouse: Left button down, pos=(617,158)
201.3781 	EXP 	New trial (rep=0, index=38): <Trial 38 (38 in rep 0) data={'delay': 0.4, 'freq': 400, 'condition': 'unexp', 'thisN': 38, 'thisTrialN': 38, 'thisRepN': 0}>
201.3942 	EXP 	text: autoDraw = False
201.3942 	EXP 	textbox: autoDraw = False
201.3942 	EXP 	polygon: autoDraw = True
201.5963 	DATA 	Mouse:  Left button up, pos=(617,158)
202.3774 	INFO 	Keyboard events cleared
202.3772 	EXP 	polygon_2: autoDraw = True
202.3938 	EXP 	polygon: autoDraw = False
202.9103 	EXP 	Device response: <KeyPress from None: t=202.90316779981367, value=space, duration=None>
202.9116 	DATA 	Keypress: space
202.9272 	EXP 	polygon: autoDraw = False
202.9272 	EXP 	polygon_2: autoDraw = False
203.0936 	EXP 	Device response: <KeyPress from None: t=202.90316779981367, value=space, duration=0.18684270000085235>
203.2935 	EXP 	Sound sound_1 reached end of file
203.3098 	EXP 	Playing sound sound_1 on speaker Speakers (Realtek(R) Audio)
203.6083 	EXP 	Sound sound_1 stopped
203.6246 	EXP 	text: autoDraw = True
203.6246 	EXP 	textbox: autoDraw = True
203.8422 	DATA 	Keypress: 5
203.8429 	EXP 	Device response: <KeyPress from None: t=203.83582979999483, value=5, duration=None>
203.9425 	EXP 	Device response: <KeyPress from None: t=203.83582979999483, value=5, duration=0.09941589995287359>
203.9589 	DATA 	Keypress: 0
203.9596 	EXP 	Device response: <KeyPress from None: t=203.95479029999115, value=0, duration=None>
204.0425 	EXP 	Device response: <KeyPress from None: t=203.95479029999115, value=0, duration=0.0815150998532772>
204.0920 	DATA 	Keypress: 0
204.0926 	EXP 	Device response: <KeyPress from None: t=204.08719159988686, value=0, duration=None>
204.1757 	EXP 	Device response: <KeyPress from None: t=204.08719159988686, value=0, duration=0.07489209994673729>
205.4075 	DATA 	Mouse: Left button down, pos=(617,158)
205.4080 	EXP 	New trial (rep=0, index=39): <Trial 39 (39 in rep 0) data={'delay': 0.4, 'freq': 1000, 'condition': 'exp', 'thisN': 39, 'thisTrialN': 39, 'thisRepN': 0}>
205.4238 	EXP 	text: autoDraw = False
205.4238 	EXP 	textbox: autoDraw = False
205.4238 	EXP 	polygon: autoDraw = True
205.6428 	DATA 	Mouse:  Left button up, pos=(617,158)
206.4066 	INFO 	Keyboard events cleared
206.4065 	EXP 	polygon_2: autoDraw = True
206.4232 	EXP 	polygon: autoDraw = False
206.5578 	EXP 	Device response: <KeyPress from None: t=206.55060680001043, value=space, duration=None>
206.5595 	DATA 	Keypress: space
206.5731 	EXP 	polygon: autoDraw = False
206.5731 	EXP 	polygon_2: autoDraw = False
206.7084 	EXP 	Device response: <KeyPress from None: t=206.55060680001043, value=space, duration=0.15509009989909828>
206.9410 	EXP 	Sound sound_1 reached end of file
206.9573 	EXP 	Playing sound sound_1 on speaker Speakers (Realtek(R) Audio)
207.2573 	EXP 	Sound sound_1 stopped
207.2724 	EXP 	text: autoDraw = True
207.2724 	EXP 	textbox: autoDraw = True
207.7426 	DATA 	Keypress: 4
207.7558 	EXP 	Device response: <KeyPress from None: t=207.74239829997532, value=4, duration=None>
207.8723 	DATA 	Keypress: 0
207.8729 	EXP 	Device response: <KeyPress from None: t=207.74239829997532, value=4, duration=0.1198662999086082>
207.8729 	EXP 	Device response: <KeyPress from None: t=207.8716532997787, value=0, duration=None>
207.9555 	EXP 	Device response: <KeyPress from None: t=207.8716532997787, value=0, duration=0.06868820008821785>
208.0055 	DATA 	Keypress: 0
208.0061 	EXP 	Device response: <KeyPress from None: t=207.9986260998994, value=0, duration=None>
208.0898 	EXP 	Device response: <KeyPress from None: t=207.9986260998994, value=0, duration=0.08881670003756881>
208.9381 	DATA 	Mouse: Left button down, pos=(617,158)
208.9386 	EXP 	New trial (rep=0, index=40): <Trial 40 (40 in rep 0) data={'delay': 0.7, 'freq': 400, 'condition': 'unexp', 'thisN': 40, 'thisTrialN': 40, 'thisRepN': 0}>
208.9540 	EXP 	text: autoDraw = False
208.9540 	EXP 	textbox: autoDraw = False
208.9540 	EXP 	polygon: autoDraw = True
209.1551 	DATA 	Mouse:  Left button up, pos=(617,158)
209.9378 	INFO 	Keyboard events cleared
209.9376 	EXP 	polygon_2: autoDraw = True
209.9541 	EXP 	polygon: autoDraw = False
210.4042 	EXP 	Device response: <KeyPress from None: t=210.4021573998034, value=space, duration=None>
210.4057 	DATA 	Keypress: space
210.4199 	EXP 	polygon: autoDraw = False
210.4199 	EXP 	polygon_2: autoDraw = False
210.5375 	EXP 	Device response: <KeyPress from None: t=210.4021573998034, value=space, duration=0.12500590016134083>
211.0875 	EXP 	Sound sound_1 reached end of file
211.1038 	EXP 	Playing sound sound_1 on speaker Speakers (Realtek(R) Audio)
211.3989 	EXP 	Sound sound_1 stopped
211.4182 	EXP 	text: autoDraw = True
211.4182 	EXP 	textbox: autoDraw = True
212.3353 	DATA 	Keypress: 6
212.3359 	EXP 	Device response: <KeyPress from None: t=212.3337894999422, value=6, duration=None>
212.4521 	EXP 	Device response: <KeyPress from None: t=212.3337894999422, value=6, duration=0.10479469993151724>
212.5037 	DATA 	Keypress: 0
212.5182 	EXP 	Device response: <KeyPress from None: t=212.50223599979654, value=0, duration=None>
212.5691 	EXP 	Device response: <KeyPress from None: t=212.50223599979654, value=0, duration=0.052676500054076314>
212.6350 	DATA 	Keypress: 0
212.6359 	EXP 	Device response: <KeyPress from None: t=212.62463449989446, value=0, duration=None>
212.7018 	EXP 	Device response: <KeyPress from None: t=212.62463449989446, value=0, duration=0.07492999988608062>
213.8676 	DATA 	Mouse: Left button down, pos=(617,158)
213.8681 	EXP 	New trial (rep=0, index=41): <Trial 41 (41 in rep 0) data={'delay': 0.1, 'freq': 1000, 'condition': 'exp', 'thisN': 41, 'thisTrialN': 41, 'thisRepN': 0}>
213.8835 	EXP 	text: autoDraw = False
213.8835 	EXP 	textbox: autoDraw = False
213.8835 	EXP 	polygon: autoDraw = True
214.0852 	DATA 	Mouse:  Left button up, pos=(617,158)
214.8837 	INFO 	Keyboard events cleared
214.8836 	EXP 	polygon: autoDraw = False
214.8836 	EXP 	polygon_2: autoDraw = True
215.3504 	EXP 	Device response: <KeyPress from None: t=215.34134429995902, value=space, duration=None>
215.3522 	DATA 	Keypress: space
215.3663 	EXP 	polygon: autoDraw = False
215.3663 	EXP 	polygon_2: autoDraw = False
215.4334 	EXP 	Sound sound_1 reached end of file
215.4498 	EXP 	Playing sound sound_1 on speaker Speakers (Realtek(R) Audio)
215.4838 	EXP 	Device response: <KeyPress from None: t=215.34134429995902, value=space, duration=0.128612200031057>
215.7490 	EXP 	Sound sound_1 stopped
215.7646 	EXP 	text: autoDraw = True
215.7646 	EXP 	textbox: autoDraw = True
216.3153 	DATA 	Keypress: 5
216.3159 	EXP 	Device response: <KeyPress from None: t=216.30656329984777, value=5, duration=None>
216.4327 	EXP 	Device response: <KeyPress from None: t=216.30656329984777, value=5, duration=0.11409820010885596>
216.4818 	DATA 	Keypress: 0
216.4824 	EXP 	Device response: <KeyPress from None: t=216.47802899987437, value=0, duration=None>
216.5820 	EXP 	Device response: <KeyPress from None: t=216.47802899987437, value=0, duration=0.09168680012226105>
216.6153 	DATA 	Keypress: 0
216.6160 	EXP 	Device response: <KeyPress from None: t=216.60767739987932, value=0, duration=None>
216.7151 	EXP 	Device response: <KeyPress from None: t=216.60767739987932, value=0, duration=0.1015149001032114>
217.6640 	DATA 	Mouse: Left button down, pos=(617,158)
217.6645 	EXP 	New trial (rep=0, index=42): <Trial 42 (42 in rep 0) data={'delay': 0.4, 'freq': 1000, 'condition': 'exp', 'thisN': 42, 'thisTrialN': 42, 'thisRepN': 0}>
217.6808 	EXP 	text: autoDraw = False
217.6808 	EXP 	textbox: autoDraw = False
217.6808 	EXP 	polygon: autoDraw = True
217.8838 	DATA 	Mouse:  Left button up, pos=(617,158)
218.6636 	INFO 	Keyboard events cleared
218.6635 	EXP 	polygon_2: autoDraw = True
218.6807 	EXP 	polygon: autoDraw = False
219.4475 	EXP 	Device response: <KeyPress from None: t=219.44259230000898, value=space, duration=None>
219.4494 	DATA 	Keypress: space
219.4628 	EXP 	polygon: autoDraw = False
219.4628 	EXP 	polygon_2: autoDraw = False
219.5643 	EXP 	Device response: <KeyPress from None: t=219.44259230000898, value=space, duration=0.11126849986612797>
219.8471 	EXP 	Sound sound_1 reached end of file
219.8631 	EXP 	Playing sound sound_1 on speaker Speakers (Realtek(R) Audio)
220.1617 	EXP 	Sound sound_1 stopped
220.1784 	EXP 	text: autoDraw = True
220.1784 	EXP 	textbox: autoDraw = True
221.2643 	DATA 	Keypress: 2
221.2777 	EXP 	Device response: <KeyPress from None: t=221.261729599908, value=2, duration=None>
221.3782 	EXP 	Device response: <KeyPress from None: t=221.261729599908, value=2, duration=0.11599839990958571>
221.4107 	DATA 	Keypress: 0
221.4114 	EXP 	Device response: <KeyPress from None: t=221.40235029999167, value=0, duration=None>
221.4950 	EXP 	Device response: <KeyPress from None: t=221.40235029999167, value=0, duration=0.09149469994008541>
221.5611 	DATA 	Keypress: 0
221.5620 	EXP 	Device response: <KeyPress from None: t=221.55425519985147, value=0, duration=None>
221.6612 	EXP 	Device response: <KeyPress from None: t=221.55425519985147, value=0, duration=0.09144650003872812>
222.5270 	DATA 	Mouse: Left button down, pos=(617,158)
222.5275 	EXP 	New trial (rep=0, index=43): <Trial 43 (43 in rep 0) data={'delay': 0.1, 'freq': 1000, 'condition': 'exp', 'thisN': 43, 'thisTrialN': 43, 'thisRepN': 0}>
222.5432 	EXP 	text: autoDraw = False
222.5432 	EXP 	textbox: autoDraw = False
222.5432 	EXP 	polygon: autoDraw = True
222.7448 	DATA 	Mouse:  Left button up, pos=(617,158)
223.5272 	INFO 	Keyboard events cleared
223.5270 	EXP 	polygon_2: autoDraw = True
223.5434 	EXP 	polygon: autoDraw = False
223.7773 	EXP 	Device response: <KeyPress from None: t=223.77291549998336, value=space, duration=None>
223.7793 	DATA 	Keypress: space
223.7927 	EXP 	polygon: autoDraw = False
223.7927 	EXP 	polygon_2: autoDraw = False
223.8768 	EXP 	Sound sound_1 reached end of file
223.8930 	EXP 	Playing sound sound_1 on speaker Speakers (Realtek(R) Audio)
223.9456 	EXP 	Device response: <KeyPress from None: t=223.77291549998336, value=space, duration=0.17015010002069175>
224.1903 	EXP 	Sound sound_1 stopped
224.2076 	EXP 	text: autoDraw = True
224.2076 	EXP 	textbox: autoDraw = True
224.9081 	DATA 	Keypress: 2
224.9087 	EXP 	Device response: <KeyPress from None: t=224.89955219998956, value=2, duration=None>
225.0087 	EXP 	Device response: <KeyPress from None: t=224.89955219998956, value=2, duration=0.10138569981791079>
225.2578 	DATA 	Keypress: 0
225.2587 	EXP 	Device response: <KeyPress from None: t=225.24619579990394, value=0, duration=None>
225.3581 	EXP 	Device response: <KeyPress from None: t=225.24619579990394, value=0, duration=0.10345629998482764>
226.0904 	DATA 	Keypress: 0
226.0911 	EXP 	Device response: <KeyPress from None: t=226.0841325998772, value=0, duration=None>
226.1913 	EXP 	Device response: <KeyPress from None: t=226.0841325998772, value=0, duration=0.09553129994310439>
226.9403 	DATA 	Mouse: Left button down, pos=(617,158)
226.9407 	EXP 	New trial (rep=0, index=44): <Trial 44 (44 in rep 0) data={'delay': 0.4, 'freq': 400, 'condition': 'unexp', 'thisN': 44, 'thisTrialN': 44, 'thisRepN': 0}>
226.9561 	EXP 	text: autoDraw = False
226.9561 	EXP 	textbox: autoDraw = False
226.9561 	EXP 	polygon: autoDraw = True
227.1587 	DATA 	Mouse:  Left button up, pos=(617,158)
227.9554 	INFO 	Keyboard events cleared
227.9553 	EXP 	polygon_2: autoDraw = True
227.9721 	EXP 	polygon: autoDraw = False
228.0725 	EXP 	Device response: <KeyPress from None: t=228.06223339983262, value=space, duration=None>
228.0736 	DATA 	Keypress: space
228.0887 	EXP 	polygon: autoDraw = False
228.0887 	EXP 	polygon_2: autoDraw = False
228.1901 	EXP 	Device response: <KeyPress from None: t=228.06223339983262, value=space, duration=0.11550890002399683>
228.4565 	EXP 	Sound sound_1 reached end of file
228.4727 	EXP 	Playing sound sound_1 on speaker Speakers (Realtek(R) Audio)
228.7687 	EXP 	Sound sound_1 stopped
228.7875 	EXP 	text: autoDraw = True
228.7875 	EXP 	textbox: autoDraw = True
229.3738 	DATA 	Keypress: 5
229.3875 	EXP 	Device response: <KeyPress from None: t=229.37254029978067, value=5, duration=None>
229.4878 	DATA 	Keypress: 0
229.4884 	EXP 	Device response: <KeyPress from None: t=229.48167729983106, value=0, duration=None>
229.5053 	EXP 	Device response: <KeyPress from None: t=229.37254029978067, value=5, duration=0.13189440011046827>
229.6046 	EXP 	Device response: <KeyPress from None: t=229.48167729983106, value=0, duration=0.11475930013693869>
229.6714 	DATA 	Keypress: 0
229.6720 	EXP 	Device response: <KeyPress from None: t=229.66863440000452, value=0, duration=None>
229.7715 	EXP 	Device response: <KeyPress from None: t=229.66863440000452, value=0, duration=0.091873399913311>
230.5552 	DATA 	Mouse: Left button down, pos=(617,158)
230.5709 	EXP 	New trial (rep=0, index=45): <Trial 45 (45 in rep 0) data={'delay': 0.1, 'freq': 1000, 'condition': 'exp', 'thisN': 45, 'thisTrialN': 45, 'thisRepN': 0}>
230.5865 	EXP 	text: autoDraw = False
230.5865 	EXP 	textbox: autoDraw = False
230.5865 	EXP 	polygon: autoDraw = True
230.7894 	DATA 	Mouse:  Left button up, pos=(617,158)
231.5866 	INFO 	Keyboard events cleared
231.5865 	EXP 	polygon: autoDraw = False
231.5865 	EXP 	polygon_2: autoDraw = True
231.9701 	EXP 	Device response: <KeyPress from None: t=231.9612266998738, value=space, duration=None>
231.9718 	DATA 	Keypress: space
231.9858 	EXP 	polygon: autoDraw = False
231.9858 	EXP 	polygon_2: autoDraw = False
232.0531 	EXP 	Sound sound_1 reached end of file
232.0694 	EXP 	Playing sound sound_1 on speaker Speakers (Realtek(R) Audio)
232.1204 	EXP 	Device response: <KeyPress from None: t=231.9612266998738, value=space, duration=0.15490660001523793>
232.3721 	EXP 	Sound sound_1 stopped
232.3843 	EXP 	text: autoDraw = True
232.3843 	EXP 	textbox: autoDraw = True
232.9691 	DATA 	Keypress: 4
232.9696 	EXP 	Device response: <KeyPress from None: t=232.96856079995632, value=4, duration=None>
233.0688 	EXP 	Device response: <KeyPress from None: t=232.96856079995632, value=4, duration=0.09817279991693795>
233.3033 	DATA 	Keypress: 0
233.3177 	EXP 	Device response: <KeyPress from None: t=233.30299189989455, value=0, duration=None>
233.4351 	EXP 	Device response: <KeyPress from None: t=233.30299189989455, value=0, duration=0.11805390007793903>
233.4677 	DATA 	Keypress: 0
233.4686 	EXP 	Device response: <KeyPress from None: t=233.46671469998546, value=0, duration=None>
233.5681 	EXP 	Device response: <KeyPress from None: t=233.46671469998546, value=0, duration=0.09471079986542463>
234.7832 	DATA 	Mouse: Left button down, pos=(617,158)
234.7837 	EXP 	New trial (rep=0, index=46): <Trial 46 (46 in rep 0) data={'delay': 0.4, 'freq': 400, 'condition': 'unexp', 'thisN': 46, 'thisTrialN': 46, 'thisRepN': 0}>
234.7997 	EXP 	text: autoDraw = False
234.7997 	EXP 	textbox: autoDraw = False
234.7997 	EXP 	polygon: autoDraw = True
235.0023 	DATA 	Mouse:  Left button up, pos=(617,158)
235.7830 	INFO 	Keyboard events cleared
235.7828 	EXP 	polygon_2: autoDraw = True
235.7995 	EXP 	polygon: autoDraw = False
236.2495 	EXP 	Device response: <KeyPress from None: t=236.23495419998653, value=space, duration=None>
236.2513 	DATA 	Keypress: space
236.2660 	EXP 	polygon: autoDraw = False
236.2660 	EXP 	polygon_2: autoDraw = False
236.4498 	EXP 	Device response: <KeyPress from None: t=236.23495419998653, value=space, duration=0.20073059992864728>
236.6326 	EXP 	Sound sound_1 reached end of file
236.6489 	EXP 	Playing sound sound_1 on speaker Speakers (Realtek(R) Audio)
236.9493 	EXP 	Sound sound_1 stopped
236.9638 	EXP 	text: autoDraw = True
236.9638 	EXP 	textbox: autoDraw = True
237.6810 	DATA 	Keypress: 6
237.6816 	EXP 	Device response: <KeyPress from None: t=237.67103779991157, value=6, duration=None>
237.8483 	EXP 	Device response: <KeyPress from None: t=237.67103779991157, value=6, duration=0.16735309991054237>
237.8641 	DATA 	Keypress: 0
237.8647 	EXP 	Device response: <KeyPress from None: t=237.85968479979783, value=0, duration=None>
237.9481 	EXP 	Device response: <KeyPress from None: t=237.85968479979783, value=0, duration=0.07607030007056892>
238.0140 	DATA 	Keypress: 0
238.0147 	EXP 	Device response: <KeyPress from None: t=238.00321869994514, value=0, duration=None>
238.0984 	EXP 	Device response: <KeyPress from None: t=238.00321869994514, value=0, duration=0.08167809993028641>
238.9801 	DATA 	Mouse: Left button down, pos=(617,158)
238.9805 	EXP 	New trial (rep=0, index=47): <Trial 47 (47 in rep 0) data={'delay': 0.4, 'freq': 400, 'condition': 'unexp', 'thisN': 47, 'thisTrialN': 47, 'thisRepN': 0}>
238.9963 	EXP 	text: autoDraw = False
238.9963 	EXP 	textbox: autoDraw = False
238.9963 	EXP 	polygon: autoDraw = True
239.2160 	DATA 	Mouse:  Left button up, pos=(617,158)
239.9797 	INFO 	Keyboard events cleared
239.9796 	EXP 	polygon_2: autoDraw = True
239.9963 	EXP 	polygon: autoDraw = False
240.5650 	EXP 	Device response: <KeyPress from None: t=240.5527768000029, value=space, duration=None>
240.5669 	DATA 	Keypress: space
240.5791 	EXP 	polygon: autoDraw = False
240.5791 	EXP 	polygon_2: autoDraw = False
240.6797 	EXP 	Device response: <KeyPress from None: t=240.5527768000029, value=space, duration=0.11837479984387755>
240.9626 	EXP 	Sound sound_1 reached end of file
240.9789 	EXP 	Playing sound sound_1 on speaker Speakers (Realtek(R) Audio)
241.2816 	EXP 	Sound sound_1 stopped
241.2935 	EXP 	text: autoDraw = True
241.2935 	EXP 	textbox: autoDraw = True
241.7444 	DATA 	Keypress: 7
241.7452 	EXP 	Device response: <KeyPress from None: t=241.73602499999106, value=7, duration=None>
241.8278 	EXP 	Device response: <KeyPress from None: t=241.73602499999106, value=7, duration=0.09014059999026358>
241.9802 	DATA 	Keypress: 0
241.9942 	EXP 	Device response: <KeyPress from None: t=241.97910050000064, value=0, duration=None>
242.0773 	EXP 	Device response: <KeyPress from None: t=241.97910050000064, value=0, duration=0.08216099999845028>
242.1118 	DATA 	Keypress: 0
242.1126 	EXP 	Device response: <KeyPress from None: t=242.11126259993762, value=0, duration=None>
242.2109 	EXP 	Device response: <KeyPress from None: t=242.11126259993762, value=0, duration=0.08469059993512928>
243.3598 	DATA 	Mouse: Left button down, pos=(617,158)
243.3604 	EXP 	New trial (rep=1, index=0): <Trial 48 (0 in rep 1) data={'delay': 0.1, 'freq': 400, 'condition': 'unexp', 'thisN': 48, 'thisTrialN': 0, 'thisRepN': 1}>
243.3761 	EXP 	text: autoDraw = False
243.3761 	EXP 	textbox: autoDraw = False
243.3761 	EXP 	polygon: autoDraw = True
243.5789 	DATA 	Mouse:  Left button up, pos=(617,158)
244.3595 	INFO 	Keyboard events cleared
244.3594 	EXP 	polygon_2: autoDraw = True
244.3764 	EXP 	polygon: autoDraw = False
244.5941 	EXP 	Device response: <KeyPress from None: t=244.59382039983757, value=space, duration=None>
244.5951 	DATA 	Keypress: space
244.6264 	EXP 	polygon: autoDraw = False
244.6264 	EXP 	polygon_2: autoDraw = False
244.6929 	EXP 	Sound sound_1 reached end of file
244.7092 	EXP 	Playing sound sound_1 on speaker Speakers (Realtek(R) Audio)
244.7597 	EXP 	Device response: <KeyPress from None: t=244.59382039983757, value=space, duration=0.15751070016995072>
245.0088 	EXP 	Sound sound_1 stopped
245.0239 	EXP 	text: autoDraw = True
245.0239 	EXP 	textbox: autoDraw = True
245.7116 	DATA 	Keypress: 1
245.7245 	EXP 	Device response: <KeyPress from None: t=245.71133369999006, value=1, duration=None>
245.7909 	DATA 	Keypress: 0
245.7915 	EXP 	Device response: <KeyPress from None: t=245.7899189000018, value=0, duration=None>
245.8579 	EXP 	Device response: <KeyPress from None: t=245.71133369999006, value=1, duration=0.13472019997425377>
245.8748 	EXP 	Device response: <KeyPress from None: t=245.7899189000018, value=0, duration=0.07259089988656342>
245.9413 	DATA 	Keypress: 0
245.9421 	EXP 	Device response: <KeyPress from None: t=245.93166429991834, value=0, duration=None>
246.0246 	EXP 	Device response: <KeyPress from None: t=245.93166429991834, value=0, duration=0.08144719991832972>
246.9400 	DATA 	Mouse: Left button down, pos=(617,158)
246.9405 	EXP 	New trial (rep=1, index=1): <Trial 49 (1 in rep 1) data={'delay': 0.7, 'freq': 400, 'condition': 'unexp', 'thisN': 49, 'thisTrialN': 1, 'thisRepN': 1}>
246.9564 	EXP 	text: autoDraw = False
246.9564 	EXP 	textbox: autoDraw = False
246.9564 	EXP 	polygon: autoDraw = True
247.1750 	DATA 	Mouse:  Left button up, pos=(617,158)
247.9564 	INFO 	Keyboard events cleared
247.9561 	EXP 	polygon: autoDraw = False
247.9561 	EXP 	polygon_2: autoDraw = True
248.4732 	EXP 	Device response: <KeyPress from None: t=248.46229379996657, value=space, duration=None>
248.4750 	DATA 	Keypress: space
248.4881 	EXP 	polygon: autoDraw = False
248.4881 	EXP 	polygon_2: autoDraw = False
248.6890 	EXP 	Device response: <KeyPress from None: t=248.46229379996657, value=space, duration=0.2229679999873042>
249.1723 	EXP 	Sound sound_1 reached end of file
249.1887 	EXP 	Playing sound sound_1 on speaker Speakers (Realtek(R) Audio)
249.4880 	EXP 	Sound sound_1 stopped
249.5036 	EXP 	text: autoDraw = True
249.5036 	EXP 	textbox: autoDraw = True
250.6535 	DATA 	Keypress: 8
250.6576 	EXP 	Device response: <KeyPress from None: t=250.64965459983796, value=8, duration=None>
250.7872 	EXP 	Device response: <KeyPress from None: t=250.64965459983796, value=8, duration=0.12831629998981953>
250.9040 	DATA 	Keypress: 0
250.9046 	EXP 	Device response: <KeyPress from None: t=250.8921824998688, value=0, duration=None>
251.0203 	EXP 	Device response: <KeyPress from None: t=250.8921824998688, value=0, duration=0.11131609999574721>
251.0867 	DATA 	Keypress: 0
251.0874 	EXP 	Device response: <KeyPress from None: t=251.0772431998048, value=0, duration=None>
251.1704 	EXP 	Device response: <KeyPress from None: t=251.0772431998048, value=0, duration=0.08608769997954369>
252.1530 	DATA 	Mouse: Left button down, pos=(617,158)
252.3726 	DATA 	Mouse:  Left button up, pos=(617,158)
252.8688 	DATA 	Mouse: Left button down, pos=(617,158)
252.8693 	EXP 	New trial (rep=1, index=2): <Trial 50 (2 in rep 1) data={'delay': 0.7, 'freq': 400, 'condition': 'unexp', 'thisN': 50, 'thisTrialN': 2, 'thisRepN': 1}>
252.8849 	EXP 	text: autoDraw = False
252.8849 	EXP 	textbox: autoDraw = False
252.8849 	EXP 	polygon: autoDraw = True
253.0877 	DATA 	Mouse:  Left button up, pos=(617,158)
253.8851 	INFO 	Keyboard events cleared
253.8849 	EXP 	polygon: autoDraw = False
253.8849 	EXP 	polygon_2: autoDraw = True
254.1846 	EXP 	Device response: <KeyPress from None: t=254.18192070000805, value=space, duration=None>
254.1863 	DATA 	Keypress: space
254.2009 	EXP 	polygon: autoDraw = False
254.2009 	EXP 	polygon_2: autoDraw = False
254.3510 	EXP 	Device response: <KeyPress from None: t=254.18192070000805, value=space, duration=0.16729819984175265>
254.8683 	EXP 	Sound sound_1 reached end of file
254.8846 	EXP 	Playing sound sound_1 on speaker Speakers (Realtek(R) Audio)
255.1788 	EXP 	Sound sound_1 stopped
255.1988 	EXP 	text: autoDraw = True
255.1988 	EXP 	textbox: autoDraw = True
256.0019 	DATA 	Keypress: 8
256.0159 	EXP 	Device response: <KeyPress from None: t=256.00068369996734, value=8, duration=None>
256.1160 	EXP 	Device response: <KeyPress from None: t=256.00068369996734, value=8, duration=0.111403499962762>
256.2658 	DATA 	Keypress: 0
256.2665 	EXP 	Device response: <KeyPress from None: t=256.2634457999375, value=0, duration=None>
256.3654 	EXP 	Device response: <KeyPress from None: t=256.2634457999375, value=0, duration=0.08828799985349178>
256.4152 	DATA 	Keypress: 0
256.4159 	EXP 	Device response: <KeyPress from None: t=256.41415009996854, value=0, duration=None>
256.4994 	EXP 	Device response: <KeyPress from None: t=256.41415009996854, value=0, duration=0.08298559999093413>
257.5485 	DATA 	Mouse: Left button down, pos=(617,158)
257.5490 	EXP 	New trial (rep=1, index=3): <Trial 51 (3 in rep 1) data={'delay': 0.4, 'freq': 400, 'condition': 'unexp', 'thisN': 51, 'thisTrialN': 3, 'thisRepN': 1}>
257.5641 	EXP 	text: autoDraw = False
257.5641 	EXP 	textbox: autoDraw = False
257.5641 	EXP 	polygon: autoDraw = True
257.7685 	DATA 	Mouse:  Left button up, pos=(617,158)
258.5475 	INFO 	Keyboard events cleared
258.5474 	EXP 	polygon_2: autoDraw = True
258.5641 	EXP 	polygon: autoDraw = False
258.8306 	EXP 	Device response: <KeyPress from None: t=258.8303228998557, value=space, duration=None>
258.8318 	DATA 	Keypress: space
258.8467 	EXP 	polygon: autoDraw = False
258.8467 	EXP 	polygon_2: autoDraw = False
258.9964 	EXP 	Device response: <KeyPress from None: t=258.8303228998557, value=space, duration=0.15547970007173717>
259.2139 	EXP 	Sound sound_1 reached end of file
259.2302 	EXP 	Playing sound sound_1 on speaker Speakers (Realtek(R) Audio)
259.5292 	EXP 	Sound sound_1 stopped
259.5449 	EXP 	text: autoDraw = True
259.5449 	EXP 	textbox: autoDraw = True
260.7645 	DATA 	Keypress: 6
260.7785 	EXP 	Device response: <KeyPress from None: t=260.76260079978965, value=6, duration=None>
260.8791 	EXP 	Device response: <KeyPress from None: t=260.76260079978965, value=6, duration=0.10280950018204749>
260.9118 	DATA 	Keypress: 0
260.9124 	EXP 	Device response: <KeyPress from None: t=260.9079455998726, value=0, duration=None>
261.0122 	EXP 	Device response: <KeyPress from None: t=260.9079455998726, value=0, duration=0.09187679993920028>
261.0618 	DATA 	Keypress: 0
261.0624 	EXP 	Device response: <KeyPress from None: t=261.05722949979827, value=0, duration=None>
261.1454 	EXP 	Device response: <KeyPress from None: t=261.05722949979827, value=0, duration=0.07608940009959042>
261.8979 	DATA 	Mouse: Left button down, pos=(617,158)
261.9112 	EXP 	New trial (rep=1, index=4): <Trial 52 (4 in rep 1) data={'delay': 0.4, 'freq': 400, 'condition': 'unexp', 'thisN': 52, 'thisTrialN': 4, 'thisRepN': 1}>
261.9274 	EXP 	text: autoDraw = False
261.9274 	EXP 	textbox: autoDraw = False
261.9274 	EXP 	polygon: autoDraw = True
262.1306 	DATA 	Mouse:  Left button up, pos=(617,158)
262.9115 	INFO 	Keyboard events cleared
262.9114 	EXP 	polygon_2: autoDraw = True
262.9274 	EXP 	polygon: autoDraw = False
263.2455 	DATA 	Keypress: space
263.2609 	EXP 	Device response: <KeyPress from None: t=263.2448139998596, value=space, duration=None>
263.2764 	EXP 	polygon: autoDraw = False
263.2764 	EXP 	polygon_2: autoDraw = False
263.4438 	EXP 	Device response: <KeyPress from None: t=263.2448139998596, value=space, duration=0.1830858001485467>
263.6440 	EXP 	Sound sound_1 reached end of file
263.6602 	EXP 	Playing sound sound_1 on speaker Speakers (Realtek(R) Audio)
263.9617 	EXP 	Sound sound_1 stopped
263.9750 	EXP 	text: autoDraw = True
263.9750 	EXP 	textbox: autoDraw = True
264.3593 	DATA 	Keypress: lctrl
264.3598 	EXP 	Device response: <KeyPress from None: t=264.35742589994334, value=lctrl, duration=None>
264.4758 	DATA 	Keypress: 6
264.4760 	EXP 	Device response: <KeyPress from None: t=264.4691350997891, value=6, duration=None>
264.5091 	EXP 	Device response: <KeyPress from None: t=264.35742589994334, value=lctrl, duration=0.14832609985023737>
264.6087 	DATA 	Keypress: 0
264.6093 	EXP 	Device response: <KeyPress from None: t=264.4691350997891, value=6, duration=0.12438370008021593>
264.6093 	EXP 	Device response: <KeyPress from None: t=264.6045922997873, value=0, duration=None>
264.6925 	EXP 	Device response: <KeyPress from None: t=264.6045922997873, value=0, duration=0.08612280013039708>
264.7439 	DATA 	Keypress: 0
264.7588 	EXP 	Device response: <KeyPress from None: t=264.7434667998459, value=0, duration=None>
264.8260 	EXP 	Device response: <KeyPress from None: t=264.7434667998459, value=0, duration=0.07885910011827946>
265.3250 	DATA 	Keypress: backspace
265.3257 	EXP 	Device response: <KeyPress from None: t=265.3239601999521, value=backspace, duration=None>
265.4247 	EXP 	Device response: <KeyPress from None: t=265.3239601999521, value=backspace, duration=0.08555009984411299>
265.4913 	DATA 	Keypress: backspace
265.4918 	EXP 	Device response: <KeyPress from None: t=265.48451199987903, value=backspace, duration=None>
265.5751 	EXP 	Device response: <KeyPress from None: t=265.48451199987903, value=backspace, duration=0.08511080010794103>
265.8753 	DATA 	Keypress: 8
265.8759 	EXP 	Device response: <KeyPress from None: t=265.8747836998664, value=8, duration=None>
266.0577 	EXP 	Device response: <KeyPress from None: t=265.8747836998664, value=8, duration=0.1675327999982983>
266.3092 	DATA 	Keypress: 0
266.3239 	EXP 	Device response: <KeyPress from None: t=266.30757449986413, value=0, duration=None>
266.3742 	EXP 	Device response: <KeyPress from None: t=266.30757449986413, value=0, duration=0.0629819999448955>
266.4601 	DATA 	Keypress: 0
266.4740 	EXP 	Device response: <KeyPress from None: t=266.45979189989157, value=0, duration=None>
266.5413 	EXP 	Device response: <KeyPress from None: t=266.45979189989157, value=0, duration=0.07281649997457862>
267.7228 	DATA 	Mouse: Left button down, pos=(617,158)
267.7233 	EXP 	New trial (rep=1, index=5): <Trial 53 (5 in rep 1) data={'delay': 0.1, 'freq': 1000, 'condition': 'exp', 'thisN': 53, 'thisTrialN': 5, 'thisRepN': 1}>
267.7390 	EXP 	text: autoDraw = False
267.7390 	EXP 	textbox: autoDraw = False
267.7390 	EXP 	polygon: autoDraw = True
267.9597 	DATA 	Mouse:  Left button up, pos=(617,158)
268.7231 	INFO 	Keyboard events cleared
268.7229 	EXP 	polygon_2: autoDraw = True
268.7398 	EXP 	polygon: autoDraw = False
269.0222 	DATA 	Keypress: space
269.0385 	EXP 	Device response: <KeyPress from None: t=269.0217241998762, value=space, duration=None>
269.0545 	EXP 	polygon: autoDraw = False
269.0545 	EXP 	polygon_2: autoDraw = False
269.1212 	EXP 	Sound sound_1 reached end of file
269.1377 	EXP 	Playing sound sound_1 on speaker Speakers (Realtek(R) Audio)
269.1546 	EXP 	Device response: <KeyPress from None: t=269.0217241998762, value=space, duration=0.12825120007619262>
269.4396 	EXP 	Sound sound_1 stopped
269.4541 	EXP 	text: autoDraw = True
269.4541 	EXP 	textbox: autoDraw = True
270.4065 	DATA 	Keypress: 2
270.4209 	EXP 	Device response: <KeyPress from None: t=270.4045821998734, value=2, duration=None>
270.5208 	EXP 	Device response: <KeyPress from None: t=270.4045821998734, value=2, duration=0.105007000034675>
270.5538 	DATA 	Keypress: 0
270.5545 	EXP 	Device response: <KeyPress from None: t=270.5479075999465, value=0, duration=None>
270.6378 	EXP 	Device response: <KeyPress from None: t=270.5479075999465, value=0, duration=0.0749284999910742>
270.6875 	DATA 	Keypress: 0
270.6883 	EXP 	Device response: <KeyPress from None: t=270.6836249998305, value=0, duration=None>
270.7716 	EXP 	Device response: <KeyPress from None: t=270.6836249998305, value=0, duration=0.08529040007852018>
271.6210 	DATA 	Mouse: Left button down, pos=(617,158)
271.6215 	EXP 	New trial (rep=1, index=6): <Trial 54 (6 in rep 1) data={'delay': 0.1, 'freq': 400, 'condition': 'unexp', 'thisN': 54, 'thisTrialN': 6, 'thisRepN': 1}>
271.6361 	EXP 	text: autoDraw = False
271.6361 	EXP 	textbox: autoDraw = False
271.6361 	EXP 	polygon: autoDraw = True
271.8387 	DATA 	Mouse:  Left button up, pos=(617,158)
272.6364 	INFO 	Keyboard events cleared
272.6362 	EXP 	polygon: autoDraw = False
272.6362 	EXP 	polygon_2: autoDraw = True
272.9688 	EXP 	Device response: <KeyPress from None: t=272.9663550998084, value=space, duration=None>
272.9698 	DATA 	Keypress: space
272.9848 	EXP 	polygon: autoDraw = False
272.9848 	EXP 	polygon_2: autoDraw = False
273.0528 	EXP 	Sound sound_1 reached end of file
273.0692 	EXP 	Playing sound sound_1 on speaker Speakers (Realtek(R) Audio)
273.1524 	EXP 	Device response: <KeyPress from None: t=272.9663550998084, value=space, duration=0.1813827999867499>
273.3660 	EXP 	Sound sound_1 stopped
273.3837 	EXP 	text: autoDraw = True
273.3837 	EXP 	textbox: autoDraw = True
274.2010 	DATA 	Keypress: 2
274.2016 	EXP 	Device response: <KeyPress from None: t=274.19245729991235, value=2, duration=None>
274.3172 	EXP 	Device response: <KeyPress from None: t=274.19245729991235, value=2, duration=0.11105099995620549>
274.3343 	DATA 	Keypress: 0
274.3349 	EXP 	Device response: <KeyPress from None: t=274.33104459987953, value=0, duration=None>
274.4182 	EXP 	Device response: <KeyPress from None: t=274.33104459987953, value=0, duration=0.07960129994899035>
274.4692 	DATA 	Keypress: 0
274.4841 	EXP 	Device response: <KeyPress from None: t=274.46855089999735, value=0, duration=None>
274.5514 	EXP 	Device response: <KeyPress from None: t=274.46855089999735, value=0, duration=0.08205029997043312>
275.4503 	DATA 	Mouse: Left button down, pos=(617,158)
275.4507 	EXP 	New trial (rep=1, index=7): <Trial 55 (7 in rep 1) data={'delay': 0.7, 'freq': 1000, 'condition': 'exp', 'thisN': 55, 'thisTrialN': 7, 'thisRepN': 1}>
275.4661 	EXP 	text: autoDraw = False
275.4661 	EXP 	textbox: autoDraw = False
275.4661 	EXP 	polygon: autoDraw = True
275.6849 	DATA 	Mouse:  Left button up, pos=(617,158)
276.4499 	INFO 	Keyboard events cleared
276.4497 	EXP 	polygon_2: autoDraw = True
276.4655 	EXP 	polygon: autoDraw = False
276.7663 	EXP 	Device response: <KeyPress from None: t=276.76113619981334, value=space, duration=None>
276.7679 	DATA 	Keypress: space
276.7823 	EXP 	polygon: autoDraw = False
276.7823 	EXP 	polygon_2: autoDraw = False
276.9173 	EXP 	Device response: <KeyPress from None: t=276.76113619981334, value=space, duration=0.15425450005568564>
277.4497 	EXP 	Sound sound_1 reached end of file
277.4660 	EXP 	Playing sound sound_1 on speaker Speakers (Realtek(R) Audio)
277.7684 	EXP 	Sound sound_1 stopped
277.7802 	EXP 	text: autoDraw = True
277.7802 	EXP 	textbox: autoDraw = True
278.3175 	DATA 	Keypress: 9
278.3312 	EXP 	Device response: <KeyPress from None: t=278.3172630998306, value=9, duration=None>
278.4313 	EXP 	Device response: <KeyPress from None: t=278.3172630998306, value=9, duration=0.11161210015416145>
278.5640 	DATA 	Keypress: 0
278.5646 	EXP 	Device response: <KeyPress from None: t=278.5538281998597, value=0, duration=None>
278.6310 	EXP 	Device response: <KeyPress from None: t=278.5538281998597, value=0, duration=0.07490850007161498>
278.6810 	DATA 	Keypress: 0
278.6819 	EXP 	Device response: <KeyPress from None: t=278.6779823999386, value=0, duration=None>
278.7474 	EXP 	Device response: <KeyPress from None: t=278.6779823999386, value=0, duration=0.06537489988841116>
279.4969 	DATA 	Mouse: Left button down, pos=(617,158)
279.4974 	EXP 	New trial (rep=1, index=8): <Trial 56 (8 in rep 1) data={'delay': 0.4, 'freq': 1000, 'condition': 'exp', 'thisN': 56, 'thisTrialN': 8, 'thisRepN': 1}>
279.5127 	EXP 	text: autoDraw = False
279.5127 	EXP 	textbox: autoDraw = False
279.5127 	EXP 	polygon: autoDraw = True
279.7150 	DATA 	Mouse:  Left button up, pos=(617,158)
280.4970 	INFO 	Keyboard events cleared
280.4968 	EXP 	polygon_2: autoDraw = True
280.5130 	EXP 	polygon: autoDraw = False
280.5976 	EXP 	Device response: <KeyPress from None: t=280.5950662000105, value=space, duration=None>
280.5995 	DATA 	Keypress: space
280.6126 	EXP 	polygon: autoDraw = False
280.6126 	EXP 	polygon_2: autoDraw = False
280.7297 	EXP 	Device response: <KeyPress from None: t=280.5950662000105, value=space, duration=0.11943189986050129>
280.9961 	EXP 	Sound sound_1 reached end of file
281.0124 	EXP 	Playing sound sound_1 on speaker Speakers (Realtek(R) Audio)
281.3075 	EXP 	Sound sound_1 stopped
281.3273 	EXP 	text: autoDraw = True
281.3273 	EXP 	textbox: autoDraw = True
281.8446 	DATA 	Keypress: 1
281.8452 	EXP 	Device response: <KeyPress from None: t=281.8419851998333, value=1, duration=None>
281.9449 	EXP 	Device response: <KeyPress from None: t=281.8419851998333, value=1, duration=0.09913490014150739>
281.9611 	DATA 	Keypress: 0
281.9622 	EXP 	Device response: <KeyPress from None: t=281.9588815998286, value=0, duration=None>
282.0450 	EXP 	Device response: <KeyPress from None: t=281.9588815998286, value=0, duration=0.07857270003296435>
282.0944 	DATA 	Keypress: 0
282.0950 	EXP 	Device response: <KeyPress from None: t=282.0905628998298, value=0, duration=None>
282.1778 	EXP 	Device response: <KeyPress from None: t=282.0905628998298, value=0, duration=0.07922490010969341>
283.2432 	DATA 	Mouse: Left button down, pos=(617,158)
283.2437 	EXP 	New trial (rep=1, index=9): <Trial 57 (9 in rep 1) data={'delay': 0.7, 'freq': 400, 'condition': 'unexp', 'thisN': 57, 'thisTrialN': 9, 'thisRepN': 1}>
283.2602 	EXP 	text: autoDraw = False
283.2602 	EXP 	textbox: autoDraw = False
283.2602 	EXP 	polygon: autoDraw = True
283.4627 	DATA 	Mouse:  Left button up, pos=(617,158)
284.2431 	INFO 	Keyboard events cleared
284.2430 	EXP 	polygon_2: autoDraw = True
284.2599 	EXP 	polygon: autoDraw = False
284.4774 	EXP 	Device response: <KeyPress from None: t=284.4700306998566, value=space, duration=None>
284.4792 	DATA 	Keypress: space
284.4924 	EXP 	polygon: autoDraw = False
284.4924 	EXP 	polygon_2: autoDraw = False
284.5762 	EXP 	Device response: <KeyPress from None: t=284.4700306998566, value=space, duration=0.10271960007958114>
285.1764 	EXP 	Sound sound_1 reached end of file
285.1926 	EXP 	Playing sound sound_1 on speaker Speakers (Realtek(R) Audio)
285.4916 	EXP 	Sound sound_1 stopped
285.5071 	EXP 	text: autoDraw = True
285.5071 	EXP 	textbox: autoDraw = True
286.2100 	DATA 	Keypress: 9
286.2244 	EXP 	Device response: <KeyPress from None: t=286.208498199936, value=9, duration=None>
286.3248 	EXP 	Device response: <KeyPress from None: t=286.208498199936, value=9, duration=0.10483349999412894>
286.4259 	DATA 	Keypress: 0
286.4411 	EXP 	Device response: <KeyPress from None: t=286.4243610999547, value=0, duration=None>
286.5246 	EXP 	Device response: <KeyPress from None: t=286.4243610999547, value=0, duration=0.09031599992886186>
286.5741 	DATA 	Keypress: 0
286.5748 	EXP 	Device response: <KeyPress from None: t=286.56777419988066, value=0, duration=None>
286.6580 	EXP 	Device response: <KeyPress from None: t=286.56777419988066, value=0, duration=0.0820486000739038>
287.6564 	DATA 	Mouse: Left button down, pos=(617,158)
287.6569 	EXP 	New trial (rep=1, index=10): <Trial 58 (10 in rep 1) data={'delay': 0.1, 'freq': 400, 'condition': 'unexp', 'thisN': 58, 'thisTrialN': 10, 'thisRepN': 1}>
287.6728 	EXP 	text: autoDraw = False
287.6728 	EXP 	textbox: autoDraw = False
287.6728 	EXP 	polygon: autoDraw = True
287.8758 	DATA 	Mouse:  Left button up, pos=(617,158)
288.6558 	INFO 	Keyboard events cleared
288.6557 	EXP 	polygon_2: autoDraw = True
288.6728 	EXP 	polygon: autoDraw = False
288.9400 	EXP 	Device response: <KeyPress from None: t=288.92986849998124, value=space, duration=None>
288.9420 	DATA 	Keypress: space
288.9551 	EXP 	polygon: autoDraw = False
288.9551 	EXP 	polygon_2: autoDraw = False
289.0230 	EXP 	Sound sound_1 reached end of file
289.0393 	EXP 	Playing sound sound_1 on speaker Speakers (Realtek(R) Audio)
289.1393 	EXP 	Device response: <KeyPress from None: t=288.92986849998124, value=space, duration=0.19392799981869757>
289.3319 	EXP 	Sound sound_1 stopped
289.3541 	EXP 	text: autoDraw = True
289.3541 	EXP 	textbox: autoDraw = True
290.6212 	DATA 	Keypress: 0
290.6218 	EXP 	Device response: <KeyPress from None: t=290.61768849985674, value=0, duration=None>
290.7211 	EXP 	Device response: <KeyPress from None: t=290.61768849985674, value=0, duration=0.08770620007999241>
291.1723 	DATA 	Keypress: backspace
291.1869 	EXP 	Device response: <KeyPress from None: t=291.1718547998462, value=backspace, duration=None>
291.2875 	EXP 	Device response: <KeyPress from None: t=291.1718547998462, value=backspace, duration=0.11202390003018081>
291.3532 	DATA 	Keypress: 4
291.3538 	EXP 	Device response: <KeyPress from None: t=291.34255199995823, value=4, duration=None>
291.4540 	EXP 	Device response: <KeyPress from None: t=291.34255199995823, value=4, duration=0.11087420000694692>
291.6703 	DATA 	Keypress: 0
291.6710 	EXP 	Device response: <KeyPress from None: t=291.6565531999804, value=0, duration=None>
291.7536 	EXP 	Device response: <KeyPress from None: t=291.6565531999804, value=0, duration=0.09156369999982417>
291.8230 	DATA 	Keypress: 0
291.8363 	EXP 	Device response: <KeyPress from None: t=291.82210429990664, value=0, duration=None>
291.9035 	EXP 	Device response: <KeyPress from None: t=291.82210429990664, value=0, duration=0.07865340006537735>
293.0353 	DATA 	Mouse: Left button down, pos=(617,158)
293.0358 	EXP 	New trial (rep=1, index=11): <Trial 59 (11 in rep 1) data={'delay': 0.4, 'freq': 1000, 'condition': 'exp', 'thisN': 59, 'thisTrialN': 11, 'thisRepN': 1}>
293.0517 	EXP 	text: autoDraw = False
293.0517 	EXP 	textbox: autoDraw = False
293.0517 	EXP 	polygon: autoDraw = True
293.2545 	DATA 	Mouse:  Left button up, pos=(617,158)
294.0518 	INFO 	Keyboard events cleared
294.0516 	EXP 	polygon: autoDraw = False
294.0516 	EXP 	polygon_2: autoDraw = True
294.3011 	EXP 	Device response: <KeyPress from None: t=294.2966365998145, value=space, duration=None>
294.3024 	DATA 	Keypress: space
294.3173 	EXP 	polygon: autoDraw = False
294.3173 	EXP 	polygon_2: autoDraw = False
294.5186 	EXP 	Device response: <KeyPress from None: t=294.2966365998145, value=space, duration=0.2100729001685977>
294.6848 	EXP 	Sound sound_1 reached end of file
294.7011 	EXP 	Playing sound sound_1 on speaker Speakers (Realtek(R) Audio)
294.9985 	EXP 	Sound sound_1 stopped
295.0161 	EXP 	text: autoDraw = True
295.0161 	EXP 	textbox: autoDraw = True
295.6667 	DATA 	Keypress: 3
295.6677 	EXP 	Device response: <KeyPress from None: t=295.66355499997735, value=3, duration=None>
295.8000 	EXP 	Device response: <KeyPress from None: t=295.66355499997735, value=3, duration=0.12171179987490177>
295.8665 	DATA 	Keypress: 0
295.8676 	EXP 	Device response: <KeyPress from None: t=295.8576283999719, value=0, duration=None>
295.9339 	EXP 	Device response: <KeyPress from None: t=295.8576283999719, value=0, duration=0.07481799996457994>
296.0028 	DATA 	Keypress: 0
296.0163 	EXP 	Device response: <KeyPress from None: t=296.00153409992345, value=0, duration=None>
296.0833 	EXP 	Device response: <KeyPress from None: t=296.00153409992345, value=0, duration=0.06991219986230135>
297.1987 	DATA 	Mouse: Left button down, pos=(617,158)
297.1992 	EXP 	New trial (rep=1, index=12): <Trial 60 (12 in rep 1) data={'delay': 0.4, 'freq': 1000, 'condition': 'exp', 'thisN': 60, 'thisTrialN': 12, 'thisRepN': 1}>
297.2150 	EXP 	text: autoDraw = False
297.2150 	EXP 	textbox: autoDraw = False
297.2150 	EXP 	polygon: autoDraw = True
297.4177 	DATA 	Mouse:  Left button up, pos=(617,158)
298.2154 	INFO 	Keyboard events cleared
298.2152 	EXP 	polygon: autoDraw = False
298.2152 	EXP 	polygon_2: autoDraw = True
298.5145 	EXP 	Device response: <KeyPress from None: t=298.5081575999502, value=space, duration=None>
298.5157 	DATA 	Keypress: space
298.5305 	EXP 	polygon: autoDraw = False
298.5305 	EXP 	polygon_2: autoDraw = False
298.7150 	EXP 	Device response: <KeyPress from None: t=298.5081575999502, value=space, duration=0.20641979994252324>
298.8975 	EXP 	Sound sound_1 reached end of file
298.9139 	EXP 	Playing sound sound_1 on speaker Speakers (Realtek(R) Audio)
299.2085 	EXP 	Sound sound_1 stopped
299.2294 	EXP 	text: autoDraw = True
299.2294 	EXP 	textbox: autoDraw = True
299.8800 	DATA 	Keypress: 3
299.8806 	EXP 	Device response: <KeyPress from None: t=299.869247399969, value=3, duration=None>
300.0134 	EXP 	Device response: <KeyPress from None: t=299.869247399969, value=3, duration=0.13793789991177619>
300.0799 	DATA 	Keypress: 0
300.0805 	EXP 	Device response: <KeyPress from None: t=300.07675149990246, value=0, duration=None>
300.1468 	EXP 	Device response: <KeyPress from None: t=300.07675149990246, value=0, duration=0.05913649988360703>
300.2129 	DATA 	Keypress: 0
300.2136 	EXP 	Device response: <KeyPress from None: t=300.2045165998861, value=0, duration=None>
300.2808 	EXP 	Device response: <KeyPress from None: t=300.2045165998861, value=0, duration=0.06899100006558001>
301.1289 	DATA 	Mouse: Left button down, pos=(617,158)
301.1293 	EXP 	New trial (rep=1, index=13): <Trial 61 (13 in rep 1) data={'delay': 0.7, 'freq': 400, 'condition': 'unexp', 'thisN': 61, 'thisTrialN': 13, 'thisRepN': 1}>
301.1451 	EXP 	text: autoDraw = False
301.1451 	EXP 	textbox: autoDraw = False
301.1451 	EXP 	polygon: autoDraw = True
301.3466 	DATA 	Mouse:  Left button up, pos=(617,158)
302.1282 	INFO 	Keyboard events cleared
302.1280 	EXP 	polygon_2: autoDraw = True
302.1448 	EXP 	polygon: autoDraw = False
302.5122 	EXP 	Device response: <KeyPress from None: t=302.50336329988204, value=space, duration=None>
302.5139 	DATA 	Keypress: space
302.5276 	EXP 	polygon: autoDraw = False
302.5276 	EXP 	polygon_2: autoDraw = False
302.6947 	EXP 	Device response: <KeyPress from None: t=302.50336329988204, value=space, duration=0.180901899933815>
303.2119 	EXP 	Sound sound_1 reached end of file
303.2282 	EXP 	Playing sound sound_1 on speaker Speakers (Realtek(R) Audio)
303.5282 	EXP 	Sound sound_1 stopped
303.5424 	EXP 	text: autoDraw = True
303.5424 	EXP 	textbox: autoDraw = True
303.9930 	DATA 	Keypress: 9
303.9936 	EXP 	Device response: <KeyPress from None: t=303.98084329999983, value=9, duration=None>
304.0769 	EXP 	Device response: <KeyPress from None: t=303.98084329999983, value=9, duration=0.09111669985577464>
304.1761 	DATA 	Keypress: 0
304.1768 	EXP 	Device response: <KeyPress from None: t=304.1757959998213, value=0, duration=None>
304.2762 	EXP 	Device response: <KeyPress from None: t=304.1757959998213, value=0, duration=0.08550880011171103>
304.3275 	DATA 	Keypress: 0
304.3291 	EXP 	Device response: <KeyPress from None: t=304.31784409983084, value=0, duration=None>
304.4100 	EXP 	Device response: <KeyPress from None: t=304.31784409983084, value=0, duration=0.08504560007713735>
305.4586 	DATA 	Mouse: Left button down, pos=(617,158)
305.4590 	EXP 	New trial (rep=1, index=14): <Trial 62 (14 in rep 1) data={'delay': 0.7, 'freq': 1000, 'condition': 'exp', 'thisN': 62, 'thisTrialN': 14, 'thisRepN': 1}>
305.4747 	EXP 	text: autoDraw = False
305.4747 	EXP 	textbox: autoDraw = False
305.4747 	EXP 	polygon: autoDraw = True
305.6776 	DATA 	Mouse:  Left button up, pos=(617,158)
306.4752 	INFO 	Keyboard events cleared
306.4751 	EXP 	polygon: autoDraw = False
306.4751 	EXP 	polygon_2: autoDraw = True
306.8747 	EXP 	Device response: <KeyPress from None: t=306.86747189983726, value=space, duration=None>
306.8762 	DATA 	Keypress: space
306.8902 	EXP 	polygon: autoDraw = False
306.8902 	EXP 	polygon_2: autoDraw = False
307.0403 	EXP 	Device response: <KeyPress from None: t=306.86747189983726, value=space, duration=0.16127070016227663>
307.5579 	EXP 	Sound sound_1 reached end of file
307.5741 	EXP 	Playing sound sound_1 on speaker Speakers (Realtek(R) Audio)
307.8774 	EXP 	Sound sound_1 stopped
307.8890 	EXP 	text: autoDraw = True
307.8890 	EXP 	textbox: autoDraw = True
308.6750 	DATA 	Keypress: 9
308.6890 	EXP 	Device response: <KeyPress from None: t=308.6733377999626, value=9, duration=None>
308.8059 	EXP 	Device response: <KeyPress from None: t=308.6733377999626, value=9, duration=0.12494739983230829>
308.9071 	DATA 	Keypress: 0
308.9222 	EXP 	Device response: <KeyPress from None: t=308.9058172998484, value=0, duration=None>
309.0391 	EXP 	Device response: <KeyPress from None: t=308.9058172998484, value=0, duration=0.1282331000547856>
309.1220 	DATA 	Keypress: 0
309.1227 	EXP 	Device response: <KeyPress from None: t=309.1107536999043, value=0, duration=None>
309.2062 	EXP 	Device response: <KeyPress from None: t=309.1107536999043, value=0, duration=0.09181850007735193>
310.3546 	DATA 	Mouse: Left button down, pos=(617,158)
310.3551 	EXP 	New trial (rep=1, index=15): <Trial 63 (15 in rep 1) data={'delay': 0.7, 'freq': 400, 'condition': 'unexp', 'thisN': 63, 'thisTrialN': 15, 'thisRepN': 1}>
310.3707 	EXP 	text: autoDraw = False
310.3707 	EXP 	textbox: autoDraw = False
310.3707 	EXP 	polygon: autoDraw = True
310.5902 	DATA 	Mouse:  Left button up, pos=(617,158)
311.3710 	INFO 	Keyboard events cleared
311.3708 	EXP 	polygon: autoDraw = False
311.3708 	EXP 	polygon_2: autoDraw = True
311.4704 	EXP 	Device response: <KeyPress from None: t=311.4663838997949, value=space, duration=None>
311.4720 	DATA 	Keypress: space
311.4868 	EXP 	polygon: autoDraw = False
311.4868 	EXP 	polygon_2: autoDraw = False
311.6221 	EXP 	Device response: <KeyPress from None: t=311.4663838997949, value=space, duration=0.1537791001610458>
312.1536 	EXP 	Sound sound_1 reached end of file
312.1699 	EXP 	Playing sound sound_1 on speaker Speakers (Realtek(R) Audio)
312.4686 	EXP 	Sound sound_1 stopped
312.4852 	EXP 	text: autoDraw = True
312.4852 	EXP 	textbox: autoDraw = True
313.2355 	DATA 	Keypress: 7
313.2361 	EXP 	Device response: <KeyPress from None: t=313.23269079998136, value=7, duration=None>
313.3692 	EXP 	Device response: <KeyPress from None: t=313.23269079998136, value=7, duration=0.12529689981602132>
313.5186 	DATA 	Keypress: 0
313.5192 	EXP 	Device response: <KeyPress from None: t=313.5135343999136, value=0, duration=None>
313.6356 	EXP 	Device response: <KeyPress from None: t=313.5135343999136, value=0, duration=0.12090209987945855>
313.7017 	DATA 	Keypress: 0
313.7023 	EXP 	Device response: <KeyPress from None: t=313.69616769999266, value=0, duration=None>
313.8190 	EXP 	Device response: <KeyPress from None: t=313.69616769999266, value=0, duration=0.10857689986005425>
314.9009 	DATA 	Mouse: Left button down, pos=(617,158)
314.9014 	EXP 	New trial (rep=1, index=16): <Trial 64 (16 in rep 1) data={'delay': 0.1, 'freq': 400, 'condition': 'unexp', 'thisN': 64, 'thisTrialN': 16, 'thisRepN': 1}>
314.9170 	EXP 	text: autoDraw = False
314.9170 	EXP 	textbox: autoDraw = False
314.9170 	EXP 	polygon: autoDraw = True
315.1195 	DATA 	Mouse:  Left button up, pos=(617,158)
315.9173 	INFO 	Keyboard events cleared
315.9172 	EXP 	polygon: autoDraw = False
315.9172 	EXP 	polygon_2: autoDraw = True
316.3327 	EXP 	Device response: <KeyPress from None: t=316.3277750997804, value=space, duration=None>
316.3336 	DATA 	Keypress: space
316.3492 	EXP 	polygon: autoDraw = False
316.3492 	EXP 	polygon_2: autoDraw = False
316.4172 	EXP 	Sound sound_1 reached end of file
316.4336 	EXP 	Playing sound sound_1 on speaker Speakers (Realtek(R) Audio)
316.4505 	EXP 	Device response: <KeyPress from None: t=316.3277750997804, value=space, duration=0.12163970014080405>
316.7297 	EXP 	Sound sound_1 stopped
316.7484 	EXP 	text: autoDraw = True
316.7484 	EXP 	textbox: autoDraw = True
317.7317 	DATA 	Keypress: 5
317.7327 	EXP 	Device response: <KeyPress from None: t=317.72080649994314, value=5, duration=None>
317.8491 	EXP 	Device response: <KeyPress from None: t=317.72080649994314, value=5, duration=0.12503349990583956>
317.8650 	DATA 	Keypress: 0
317.8657 	EXP 	Device response: <KeyPress from None: t=317.86451569991186, value=0, duration=None>
317.9815 	EXP 	Device response: <KeyPress from None: t=317.86451569991186, value=0, duration=0.10176980006508529>
318.0148 	DATA 	Keypress: 0
318.0154 	EXP 	Device response: <KeyPress from None: t=318.00159309990704, value=0, duration=None>
318.0980 	EXP 	Device response: <KeyPress from None: t=318.00159309990704, value=0, duration=0.08178750006482005>
319.0805 	DATA 	Mouse: Left button down, pos=(617,158)
319.0810 	EXP 	New trial (rep=1, index=17): <Trial 65 (17 in rep 1) data={'delay': 0.4, 'freq': 400, 'condition': 'unexp', 'thisN': 65, 'thisTrialN': 17, 'thisRepN': 1}>
319.0969 	EXP 	text: autoDraw = False
319.0969 	EXP 	textbox: autoDraw = False
319.0969 	EXP 	polygon: autoDraw = True
319.3159 	DATA 	Mouse:  Left button up, pos=(617,158)
320.0809 	INFO 	Keyboard events cleared
320.0808 	EXP 	polygon_2: autoDraw = True
320.0967 	EXP 	polygon: autoDraw = False
320.3308 	EXP 	Device response: <KeyPress from None: t=320.32555619999766, value=space, duration=None>
320.3323 	DATA 	Keypress: space
320.3459 	EXP 	polygon: autoDraw = False
320.3459 	EXP 	polygon_2: autoDraw = False
320.4804 	EXP 	Device response: <KeyPress from None: t=320.32555619999766, value=space, duration=0.14588169986382127>
320.7137 	EXP 	Sound sound_1 reached end of file
320.7300 	EXP 	Playing sound sound_1 on speaker Speakers (Realtek(R) Audio)
321.0290 	EXP 	Sound sound_1 stopped
321.0447 	EXP 	text: autoDraw = True
321.0447 	EXP 	textbox: autoDraw = True
321.5286 	DATA 	Keypress: 5
321.5292 	EXP 	Device response: <KeyPress from None: t=321.51827030000277, value=5, duration=None>
321.6785 	DATA 	Keypress: 0
321.6791 	EXP 	Device response: <KeyPress from None: t=321.51827030000277, value=5, duration=0.1438499998766929>
321.6791 	EXP 	Device response: <KeyPress from None: t=321.6693952998612, value=0, duration=None>
321.7955 	EXP 	Device response: <KeyPress from None: t=321.6693952998612, value=0, duration=0.11457710014656186>
321.8312 	DATA 	Keypress: 0
321.8450 	EXP 	Device response: <KeyPress from None: t=321.8301028998103, value=0, duration=None>
321.9287 	EXP 	Device response: <KeyPress from None: t=321.8301028998103, value=0, duration=0.09239080012775958>
322.7110 	DATA 	Mouse: Left button down, pos=(617,158)
322.7115 	EXP 	New trial (rep=1, index=18): <Trial 66 (18 in rep 1) data={'delay': 0.7, 'freq': 1000, 'condition': 'exp', 'thisN': 66, 'thisTrialN': 18, 'thisRepN': 1}>
322.7271 	EXP 	text: autoDraw = False
322.7271 	EXP 	textbox: autoDraw = False
322.7271 	EXP 	polygon: autoDraw = True
322.9470 	DATA 	Mouse:  Left button up, pos=(617,158)
323.7110 	INFO 	Keyboard events cleared
323.7108 	EXP 	polygon_2: autoDraw = True
323.7273 	EXP 	polygon: autoDraw = False
324.1618 	EXP 	Device response: <KeyPress from None: t=324.157306100009, value=space, duration=None>
324.1630 	DATA 	Keypress: space
324.1758 	EXP 	polygon: autoDraw = False
324.1758 	EXP 	polygon_2: autoDraw = False
324.3274 	EXP 	Device response: <KeyPress from None: t=324.157306100009, value=space, duration=0.15820519998669624>
324.8603 	EXP 	Sound sound_1 reached end of file
324.8766 	EXP 	Playing sound sound_1 on speaker Speakers (Realtek(R) Audio)
325.1755 	EXP 	Sound sound_1 stopped
325.1913 	EXP 	text: autoDraw = True
325.1913 	EXP 	textbox: autoDraw = True
325.4946 	DATA 	Keypress: 9
325.5087 	EXP 	Device response: <KeyPress from None: t=325.492069899803, value=9, duration=None>
325.6091 	EXP 	Device response: <KeyPress from None: t=325.492069899803, value=9, duration=0.1119982001837343>
325.7418 	DATA 	Keypress: 0
325.7430 	EXP 	Device response: <KeyPress from None: t=325.7341035997961, value=0, duration=None>
325.8256 	EXP 	Device response: <KeyPress from None: t=325.7341035997961, value=0, duration=0.08535110019147396>
325.8586 	DATA 	Keypress: 0
325.8593 	EXP 	Device response: <KeyPress from None: t=325.8578007998876, value=0, duration=None>
325.9422 	EXP 	Device response: <KeyPress from None: t=325.8578007998876, value=0, duration=0.08184410003013909>
326.7410 	DATA 	Mouse: Left button down, pos=(617,158)
326.7415 	EXP 	New trial (rep=1, index=19): <Trial 67 (19 in rep 1) data={'delay': 0.1, 'freq': 400, 'condition': 'unexp', 'thisN': 67, 'thisTrialN': 19, 'thisRepN': 1}>
326.7571 	EXP 	text: autoDraw = False
326.7571 	EXP 	textbox: autoDraw = False
326.7571 	EXP 	polygon: autoDraw = True
326.9767 	DATA 	Mouse:  Left button up, pos=(617,158)
327.7408 	INFO 	Keyboard events cleared
327.7407 	EXP 	polygon_2: autoDraw = True
327.7571 	EXP 	polygon: autoDraw = False
328.0921 	DATA 	Keypress: space
328.1073 	EXP 	Device response: <KeyPress from None: t=328.0916145998053, value=space, duration=None>
328.1233 	EXP 	polygon: autoDraw = False
328.1233 	EXP 	polygon_2: autoDraw = False
328.1911 	EXP 	Sound sound_1 reached end of file
328.2075 	EXP 	Playing sound sound_1 on speaker Speakers (Realtek(R) Audio)
328.2736 	EXP 	Device response: <KeyPress from None: t=328.0916145998053, value=space, duration=0.1799735000822693>
328.5079 	EXP 	Sound sound_1 stopped
328.5218 	EXP 	text: autoDraw = True
328.5218 	EXP 	textbox: autoDraw = True
329.3579 	DATA 	Keypress: 5
329.3721 	EXP 	Device response: <KeyPress from None: t=329.35696349991485, value=5, duration=None>
329.5218 	DATA 	Keypress: 0
329.5224 	EXP 	Device response: <KeyPress from None: t=329.51812279992737, value=0, duration=None>
329.5385 	EXP 	Device response: <KeyPress from None: t=329.35696349991485, value=5, duration=0.16763700009323657>
329.6225 	EXP 	Device response: <KeyPress from None: t=329.51812279992737, value=0, duration=0.09222660004161298>
329.6720 	DATA 	Keypress: 0
329.6726 	EXP 	Device response: <KeyPress from None: t=329.66745629999787, value=0, duration=None>
329.7554 	EXP 	Device response: <KeyPress from None: t=329.66745629999787, value=0, duration=0.08154359995387495>
330.6048 	DATA 	Mouse: Left button down, pos=(617,158)
330.6053 	EXP 	New trial (rep=1, index=20): <Trial 68 (20 in rep 1) data={'delay': 0.4, 'freq': 1000, 'condition': 'exp', 'thisN': 68, 'thisTrialN': 20, 'thisRepN': 1}>
330.6206 	EXP 	text: autoDraw = False
330.6206 	EXP 	textbox: autoDraw = False
330.6206 	EXP 	polygon: autoDraw = True
330.8237 	DATA 	Mouse:  Left button up, pos=(617,158)
331.6207 	INFO 	Keyboard events cleared
331.6206 	EXP 	polygon: autoDraw = False
331.6206 	EXP 	polygon_2: autoDraw = True
332.0710 	EXP 	Device response: <KeyPress from None: t=332.0619410998188, value=space, duration=None>
332.0723 	DATA 	Keypress: space
332.0869 	EXP 	polygon: autoDraw = False
332.0869 	EXP 	polygon_2: autoDraw = False
332.2873 	EXP 	Device response: <KeyPress from None: t=332.0619410998188, value=space, duration=0.2102697000373155>
332.4706 	EXP 	Sound sound_1 reached end of file
332.4870 	EXP 	Playing sound sound_1 on speaker Speakers (Realtek(R) Audio)
332.7915 	EXP 	Sound sound_1 stopped
332.8022 	EXP 	text: autoDraw = True
332.8022 	EXP 	textbox: autoDraw = True
333.3192 	DATA 	Keypress: 8
333.3198 	EXP 	Device response: <KeyPress from None: t=333.3082637998741, value=8, duration=None>
333.4359 	EXP 	Device response: <KeyPress from None: t=333.3082637998741, value=8, duration=0.11514599993824959>
333.5521 	DATA 	Keypress: 0
333.5527 	EXP 	Device response: <KeyPress from None: t=333.5465225998778, value=0, duration=None>
333.6525 	EXP 	Device response: <KeyPress from None: t=333.5465225998778, value=0, duration=0.09211430000141263>
333.6868 	DATA 	Keypress: 0
333.7020 	EXP 	Device response: <KeyPress from None: t=333.6856230997946, value=0, duration=None>
333.7853 	EXP 	Device response: <KeyPress from None: t=333.6856230997946, value=0, duration=0.09849980007857084>
334.6844 	DATA 	Mouse: Left button down, pos=(617,158)
334.6849 	EXP 	New trial (rep=1, index=21): <Trial 69 (21 in rep 1) data={'delay': 0.7, 'freq': 1000, 'condition': 'exp', 'thisN': 69, 'thisTrialN': 21, 'thisRepN': 1}>
334.7009 	EXP 	text: autoDraw = False
334.7009 	EXP 	textbox: autoDraw = False
334.7009 	EXP 	polygon: autoDraw = True
334.9033 	DATA 	Mouse:  Left button up, pos=(617,158)
335.6845 	INFO 	Keyboard events cleared
335.6843 	EXP 	polygon_2: autoDraw = True
335.7013 	EXP 	polygon: autoDraw = False
336.0348 	EXP 	Device response: <KeyPress from None: t=336.02558119990863, value=space, duration=None>
336.0368 	DATA 	Keypress: space
336.0502 	EXP 	polygon: autoDraw = False
336.0502 	EXP 	polygon_2: autoDraw = False
336.2012 	EXP 	Device response: <KeyPress from None: t=336.02558119990863, value=space, duration=0.16755270003341138>
336.7339 	EXP 	Sound sound_1 reached end of file
336.7503 	EXP 	Playing sound sound_1 on speaker Speakers (Realtek(R) Audio)
337.0489 	EXP 	Sound sound_1 stopped
337.0645 	EXP 	text: autoDraw = True
337.0645 	EXP 	textbox: autoDraw = True
337.2517 	DATA 	Keypress: 9
337.2655 	EXP 	Device response: <KeyPress from None: t=337.2497492998373, value=9, duration=None>
337.3657 	EXP 	Device response: <KeyPress from None: t=337.2497492998373, value=9, duration=0.10184240015223622>
337.4671 	DATA 	Keypress: 0
337.4818 	EXP 	Device response: <KeyPress from None: t=337.46671699988656, value=0, duration=None>
337.5503 	EXP 	Device response: <KeyPress from None: t=337.46671699988656, value=0, duration=0.08241720008663833>
337.6006 	DATA 	Keypress: 0
337.6151 	EXP 	Device response: <KeyPress from None: t=337.59891189984046, value=0, duration=None>
337.6822 	EXP 	Device response: <KeyPress from None: t=337.59891189984046, value=0, duration=0.07883000001311302>
338.4482 	DATA 	Mouse: Left button down, pos=(617,158)
338.4487 	EXP 	New trial (rep=1, index=22): <Trial 70 (22 in rep 1) data={'delay': 0.1, 'freq': 1000, 'condition': 'exp', 'thisN': 70, 'thisTrialN': 22, 'thisRepN': 1}>
338.4644 	EXP 	text: autoDraw = False
338.4644 	EXP 	textbox: autoDraw = False
338.4644 	EXP 	polygon: autoDraw = True
338.6679 	DATA 	Mouse:  Left button up, pos=(617,158)
339.4475 	INFO 	Keyboard events cleared
339.4474 	EXP 	polygon_2: autoDraw = True
339.4640 	EXP 	polygon: autoDraw = False
339.7474 	EXP 	Device response: <KeyPress from None: t=339.7404613997787, value=space, duration=None>
339.7486 	DATA 	Keypress: space
339.7633 	EXP 	polygon: autoDraw = False
339.7633 	EXP 	polygon_2: autoDraw = False
339.8304 	EXP 	Sound sound_1 reached end of file
339.8468 	EXP 	Playing sound sound_1 on speaker Speakers (Realtek(R) Audio)
339.8811 	EXP 	Device response: <KeyPress from None: t=339.7404613997787, value=space, duration=0.13819760014303029>
340.1446 	EXP 	Sound sound_1 stopped
340.1619 	EXP 	text: autoDraw = True
340.1619 	EXP 	textbox: autoDraw = True
340.8794 	DATA 	Keypress: 1
340.8800 	EXP 	Device response: <KeyPress from None: t=340.8665685998276, value=1, duration=None>
341.0296 	DATA 	Keypress: 0
341.0302 	EXP 	Device response: <KeyPress from None: t=340.8665685998276, value=1, duration=0.14704579999670386>
341.0302 	EXP 	Device response: <KeyPress from None: t=341.0270479999017, value=0, duration=None>
341.1292 	EXP 	Device response: <KeyPress from None: t=341.0270479999017, value=0, duration=0.08843189990147948>
341.1795 	DATA 	Keypress: 0
341.1801 	EXP 	Device response: <KeyPress from None: t=341.1724011998158, value=0, duration=None>
341.2795 	EXP 	Device response: <KeyPress from None: t=341.1724011998158, value=0, duration=0.09515720000490546>
342.0150 	DATA 	Mouse: Left button down, pos=(617,158)
342.0289 	EXP 	New trial (rep=1, index=23): <Trial 71 (23 in rep 1) data={'delay': 0.4, 'freq': 400, 'condition': 'unexp', 'thisN': 71, 'thisTrialN': 23, 'thisRepN': 1}>
342.0447 	EXP 	text: autoDraw = False
342.0447 	EXP 	textbox: autoDraw = False
342.0447 	EXP 	polygon: autoDraw = True
342.2477 	DATA 	Mouse:  Left button up, pos=(617,158)
343.0284 	INFO 	Keyboard events cleared
343.0283 	EXP 	polygon_2: autoDraw = True
343.0449 	EXP 	polygon: autoDraw = False
343.1449 	EXP 	Device response: <KeyPress from None: t=343.13350829994306, value=space, duration=None>
343.1469 	DATA 	Keypress: space
343.1613 	EXP 	polygon: autoDraw = False
343.1613 	EXP 	polygon_2: autoDraw = False
343.3117 	EXP 	Device response: <KeyPress from None: t=343.13350829994306, value=space, duration=0.16419090004637837>
343.5280 	EXP 	Sound sound_1 reached end of file
343.5443 	EXP 	Playing sound sound_1 on speaker Speakers (Realtek(R) Audio)
343.8389 	EXP 	Sound sound_1 stopped
343.8593 	EXP 	text: autoDraw = True
343.8593 	EXP 	textbox: autoDraw = True
344.3263 	DATA 	Keypress: 8
344.3274 	EXP 	Device response: <KeyPress from None: t=344.3224062998779, value=8, duration=None>
344.4602 	EXP 	Device response: <KeyPress from None: t=344.3224062998779, value=8, duration=0.12402270012535155>
344.6104 	DATA 	Keypress: 9
344.6111 	EXP 	Device response: <KeyPress from None: t=344.6098421998322, value=9, duration=None>
344.7431 	EXP 	Device response: <KeyPress from None: t=344.6098421998322, value=9, duration=0.12495430000126362>
344.8594 	DATA 	Keypress: 0
344.8600 	EXP 	Device response: <KeyPress from None: t=344.85144329979084, value=0, duration=None>
344.9763 	EXP 	Device response: <KeyPress from None: t=344.85144329979084, value=0, duration=0.11795250000432134>
345.7590 	DATA 	Mouse: Left button down, pos=(617,158)
345.7595 	EXP 	New trial (rep=1, index=24): <Trial 72 (24 in rep 1) data={'delay': 0.4, 'freq': 1000, 'condition': 'exp', 'thisN': 72, 'thisTrialN': 24, 'thisRepN': 1}>
345.7750 	EXP 	text: autoDraw = False
345.7750 	EXP 	textbox: autoDraw = False
345.7750 	EXP 	polygon: autoDraw = True
345.9766 	DATA 	Mouse:  Left button up, pos=(617,158)
346.7751 	INFO 	Keyboard events cleared
346.7750 	EXP 	polygon: autoDraw = False
346.7750 	EXP 	polygon_2: autoDraw = True
347.1082 	EXP 	Device response: <KeyPress from None: t=347.09472209983505, value=space, duration=None>
347.1100 	DATA 	Keypress: space
347.1243 	EXP 	polygon: autoDraw = False
347.1243 	EXP 	polygon_2: autoDraw = False
347.2585 	EXP 	Device response: <KeyPress from None: t=347.09472209983505, value=space, duration=0.15089639998041093>
347.4920 	EXP 	Sound sound_1 reached end of file
347.5083 	EXP 	Playing sound sound_1 on speaker Speakers (Realtek(R) Audio)
347.8084 	EXP 	Sound sound_1 stopped
347.8225 	EXP 	text: autoDraw = True
347.8225 	EXP 	textbox: autoDraw = True
348.9227 	DATA 	Keypress: 8
348.9233 	EXP 	Device response: <KeyPress from None: t=348.91584029980004, value=8, duration=None>
349.0396 	EXP 	Device response: <KeyPress from None: t=348.91584029980004, value=8, duration=0.11798370000906289>
349.2392 	DATA 	Keypress: 8
349.2398 	EXP 	Device response: <KeyPress from None: t=349.22939129988663, value=8, duration=None>
349.3398 	EXP 	Device response: <KeyPress from None: t=349.22939129988663, value=8, duration=0.10507999989204109>
349.4228 	DATA 	Keypress: 9
349.4234 	EXP 	Device response: <KeyPress from None: t=349.42079439992085, value=9, duration=None>
349.6064 	EXP 	Device response: <KeyPress from None: t=349.42079439992085, value=9, duration=0.17439269996248186>
350.5568 	DATA 	Mouse: Left button down, pos=(617,158)
350.5715 	EXP 	New trial (rep=1, index=25): <Trial 73 (25 in rep 1) data={'delay': 0.1, 'freq': 1000, 'condition': 'exp', 'thisN': 73, 'thisTrialN': 25, 'thisRepN': 1}>
350.5876 	EXP 	text: autoDraw = False
350.5876 	EXP 	textbox: autoDraw = False
350.5876 	EXP 	polygon: autoDraw = True
350.7907 	DATA 	Mouse:  Left button up, pos=(617,158)
351.5704 	INFO 	Keyboard events cleared
351.5703 	EXP 	polygon_2: autoDraw = True
351.5868 	EXP 	polygon: autoDraw = False
352.0038 	EXP 	Device response: <KeyPress from None: t=352.00072889984585, value=space, duration=None>
352.0050 	DATA 	Keypress: space
352.0204 	EXP 	polygon: autoDraw = False
352.0204 	EXP 	polygon_2: autoDraw = False
352.0871 	EXP 	Sound sound_1 reached end of file
352.1035 	EXP 	Playing sound sound_1 on speaker Speakers (Realtek(R) Audio)
352.1213 	EXP 	Device response: <KeyPress from None: t=352.00072889984585, value=space, duration=0.11201709997840226>
352.3997 	EXP 	Sound sound_1 stopped
352.4191 	EXP 	text: autoDraw = True
352.4191 	EXP 	textbox: autoDraw = True
353.1552 	DATA 	Keypress: 2
353.1693 	EXP 	Device response: <KeyPress from None: t=353.1547550999094, value=2, duration=None>
353.2857 	EXP 	Device response: <KeyPress from None: t=353.1547550999094, value=2, duration=0.11480330000631511>
353.5855 	DATA 	Keypress: 5
353.5867 	EXP 	Device response: <KeyPress from None: t=353.57926319981925, value=5, duration=None>
353.7526 	EXP 	Device response: <KeyPress from None: t=353.57926319981925, value=5, duration=0.16124230017885566>
353.7865 	DATA 	Keypress: 0
353.7873 	EXP 	Device response: <KeyPress from None: t=353.77906879992224, value=0, duration=None>
353.9018 	EXP 	Device response: <KeyPress from None: t=353.77906879992224, value=0, duration=0.1080972000490874>
354.9212 	DATA 	Mouse: Left button down, pos=(617,158)
354.9346 	EXP 	New trial (rep=1, index=26): <Trial 74 (26 in rep 1) data={'delay': 0.1, 'freq': 400, 'condition': 'unexp', 'thisN': 74, 'thisTrialN': 26, 'thisRepN': 1}>
354.9506 	EXP 	text: autoDraw = False
354.9506 	EXP 	textbox: autoDraw = False
354.9506 	EXP 	polygon: autoDraw = True
355.1533 	DATA 	Mouse:  Left button up, pos=(617,158)
355.9342 	INFO 	Keyboard events cleared
355.9341 	EXP 	polygon_2: autoDraw = True
355.9514 	EXP 	polygon: autoDraw = False
356.2013 	EXP 	Device response: <KeyPress from None: t=356.1870489998255, value=space, duration=None>
356.2029 	DATA 	Keypress: space
356.2160 	EXP 	polygon: autoDraw = False
356.2160 	EXP 	polygon_2: autoDraw = False
356.2845 	EXP 	Sound sound_1 reached end of file
356.3007 	EXP 	Playing sound sound_1 on speaker Speakers (Realtek(R) Audio)
356.3339 	EXP 	Device response: <KeyPress from None: t=356.1870489998255, value=space, duration=0.13537909998558462>
356.6022 	EXP 	Sound sound_1 stopped
356.6153 	EXP 	text: autoDraw = True
356.6153 	EXP 	textbox: autoDraw = True
358.0985 	DATA 	Keypress: 5
358.0991 	EXP 	Device response: <KeyPress from None: t=358.0933734998107, value=5, duration=None>
358.2153 	EXP 	Device response: <KeyPress from None: t=358.0933734998107, value=5, duration=0.12025130004622042>
358.2516 	DATA 	Keypress: 0
358.2648 	EXP 	Device response: <KeyPress from None: t=358.2506045999471, value=0, duration=None>
358.3820 	EXP 	Device response: <KeyPress from None: t=358.2506045999471, value=0, duration=0.11860559997148812>
358.4484 	DATA 	Keypress: 0
358.4490 	EXP 	Device response: <KeyPress from None: t=358.4393912998494, value=0, duration=None>
358.5317 	EXP 	Device response: <KeyPress from None: t=358.4393912998494, value=0, duration=0.08831080002710223>
359.3976 	DATA 	Mouse: Left button down, pos=(617,158)
359.3981 	EXP 	New trial (rep=1, index=27): <Trial 75 (27 in rep 1) data={'delay': 0.7, 'freq': 1000, 'condition': 'exp', 'thisN': 75, 'thisTrialN': 27, 'thisRepN': 1}>
359.4135 	EXP 	text: autoDraw = False
359.4135 	EXP 	textbox: autoDraw = False
359.4135 	EXP 	polygon: autoDraw = True
359.6330 	DATA 	Mouse:  Left button up, pos=(617,158)
360.3973 	INFO 	Keyboard events cleared
360.3972 	EXP 	polygon_2: autoDraw = True
360.4134 	EXP 	polygon: autoDraw = False
360.7640 	EXP 	Device response: <KeyPress from None: t=360.7525098999031, value=space, duration=None>
360.7656 	DATA 	Keypress: space
360.7799 	EXP 	polygon: autoDraw = False
360.7799 	EXP 	polygon_2: autoDraw = False
360.9802 	EXP 	Device response: <KeyPress from None: t=360.7525098999031, value=space, duration=0.22277570003643632>
361.4470 	EXP 	Sound sound_1 reached end of file
361.4633 	EXP 	Playing sound sound_1 on speaker Speakers (Realtek(R) Audio)
361.7622 	EXP 	Sound sound_1 stopped
361.7782 	EXP 	text: autoDraw = True
361.7782 	EXP 	textbox: autoDraw = True
362.1952 	DATA 	Keypress: 8
362.1958 	EXP 	Device response: <KeyPress from None: t=362.1924092997797, value=8, duration=None>
362.2954 	EXP 	Device response: <KeyPress from None: t=362.1924092997797, value=8, duration=0.09195930021815002>
362.4449 	DATA 	Keypress: 0
362.4455 	EXP 	Device response: <KeyPress from None: t=362.4356503000017, value=0, duration=None>
362.5452 	EXP 	Device response: <KeyPress from None: t=362.4356503000017, value=0, duration=0.10136440000496805>
362.5947 	DATA 	Keypress: 0
362.5954 	EXP 	Device response: <KeyPress from None: t=362.58545399992727, value=0, duration=None>
362.6783 	EXP 	Device response: <KeyPress from None: t=362.58545399992727, value=0, duration=0.08513629995286465>
363.5446 	DATA 	Mouse: Left button down, pos=(617,158)
363.5451 	EXP 	New trial (rep=1, index=28): <Trial 76 (28 in rep 1) data={'delay': 0.4, 'freq': 400, 'condition': 'unexp', 'thisN': 76, 'thisTrialN': 28, 'thisRepN': 1}>
363.5600 	EXP 	text: autoDraw = False
363.5600 	EXP 	textbox: autoDraw = False
363.5600 	EXP 	polygon: autoDraw = True
363.7626 	DATA 	Mouse:  Left button up, pos=(617,158)
364.5612 	INFO 	Keyboard events cleared
364.5610 	EXP 	polygon: autoDraw = False
364.5610 	EXP 	polygon_2: autoDraw = True
364.9931 	EXP 	Device response: <KeyPress from None: t=364.9807442999445, value=space, duration=None>
364.9945 	DATA 	Keypress: space
365.0092 	EXP 	polygon: autoDraw = False
365.0092 	EXP 	polygon_2: autoDraw = False
365.1935 	EXP 	Device response: <KeyPress from None: t=364.9807442999445, value=space, duration=0.20668309996835887>
365.3773 	EXP 	Sound sound_1 reached end of file
365.3935 	EXP 	Playing sound sound_1 on speaker Speakers (Realtek(R) Audio)
365.6884 	EXP 	Sound sound_1 stopped
365.7078 	EXP 	text: autoDraw = True
365.7078 	EXP 	textbox: autoDraw = True
366.4748 	DATA 	Keypress: 5
366.4754 	EXP 	Device response: <KeyPress from None: t=366.46278619999066, value=5, duration=None>
366.6248 	EXP 	Device response: <KeyPress from None: t=366.46278619999066, value=5, duration=0.14736569998785853>
366.6413 	DATA 	Keypress: 0
366.6421 	EXP 	Device response: <KeyPress from None: t=366.6312698998954, value=0, duration=None>
366.7246 	EXP 	Device response: <KeyPress from None: t=366.6312698998954, value=0, duration=0.07802330004051328>
366.7915 	DATA 	Keypress: 0
366.7922 	EXP 	Device response: <KeyPress from None: t=366.7883359999396, value=0, duration=None>
366.8581 	EXP 	Device response: <KeyPress from None: t=366.7883359999396, value=0, duration=0.05570339993573725>
367.6573 	DATA 	Mouse: Left button down, pos=(617,158)
367.6578 	EXP 	New trial (rep=1, index=29): <Trial 77 (29 in rep 1) data={'delay': 0.7, 'freq': 400, 'condition': 'unexp', 'thisN': 77, 'thisTrialN': 29, 'thisRepN': 1}>
367.6735 	EXP 	text: autoDraw = False
367.6735 	EXP 	textbox: autoDraw = False
367.6735 	EXP 	polygon: autoDraw = True
367.8765 	DATA 	Mouse:  Left button up, pos=(617,158)
368.6572 	INFO 	Keyboard events cleared
368.6571 	EXP 	polygon_2: autoDraw = True
368.6739 	EXP 	polygon: autoDraw = False
369.0401 	EXP 	Device response: <KeyPress from None: t=369.0295762999449, value=space, duration=None>
369.0416 	DATA 	Keypress: space
369.0567 	EXP 	polygon: autoDraw = False
369.0567 	EXP 	polygon_2: autoDraw = False
369.1586 	EXP 	Device response: <KeyPress from None: t=369.0295762999449, value=space, duration=0.11907669994980097>
369.7235 	EXP 	Sound sound_1 reached end of file
369.7398 	EXP 	Playing sound sound_1 on speaker Speakers (Realtek(R) Audio)
370.0420 	EXP 	Sound sound_1 stopped
370.0541 	EXP 	text: autoDraw = True
370.0541 	EXP 	textbox: autoDraw = True
370.4385 	DATA 	Keypress: 8
370.4391 	EXP 	Device response: <KeyPress from None: t=370.4358536999207, value=8, duration=None>
370.5556 	EXP 	Device response: <KeyPress from None: t=370.4358536999207, value=8, duration=0.11142920004203916>
370.6905 	DATA 	Keypress: 0
370.7047 	EXP 	Device response: <KeyPress from None: t=370.69013289990835, value=0, duration=None>
370.7886 	EXP 	Device response: <KeyPress from None: t=370.69013289990835, value=0, duration=0.08516820007935166>
370.8546 	DATA 	Keypress: 0
370.8553 	EXP 	Device response: <KeyPress from None: t=370.8439758999739, value=0, duration=None>
370.9378 	EXP 	Device response: <KeyPress from None: t=370.8439758999739, value=0, duration=0.07832670002244413>
371.7206 	DATA 	Mouse: Left button down, pos=(617,158)
371.7211 	EXP 	New trial (rep=1, index=30): <Trial 78 (30 in rep 1) data={'delay': 0.4, 'freq': 400, 'condition': 'unexp', 'thisN': 78, 'thisTrialN': 30, 'thisRepN': 1}>
371.7369 	EXP 	text: autoDraw = False
371.7369 	EXP 	textbox: autoDraw = False
371.7369 	EXP 	polygon: autoDraw = True
371.9398 	DATA 	Mouse:  Left button up, pos=(617,158)
372.7371 	INFO 	Keyboard events cleared
372.7370 	EXP 	polygon: autoDraw = False
372.7370 	EXP 	polygon_2: autoDraw = True
373.0533 	EXP 	Device response: <KeyPress from None: t=373.0409966998268, value=space, duration=None>
373.0547 	DATA 	Keypress: space
373.0696 	EXP 	polygon: autoDraw = False
373.0696 	EXP 	polygon_2: autoDraw = False
373.1702 	EXP 	Device response: <KeyPress from None: t=373.0409966998268, value=space, duration=0.11928460001945496>
373.4371 	EXP 	Sound sound_1 reached end of file
373.4534 	EXP 	Playing sound sound_1 on speaker Speakers (Realtek(R) Audio)
373.7508 	EXP 	Sound sound_1 stopped
373.7678 	EXP 	text: autoDraw = True
373.7678 	EXP 	textbox: autoDraw = True
374.1352 	DATA 	Keypress: 8
374.1358 	EXP 	Device response: <KeyPress from None: t=374.12707919999957, value=8, duration=None>
374.2692 	EXP 	Device response: <KeyPress from None: t=374.12707919999957, value=8, duration=0.13470479985699058>
374.4019 	DATA 	Keypress: 0
374.4025 	EXP 	Device response: <KeyPress from None: t=374.3904918998014, value=0, duration=None>
374.4854 	EXP 	Device response: <KeyPress from None: t=374.3904918998014, value=0, duration=0.08794470014981925>
374.5346 	DATA 	Keypress: 0
374.5352 	EXP 	Device response: <KeyPress from None: t=374.53132719988935, value=0, duration=None>
374.6353 	EXP 	Device response: <KeyPress from None: t=374.53132719988935, value=0, duration=0.09272209997288883>
375.4527 	DATA 	Mouse: Left button down, pos=(617,158)
375.4676 	EXP 	New trial (rep=1, index=31): <Trial 79 (31 in rep 1) data={'delay': 0.1, 'freq': 1000, 'condition': 'exp', 'thisN': 79, 'thisTrialN': 31, 'thisRepN': 1}>
375.4837 	EXP 	text: autoDraw = False
375.4837 	EXP 	textbox: autoDraw = False
375.4837 	EXP 	polygon: autoDraw = True
375.6864 	DATA 	Mouse:  Left button up, pos=(617,158)
376.4672 	INFO 	Keyboard events cleared
376.4671 	EXP 	polygon_2: autoDraw = True
376.4840 	EXP 	polygon: autoDraw = False
377.0335 	EXP 	Device response: <KeyPress from None: t=377.0177071997896, value=space, duration=None>
377.0348 	DATA 	Keypress: space
377.0494 	EXP 	polygon: autoDraw = False
377.0494 	EXP 	polygon_2: autoDraw = False
377.1173 	EXP 	Sound sound_1 reached end of file
377.1336 	EXP 	Playing sound sound_1 on speaker Speakers (Realtek(R) Audio)
377.1832 	EXP 	Device response: <KeyPress from None: t=377.0177071997896, value=space, duration=0.15176020003855228>
377.4285 	EXP 	Sound sound_1 stopped
377.4484 	EXP 	text: autoDraw = True
377.4484 	EXP 	textbox: autoDraw = True
378.2654 	DATA 	Keypress: 3
378.2676 	EXP 	Device response: <KeyPress from None: t=378.26217969995923, value=3, duration=None>
378.3823 	EXP 	Device response: <KeyPress from None: t=378.26217969995923, value=3, duration=0.1139342999085784>
378.5983 	DATA 	Keypress: 5
378.5995 	EXP 	Device response: <KeyPress from None: t=378.5978624999989, value=5, duration=None>
378.7486 	EXP 	Device response: <KeyPress from None: t=378.5978624999989, value=5, duration=0.1412622998468578>
378.7814 	DATA 	Keypress: 0
378.7822 	EXP 	Device response: <KeyPress from None: t=378.77545469999313, value=0, duration=None>
378.9148 	EXP 	Device response: <KeyPress from None: t=378.77545469999313, value=0, duration=0.12758909980766475>
380.0473 	DATA 	Mouse: Left button down, pos=(617,158)
380.0478 	EXP 	New trial (rep=1, index=32): <Trial 80 (32 in rep 1) data={'delay': 0.7, 'freq': 1000, 'condition': 'exp', 'thisN': 80, 'thisTrialN': 32, 'thisRepN': 1}>
380.0632 	EXP 	text: autoDraw = False
380.0632 	EXP 	textbox: autoDraw = False
380.0632 	EXP 	polygon: autoDraw = True
380.2826 	DATA 	Mouse:  Left button up, pos=(617,158)
381.0465 	INFO 	Keyboard events cleared
381.0464 	EXP 	polygon_2: autoDraw = True
381.0637 	EXP 	polygon: autoDraw = False
381.3643 	EXP 	Device response: <KeyPress from None: t=381.36396180000156, value=space, duration=None>
381.3663 	DATA 	Keypress: space
381.3798 	EXP 	polygon: autoDraw = False
381.3798 	EXP 	polygon_2: autoDraw = False
381.5460 	EXP 	Device response: <KeyPress from None: t=381.36396180000156, value=space, duration=0.174158199923113>
382.0631 	EXP 	Sound sound_1 reached end of file
382.0794 	EXP 	Playing sound sound_1 on speaker Speakers (Realtek(R) Audio)
382.3823 	EXP 	Sound sound_1 stopped
382.3939 	EXP 	text: autoDraw = True
382.3939 	EXP 	textbox: autoDraw = True
382.6948 	DATA 	Keypress: 9
382.6954 	EXP 	Device response: <KeyPress from None: t=382.68890159996226, value=9, duration=None>
382.8284 	EXP 	Device response: <KeyPress from None: t=382.68890159996226, value=9, duration=0.1273484998382628>
382.9446 	DATA 	Keypress: 8
382.9452 	EXP 	Device response: <KeyPress from None: t=382.9366660998203, value=8, duration=None>
383.0446 	EXP 	Device response: <KeyPress from None: t=382.9366660998203, value=8, duration=0.09434380009770393>
383.1610 	DATA 	Keypress: 0
383.1616 	EXP 	Device response: <KeyPress from None: t=383.1605577999726, value=0, duration=None>
383.2613 	EXP 	Device response: <KeyPress from None: t=383.1605577999726, value=0, duration=0.09555409988388419>
384.0463 	DATA 	Mouse: Left button down, pos=(617,158)
384.0606 	EXP 	New trial (rep=1, index=33): <Trial 81 (33 in rep 1) data={'delay': 0.1, 'freq': 1000, 'condition': 'exp', 'thisN': 81, 'thisTrialN': 33, 'thisRepN': 1}>
384.0767 	EXP 	text: autoDraw = False
384.0767 	EXP 	textbox: autoDraw = False
384.0767 	EXP 	polygon: autoDraw = True
384.2801 	DATA 	Mouse:  Left button up, pos=(617,158)
385.0599 	INFO 	Keyboard events cleared
385.0597 	EXP 	polygon_2: autoDraw = True
385.0769 	EXP 	polygon: autoDraw = False
385.3594 	EXP 	Device response: <KeyPress from None: t=385.3512724998873, value=space, duration=None>
385.3606 	DATA 	Keypress: space
385.3764 	EXP 	polygon: autoDraw = False
385.3764 	EXP 	polygon_2: autoDraw = False
385.4434 	EXP 	Sound sound_1 reached end of file
385.4597 	EXP 	Playing sound sound_1 on speaker Speakers (Realtek(R) Audio)
385.5434 	EXP 	Device response: <KeyPress from None: t=385.3512724998873, value=space, duration=0.18015030003152788>
385.7625 	EXP 	Sound sound_1 stopped
385.7746 	EXP 	text: autoDraw = True
385.7746 	EXP 	textbox: autoDraw = True
386.4253 	DATA 	Keypress: 1
386.4259 	EXP 	Device response: <KeyPress from None: t=386.4125138998497, value=1, duration=None>
386.5250 	DATA 	Keypress: 0
386.5263 	EXP 	Device response: <KeyPress from None: t=386.5174923997838, value=0, duration=None>
386.5424 	EXP 	Device response: <KeyPress from None: t=386.4125138998497, value=1, duration=0.11869000014849007>
386.6088 	EXP 	Device response: <KeyPress from None: t=386.5174923997838, value=0, duration=0.08248250000178814>
386.6607 	DATA 	Keypress: 0
386.6749 	EXP 	Device response: <KeyPress from None: t=386.65961869992316, value=0, duration=None>
386.7420 	EXP 	Device response: <KeyPress from None: t=386.65961869992316, value=0, duration=0.07268949993886054>
387.7907 	DATA 	Mouse: Left button down, pos=(617,158)
387.7912 	EXP 	New trial (rep=1, index=34): <Trial 82 (34 in rep 1) data={'delay': 0.4, 'freq': 400, 'condition': 'unexp', 'thisN': 82, 'thisTrialN': 34, 'thisRepN': 1}>
387.8068 	EXP 	text: autoDraw = False
387.8068 	EXP 	textbox: autoDraw = False
387.8068 	EXP 	polygon: autoDraw = True
388.0265 	DATA 	Mouse:  Left button up, pos=(617,158)
388.8061 	INFO 	Keyboard events cleared
388.8059 	EXP 	polygon: autoDraw = False
388.8059 	EXP 	polygon_2: autoDraw = True
389.0724 	EXP 	Device response: <KeyPress from None: t=389.0679428000003, value=space, duration=None>
389.0738 	DATA 	Keypress: space
389.0890 	EXP 	polygon: autoDraw = False
389.0890 	EXP 	polygon_2: autoDraw = False
389.2728 	EXP 	Device response: <KeyPress from None: t=389.0679428000003, value=space, duration=0.19484729995019734>
389.4574 	EXP 	Sound sound_1 reached end of file
389.4737 	EXP 	Playing sound sound_1 on speaker Speakers (Realtek(R) Audio)
389.7708 	EXP 	Sound sound_1 stopped
389.7882 	EXP 	text: autoDraw = True
389.7882 	EXP 	textbox: autoDraw = True
391.0084 	DATA 	Keypress: 8
391.0212 	EXP 	Device response: <KeyPress from None: t=391.0078667998314, value=8, duration=None>
391.1391 	EXP 	Device response: <KeyPress from None: t=391.0078667998314, value=8, duration=0.1224881000816822>
391.2379 	DATA 	Keypress: 9
391.2385 	EXP 	Device response: <KeyPress from None: t=391.2326018998865, value=9, duration=None>
391.3386 	EXP 	Device response: <KeyPress from None: t=391.2326018998865, value=9, duration=0.1018578999210149>
391.6207 	DATA 	Keypress: 9
391.6213 	EXP 	Device response: <KeyPress from None: t=391.6161071998067, value=9, duration=None>
391.7211 	EXP 	Device response: <KeyPress from None: t=391.6161071998067, value=9, duration=0.09462170000188053>
392.5699 	DATA 	Mouse: Left button down, pos=(617,158)
392.5704 	EXP 	New trial (rep=1, index=35): <Trial 83 (35 in rep 1) data={'delay': 0.7, 'freq': 400, 'condition': 'unexp', 'thisN': 83, 'thisTrialN': 35, 'thisRepN': 1}>
392.5868 	EXP 	text: autoDraw = False
392.5868 	EXP 	textbox: autoDraw = False
392.5868 	EXP 	polygon: autoDraw = True
392.7892 	DATA 	Mouse:  Left button up, pos=(617,158)
393.5694 	INFO 	Keyboard events cleared
393.5693 	EXP 	polygon_2: autoDraw = True
393.5861 	EXP 	polygon: autoDraw = False
393.8703 	EXP 	Device response: <KeyPress from None: t=393.85556149994954, value=space, duration=None>
393.8720 	DATA 	Keypress: space
393.8854 	EXP 	polygon: autoDraw = False
393.8854 	EXP 	polygon_2: autoDraw = False
394.0197 	EXP 	Device response: <KeyPress from None: t=393.85556149994954, value=space, duration=0.14800749998539686>
394.5686 	EXP 	Sound sound_1 reached end of file
394.5850 	EXP 	Playing sound sound_1 on speaker Speakers (Realtek(R) Audio)
394.8889 	EXP 	Sound sound_1 stopped
394.9004 	EXP 	text: autoDraw = True
394.9004 	EXP 	textbox: autoDraw = True
395.5009 	DATA 	Keypress: 9
395.5015 	EXP 	Device response: <KeyPress from None: t=395.4984886997845, value=9, duration=None>
395.6178 	EXP 	Device response: <KeyPress from None: t=395.4984886997845, value=9, duration=0.11477870005182922>
395.7175 	DATA 	Keypress: 9
395.7182 	EXP 	Device response: <KeyPress from None: t=395.7107995999977, value=9, duration=None>
395.8009 	EXP 	Device response: <KeyPress from None: t=395.7107995999977, value=9, duration=0.08548149978742003>
395.8701 	DATA 	Keypress: 9
395.8839 	EXP 	Device response: <KeyPress from None: t=395.8692031998653, value=9, duration=None>
395.9671 	EXP 	Device response: <KeyPress from None: t=395.8692031998653, value=9, duration=0.08245779993012547>
396.8667 	DATA 	Mouse: Left button down, pos=(617,158)
396.8672 	EXP 	New trial (rep=1, index=36): <Trial 84 (36 in rep 1) data={'delay': 0.4, 'freq': 400, 'condition': 'unexp', 'thisN': 84, 'thisTrialN': 36, 'thisRepN': 1}>
396.8828 	EXP 	text: autoDraw = False
396.8828 	EXP 	textbox: autoDraw = False
396.8828 	EXP 	polygon: autoDraw = True
397.0861 	DATA 	Mouse:  Left button up, pos=(617,158)
397.8667 	INFO 	Keyboard events cleared
397.8666 	EXP 	polygon_2: autoDraw = True
397.8829 	EXP 	polygon: autoDraw = False
398.1330 	EXP 	Device response: <KeyPress from None: t=398.130406799959, value=space, duration=None>
398.1347 	DATA 	Keypress: space
398.1488 	EXP 	polygon: autoDraw = False
398.1488 	EXP 	polygon_2: autoDraw = False
398.3489 	EXP 	Device response: <KeyPress from None: t=398.130406799959, value=space, duration=0.20539939985610545>
398.5160 	EXP 	Sound sound_1 reached end of file
398.5324 	EXP 	Playing sound sound_1 on speaker Speakers (Realtek(R) Audio)
398.8290 	EXP 	Sound sound_1 stopped
398.8472 	EXP 	text: autoDraw = True
398.8472 	EXP 	textbox: autoDraw = True
399.5809 	DATA 	Keypress: 9
399.5815 	EXP 	Device response: <KeyPress from None: t=399.57113299984485, value=9, duration=None>
399.6984 	EXP 	Device response: <KeyPress from None: t=399.57113299984485, value=9, duration=0.12416200013831258>
399.7973 	DATA 	Keypress: 0
399.7982 	EXP 	Device response: <KeyPress from None: t=399.79331319988705, value=0, duration=None>
399.8812 	EXP 	Device response: <KeyPress from None: t=399.79331319988705, value=0, duration=0.07804040005430579>
399.9471 	DATA 	Keypress: 0
399.9478 	EXP 	Device response: <KeyPress from None: t=399.9332183999941, value=0, duration=None>
400.0311 	EXP 	Device response: <KeyPress from None: t=399.9332183999941, value=0, duration=0.08846639981493354>
401.0651 	DATA 	Mouse: Left button down, pos=(617,158)
401.0802 	EXP 	New trial (rep=1, index=37): <Trial 85 (37 in rep 1) data={'delay': 0.4, 'freq': 1000, 'condition': 'exp', 'thisN': 85, 'thisTrialN': 37, 'thisRepN': 1}>
401.0960 	EXP 	text: autoDraw = False
401.0960 	EXP 	textbox: autoDraw = False
401.0960 	EXP 	polygon: autoDraw = True
401.2990 	DATA 	Mouse:  Left button up, pos=(617,158)
402.0799 	INFO 	Keyboard events cleared
402.0798 	EXP 	polygon_2: autoDraw = True
402.0956 	EXP 	polygon: autoDraw = False
402.3971 	EXP 	Device response: <KeyPress from None: t=402.38447359995916, value=space, duration=None>
402.3991 	DATA 	Keypress: space
402.4128 	EXP 	polygon: autoDraw = False
402.4128 	EXP 	polygon_2: autoDraw = False
402.5629 	EXP 	Device response: <KeyPress from None: t=402.38447359995916, value=space, duration=0.16446059988811612>
402.7961 	EXP 	Sound sound_1 reached end of file
402.8124 	EXP 	Playing sound sound_1 on speaker Speakers (Realtek(R) Audio)
403.1082 	EXP 	Sound sound_1 stopped
403.1270 	EXP 	text: autoDraw = True
403.1270 	EXP 	textbox: autoDraw = True
403.7443 	DATA 	Keypress: 1
403.7449 	EXP 	Device response: <KeyPress from None: t=403.7387932999991, value=1, duration=None>
403.8446 	EXP 	Device response: <KeyPress from None: t=403.7387932999991, value=1, duration=0.09815669991075993>
403.9799 	DATA 	Keypress: 0
403.9940 	EXP 	Device response: <KeyPress from None: t=403.97906969999894, value=0, duration=None>
404.0611 	EXP 	Device response: <KeyPress from None: t=403.97906969999894, value=0, duration=0.0785036999732256>
404.1438 	DATA 	Keypress: 0
404.1445 	EXP 	Device response: <KeyPress from None: t=404.1364374998957, value=0, duration=None>
404.2110 	EXP 	Device response: <KeyPress from None: t=404.1364374998957, value=0, duration=0.06883380003273487>
405.0597 	DATA 	Mouse: Left button down, pos=(617,158)
405.0602 	EXP 	New trial (rep=1, index=38): <Trial 86 (38 in rep 1) data={'delay': 0.1, 'freq': 400, 'condition': 'unexp', 'thisN': 86, 'thisTrialN': 38, 'thisRepN': 1}>
405.0761 	EXP 	text: autoDraw = False
405.0761 	EXP 	textbox: autoDraw = False
405.0761 	EXP 	polygon: autoDraw = True
405.2785 	DATA 	Mouse:  Left button up, pos=(617,158)
406.0601 	INFO 	Keyboard events cleared
406.0599 	EXP 	polygon_2: autoDraw = True
406.0768 	EXP 	polygon: autoDraw = False
406.3266 	EXP 	Device response: <KeyPress from None: t=406.31938349991105, value=space, duration=None>
406.3284 	DATA 	Keypress: space
406.3423 	EXP 	polygon: autoDraw = False
406.3423 	EXP 	polygon_2: autoDraw = False
406.4103 	EXP 	Sound sound_1 reached end of file
406.4266 	EXP 	Playing sound sound_1 on speaker Speakers (Realtek(R) Audio)
406.5093 	EXP 	Device response: <KeyPress from None: t=406.31938349991105, value=space, duration=0.1740937998984009>
406.7273 	EXP 	Sound sound_1 reached end of file
406.7579 	EXP 	text: autoDraw = True
406.7579 	EXP 	textbox: autoDraw = True
407.4246 	DATA 	Keypress: 9
407.4252 	EXP 	Device response: <KeyPress from None: t=407.41929979994893, value=9, duration=None>
407.5577 	EXP 	Device response: <KeyPress from None: t=407.41929979994893, value=9, duration=0.12400579988025129>
407.6410 	DATA 	Keypress: 0
407.6417 	EXP 	Device response: <KeyPress from None: t=407.6344131999649, value=0, duration=None>
407.7416 	EXP 	Device response: <KeyPress from None: t=407.6344131999649, value=0, duration=0.10459059989079833>
407.8075 	DATA 	Keypress: 0
407.8081 	EXP 	Device response: <KeyPress from None: t=407.8070200998336, value=0, duration=None>
407.9073 	EXP 	Device response: <KeyPress from None: t=407.8070200998336, value=0, duration=0.08535080007277429>
408.6400 	DATA 	Mouse: Left button down, pos=(617,158)
408.6405 	EXP 	New trial (rep=1, index=39): <Trial 87 (39 in rep 1) data={'delay': 0.1, 'freq': 1000, 'condition': 'exp', 'thisN': 87, 'thisTrialN': 39, 'thisRepN': 1}>
408.6567 	EXP 	text: autoDraw = False
408.6567 	EXP 	textbox: autoDraw = False
408.6567 	EXP 	polygon: autoDraw = True
408.8595 	DATA 	Mouse:  Left button up, pos=(617,158)
409.6391 	INFO 	Keyboard events cleared
409.6390 	EXP 	polygon_2: autoDraw = True
409.6723 	EXP 	polygon: autoDraw = False
409.9397 	EXP 	Device response: <KeyPress from None: t=409.9292467997875, value=space, duration=None>
409.9410 	DATA 	Keypress: space
409.9556 	EXP 	polygon: autoDraw = False
409.9556 	EXP 	polygon_2: autoDraw = False
410.0229 	EXP 	Sound sound_1 reached end of file
410.0393 	EXP 	Playing sound sound_1 on speaker Speakers (Realtek(R) Audio)
410.0731 	EXP 	Device response: <KeyPress from None: t=409.9292467997875, value=space, duration=0.13373830006457865>
410.3387 	EXP 	Sound sound_1 stopped
410.3544 	EXP 	text: autoDraw = True
410.3544 	EXP 	textbox: autoDraw = True
411.0242 	DATA 	Keypress: 1
411.0380 	EXP 	Device response: <KeyPress from None: t=411.0226182998158, value=1, duration=None>
411.1386 	EXP 	Device response: <KeyPress from None: t=411.0226182998158, value=1, duration=0.11524210008792579>
411.1545 	DATA 	Keypress: 0
411.1552 	EXP 	Device response: <KeyPress from None: t=411.1449651999865, value=0, duration=None>
411.2050 	EXP 	Device response: <KeyPress from None: t=411.1449651999865, value=0, duration=0.05505879991687834>
411.2714 	DATA 	Keypress: 0
411.2720 	EXP 	Device response: <KeyPress from None: t=411.2582095998805, value=0, duration=None>
411.3382 	EXP 	Device response: <KeyPress from None: t=411.2582095998805, value=0, duration=0.07572180009447038>
412.1708 	DATA 	Mouse: Left button down, pos=(617,158)
412.1713 	EXP 	New trial (rep=1, index=40): <Trial 88 (40 in rep 1) data={'delay': 0.7, 'freq': 400, 'condition': 'unexp', 'thisN': 88, 'thisTrialN': 40, 'thisRepN': 1}>
412.1866 	EXP 	text: autoDraw = False
412.1866 	EXP 	textbox: autoDraw = False
412.1866 	EXP 	polygon: autoDraw = True
412.4067 	DATA 	Mouse:  Left button up, pos=(617,158)
413.1870 	INFO 	Keyboard events cleared
413.1868 	EXP 	polygon: autoDraw = False
413.1868 	EXP 	polygon_2: autoDraw = True
413.4689 	EXP 	Device response: <KeyPress from None: t=413.4677512999624, value=space, duration=None>
413.4698 	DATA 	Keypress: space
413.4854 	EXP 	polygon: autoDraw = False
413.4854 	EXP 	polygon_2: autoDraw = False
413.6532 	EXP 	Device response: <KeyPress from None: t=413.4677512999624, value=space, duration=0.17801209981553257>
414.1533 	EXP 	Sound sound_1 reached end of file
414.1696 	EXP 	Playing sound sound_1 on speaker Speakers (Realtek(R) Audio)
414.4713 	EXP 	Sound sound_1 stopped
414.4785 	DATA 	Keypress: 9
414.5005 	EXP 	text: autoDraw = True
414.5005 	EXP 	textbox: autoDraw = True
414.5009 	EXP 	Device response: <KeyPress from None: t=414.4769031999167, value=9, duration=None>
414.5854 	EXP 	Device response: <KeyPress from None: t=414.4769031999167, value=9, duration=0.10778079996816814>
414.6890 	DATA 	Keypress: 0
414.7018 	EXP 	Device response: <KeyPress from None: t=414.6879871999845, value=0, duration=None>
414.7850 	EXP 	Device response: <KeyPress from None: t=414.6879871999845, value=0, duration=0.08208899991586804>
414.8518 	DATA 	Keypress: 0
414.8526 	EXP 	Device response: <KeyPress from None: t=414.8447414999828, value=0, duration=None>
414.9523 	EXP 	Device response: <KeyPress from None: t=414.8447414999828, value=0, duration=0.09394910000264645>
416.1006 	DATA 	Mouse: Left button down, pos=(617,158)
416.1010 	EXP 	New trial (rep=1, index=41): <Trial 89 (41 in rep 1) data={'delay': 0.4, 'freq': 1000, 'condition': 'exp', 'thisN': 89, 'thisTrialN': 41, 'thisRepN': 1}>
416.1169 	EXP 	text: autoDraw = False
416.1169 	EXP 	textbox: autoDraw = False
416.1169 	EXP 	polygon: autoDraw = True
416.3185 	DATA 	Mouse:  Left button up, pos=(617,158)
417.1007 	INFO 	Keyboard events cleared
417.1006 	EXP 	polygon_2: autoDraw = True
417.1169 	EXP 	polygon: autoDraw = False
417.4339 	EXP 	Device response: <KeyPress from None: t=417.4211748999078, value=space, duration=None>
417.4354 	DATA 	Keypress: space
417.4502 	EXP 	polygon: autoDraw = False
417.4502 	EXP 	polygon_2: autoDraw = False
417.5661 	EXP 	Device response: <KeyPress from None: t=417.4211748999078, value=space, duration=0.1343561999965459>
417.8170 	EXP 	Sound sound_1 reached end of file
417.8334 	EXP 	Playing sound sound_1 on speaker Speakers (Realtek(R) Audio)
418.1334 	EXP 	Sound sound_1 stopped
418.1480 	EXP 	text: autoDraw = True
418.1480 	EXP 	textbox: autoDraw = True
418.6022 	DATA 	Keypress: 2
418.6153 	EXP 	Device response: <KeyPress from None: t=418.60200479999185, value=2, duration=None>
418.7327 	EXP 	Device response: <KeyPress from None: t=418.60200479999185, value=2, duration=0.11821389989927411>
418.9315 	DATA 	Keypress: 5
418.9321 	EXP 	Device response: <KeyPress from None: t=418.9192263998557, value=5, duration=None>
419.0485 	EXP 	Device response: <KeyPress from None: t=418.9192263998557, value=5, duration=0.12432330008596182>
419.0650 	DATA 	Keypress: 0
419.0657 	EXP 	Device response: <KeyPress from None: t=419.06380249978974, value=0, duration=None>
419.1653 	EXP 	Device response: <KeyPress from None: t=419.06380249978974, value=0, duration=0.09818040020763874>
419.9660 	DATA 	Mouse: Left button down, pos=(617,158)
419.9812 	EXP 	New trial (rep=1, index=42): <Trial 90 (42 in rep 1) data={'delay': 0.7, 'freq': 1000, 'condition': 'exp', 'thisN': 90, 'thisTrialN': 42, 'thisRepN': 1}>
419.9970 	EXP 	text: autoDraw = False
419.9970 	EXP 	textbox: autoDraw = False
419.9970 	EXP 	polygon: autoDraw = True
420.1839 	DATA 	Mouse:  Left button up, pos=(617,158)
420.9811 	INFO 	Keyboard events cleared
420.9809 	EXP 	polygon_2: autoDraw = True
420.9969 	EXP 	polygon: autoDraw = False
421.3473 	EXP 	Device response: <KeyPress from None: t=421.33757999981754, value=space, duration=None>
421.3487 	DATA 	Keypress: space
421.3625 	EXP 	polygon: autoDraw = False
421.3625 	EXP 	polygon_2: autoDraw = False
421.5307 	EXP 	Device response: <KeyPress from None: t=421.33757999981754, value=space, duration=0.18577630002982914>
422.0453 	EXP 	Sound sound_1 reached end of file
422.0618 	EXP 	Playing sound sound_1 on speaker Speakers (Realtek(R) Audio)
422.3609 	EXP 	Sound sound_1 stopped
422.3773 	EXP 	text: autoDraw = True
422.3773 	EXP 	textbox: autoDraw = True
422.7783 	DATA 	Keypress: 8
422.7793 	EXP 	Device response: <KeyPress from None: t=422.77501499978825, value=8, duration=None>
422.8786 	EXP 	Device response: <KeyPress from None: t=422.77501499978825, value=8, duration=0.09901680005714297>
423.0113 	DATA 	Keypress: 0
423.0123 	EXP 	Device response: <KeyPress from None: t=423.00952570000663, value=0, duration=None>
423.0948 	EXP 	Device response: <KeyPress from None: t=423.00952570000663, value=0, duration=0.08247489994391799>
423.1473 	DATA 	Keypress: 0
423.1610 	EXP 	Device response: <KeyPress from None: t=423.1466074998025, value=0, duration=None>
423.2443 	EXP 	Device response: <KeyPress from None: t=423.1466074998025, value=0, duration=0.08186989999376237>
424.0777 	DATA 	Mouse: Left button down, pos=(617,158)
424.0782 	EXP 	New trial (rep=1, index=43): <Trial 91 (43 in rep 1) data={'delay': 0.1, 'freq': 400, 'condition': 'unexp', 'thisN': 91, 'thisTrialN': 43, 'thisRepN': 1}>
424.0934 	EXP 	text: autoDraw = False
424.0934 	EXP 	textbox: autoDraw = False
424.0934 	EXP 	polygon: autoDraw = True
424.2966 	DATA 	Mouse:  Left button up, pos=(617,158)
425.0776 	INFO 	Keyboard events cleared
425.0774 	EXP 	polygon_2: autoDraw = True
425.0927 	EXP 	polygon: autoDraw = False
425.6093 	EXP 	Device response: <KeyPress from None: t=425.596267899964, value=space, duration=None>
425.6107 	DATA 	Keypress: space
425.6271 	EXP 	polygon: autoDraw = False
425.6271 	EXP 	polygon_2: autoDraw = False
425.6938 	EXP 	Sound sound_1 reached end of file
425.7102 	EXP 	Playing sound sound_1 on speaker Speakers (Realtek(R) Audio)
425.7766 	EXP 	Device response: <KeyPress from None: t=425.596267899964, value=space, duration=0.17306199995800853>
426.0114 	EXP 	Sound sound_1 stopped
426.0248 	EXP 	text: autoDraw = True
426.0248 	EXP 	textbox: autoDraw = True
426.7426 	DATA 	Keypress: 9
426.7434 	EXP 	Device response: <KeyPress from None: t=426.7402560999617, value=9, duration=None>
426.8587 	EXP 	Device response: <KeyPress from None: t=426.7402560999617, value=9, duration=0.10821409989148378>
426.9750 	DATA 	Keypress: 0
426.9757 	EXP 	Device response: <KeyPress from None: t=426.97020849981345, value=0, duration=None>
427.0755 	EXP 	Device response: <KeyPress from None: t=426.97020849981345, value=0, duration=0.09168840013444424>
427.1249 	DATA 	Keypress: 0
427.1256 	EXP 	Device response: <KeyPress from None: t=427.11549549992196, value=0, duration=None>
427.2087 	EXP 	Device response: <KeyPress from None: t=427.11549549992196, value=0, duration=0.08588819997385144>
427.9580 	DATA 	Mouse: Left button down, pos=(617,158)
427.9585 	EXP 	New trial (rep=1, index=44): <Trial 92 (44 in rep 1) data={'delay': 0.1, 'freq': 1000, 'condition': 'exp', 'thisN': 92, 'thisTrialN': 44, 'thisRepN': 1}>
427.9739 	EXP 	text: autoDraw = False
427.9739 	EXP 	textbox: autoDraw = False
427.9739 	EXP 	polygon: autoDraw = True
428.1936 	DATA 	Mouse:  Left button up, pos=(617,158)
428.9742 	INFO 	Keyboard events cleared
428.9741 	EXP 	polygon: autoDraw = False
428.9741 	EXP 	polygon_2: autoDraw = True
429.3908 	EXP 	Device response: <KeyPress from None: t=429.3885714998469, value=space, duration=None>
429.3921 	DATA 	Keypress: space
429.4060 	EXP 	polygon: autoDraw = False
429.4060 	EXP 	polygon_2: autoDraw = False
429.4739 	EXP 	Sound sound_1 reached end of file
429.4902 	EXP 	Playing sound sound_1 on speaker Speakers (Realtek(R) Audio)
429.5569 	EXP 	Device response: <KeyPress from None: t=429.3885714998469, value=space, duration=0.16342200012877584>
429.7920 	EXP 	Sound sound_1 stopped
429.8051 	EXP 	text: autoDraw = True
429.8051 	EXP 	textbox: autoDraw = True
430.2224 	DATA 	Keypress: 4
430.2231 	EXP 	Device response: <KeyPress from None: t=430.21270779985934, value=4, duration=None>
430.3385 	EXP 	Device response: <KeyPress from None: t=430.21270779985934, value=4, duration=0.11415920010767877>
430.4917 	DATA 	Keypress: 5
430.5055 	EXP 	Device response: <KeyPress from None: t=430.4909682997968, value=5, duration=None>
430.6226 	EXP 	Device response: <KeyPress from None: t=430.4909682997968, value=5, duration=0.12577580008655787>
430.6389 	DATA 	Keypress: 0
430.6396 	EXP 	Device response: <KeyPress from None: t=430.63051149994135, value=0, duration=None>
430.7560 	EXP 	Device response: <KeyPress from None: t=430.63051149994135, value=0, duration=0.11464929999783635>
431.6214 	DATA 	Mouse: Left button down, pos=(617,158)
431.6219 	EXP 	New trial (rep=1, index=45): <Trial 93 (45 in rep 1) data={'delay': 0.4, 'freq': 1000, 'condition': 'exp', 'thisN': 93, 'thisTrialN': 45, 'thisRepN': 1}>
431.6376 	EXP 	text: autoDraw = False
431.6376 	EXP 	textbox: autoDraw = False
431.6376 	EXP 	polygon: autoDraw = True
431.8566 	DATA 	Mouse:  Left button up, pos=(617,158)
432.6371 	INFO 	Keyboard events cleared
432.6370 	EXP 	polygon: autoDraw = False
432.6370 	EXP 	polygon_2: autoDraw = True
433.5701 	EXP 	Device response: <KeyPress from None: t=433.5675309000071, value=space, duration=None>
433.5713 	DATA 	Keypress: space
433.5887 	EXP 	polygon: autoDraw = False
433.5887 	EXP 	polygon_2: autoDraw = False
433.6870 	EXP 	Device response: <KeyPress from None: t=433.5675309000071, value=space, duration=0.1158322999253869>
433.9532 	EXP 	Sound sound_1 reached end of file
433.9696 	EXP 	Playing sound sound_1 on speaker Speakers (Realtek(R) Audio)
434.2703 	EXP 	Sound sound_1 stopped
434.2844 	EXP 	text: autoDraw = True
434.2844 	EXP 	textbox: autoDraw = True
435.4180 	DATA 	Keypress: 6
435.4186 	EXP 	Device response: <KeyPress from None: t=435.4146277999971, value=6, duration=None>
435.5522 	EXP 	Device response: <KeyPress from None: t=435.4146277999971, value=6, duration=0.12851829989813268>
435.6194 	DATA 	Keypress: 8
435.6346 	EXP 	Device response: <KeyPress from None: t=435.6180024999194, value=8, duration=None>
435.7014 	EXP 	Device response: <KeyPress from None: t=435.6180024999194, value=8, duration=0.07841329998336732>
436.0033 	DATA 	Keypress: 0
436.0174 	EXP 	Device response: <KeyPress from None: t=436.0024702998344, value=0, duration=None>
436.0680 	EXP 	Device response: <KeyPress from None: t=436.0024702998344, value=0, duration=0.06238000001758337>
436.9353 	DATA 	Mouse: Left button down, pos=(617,158)
436.9508 	EXP 	New trial (rep=1, index=46): <Trial 94 (46 in rep 1) data={'delay': 0.1, 'freq': 1000, 'condition': 'exp', 'thisN': 94, 'thisTrialN': 46, 'thisRepN': 1}>
436.9666 	EXP 	text: autoDraw = False
436.9666 	EXP 	textbox: autoDraw = False
436.9666 	EXP 	polygon: autoDraw = True
437.1691 	DATA 	Mouse:  Left button up, pos=(617,158)
437.9658 	INFO 	Keyboard events cleared
437.9657 	EXP 	polygon: autoDraw = False
437.9657 	EXP 	polygon_2: autoDraw = True
438.3003 	EXP 	Device response: <KeyPress from None: t=438.2865641999524, value=space, duration=None>
438.3018 	DATA 	Keypress: space
438.3164 	EXP 	polygon: autoDraw = False
438.3164 	EXP 	polygon_2: autoDraw = False
438.3996 	EXP 	Sound sound_1 reached end of file
438.4160 	EXP 	Playing sound sound_1 on speaker Speakers (Realtek(R) Audio)
438.4835 	EXP 	Device response: <KeyPress from None: t=438.2865641999524, value=space, duration=0.19107089983299375>
438.7118 	EXP 	Sound sound_1 stopped
438.7309 	EXP 	text: autoDraw = True
438.7309 	EXP 	textbox: autoDraw = True
440.0143 	DATA 	Keypress: 2
440.0149 	EXP 	Device response: <KeyPress from None: t=440.0113986998331, value=2, duration=None>
440.1313 	EXP 	Device response: <KeyPress from None: t=440.0113986998331, value=2, duration=0.1077010000590235>
440.1342 	DATA 	Keypress: 0
440.1476 	EXP 	Device response: <KeyPress from None: t=440.1339375998359, value=0, duration=None>
440.2312 	EXP 	Device response: <KeyPress from None: t=440.1339375998359, value=0, duration=0.09223209996707737>
440.2973 	DATA 	Keypress: 0
440.2980 	EXP 	Device response: <KeyPress from None: t=440.29260950000025, value=0, duration=None>
440.3640 	EXP 	Device response: <KeyPress from None: t=440.29260950000025, value=0, duration=0.055086399894207716>
441.1467 	DATA 	Mouse: Left button down, pos=(617,158)
441.1472 	EXP 	New trial (rep=1, index=47): <Trial 95 (47 in rep 1) data={'delay': 0.7, 'freq': 1000, 'condition': 'exp', 'thisN': 95, 'thisTrialN': 47, 'thisRepN': 1}>
441.1630 	EXP 	text: autoDraw = False
441.1630 	EXP 	textbox: autoDraw = False
441.1630 	EXP 	polygon: autoDraw = True
441.3830 	DATA 	Mouse:  Left button up, pos=(617,158)
442.1462 	INFO 	Keyboard events cleared
442.1460 	EXP 	polygon_2: autoDraw = True
442.1627 	EXP 	polygon: autoDraw = False
442.5131 	EXP 	Device response: <KeyPress from None: t=442.5072718998417, value=space, duration=None>
442.5148 	DATA 	Keypress: space
442.5288 	EXP 	polygon: autoDraw = False
442.5288 	EXP 	polygon_2: autoDraw = False
442.6800 	EXP 	Device response: <KeyPress from None: t=442.5072718998417, value=space, duration=0.16312979999929667>
443.1960 	EXP 	Sound sound_1 reached end of file
443.2123 	EXP 	Playing sound sound_1 on speaker Speakers (Realtek(R) Audio)
443.5085 	EXP 	Sound sound_1 stopped
443.5269 	EXP 	text: autoDraw = True
443.5269 	EXP 	textbox: autoDraw = True
443.7110 	DATA 	Keypress: 9
443.7116 	EXP 	Device response: <KeyPress from None: t=443.70745609980077, value=9, duration=None>
443.8290 	EXP 	Device response: <KeyPress from None: t=443.70745609980077, value=9, duration=0.10840170015580952>
443.9112 	DATA 	Keypress: 0
443.9119 	EXP 	Device response: <KeyPress from None: t=443.90548609988764, value=0, duration=None>
443.9948 	EXP 	Device response: <KeyPress from None: t=443.90548609988764, value=0, duration=0.08452529995702207>
444.0610 	DATA 	Keypress: 0
444.0617 	EXP 	Device response: <KeyPress from None: t=444.05395099986345, value=0, duration=None>
444.0946 	EXP 	Device response: <KeyPress from None: t=444.05395099986345, value=0, duration=0.03934090002439916>
445.2435 	DATA 	Mouse: Left button down, pos=(617,158)
445.2439 	EXP 	New trial (rep=2, index=0): <Trial 96 (0 in rep 2) data={'delay': 0.4, 'freq': 400, 'condition': 'unexp', 'thisN': 96, 'thisTrialN': 0, 'thisRepN': 2}>
445.2596 	EXP 	text: autoDraw = False
445.2596 	EXP 	textbox: autoDraw = False
445.2596 	EXP 	polygon: autoDraw = True
445.4795 	DATA 	Mouse:  Left button up, pos=(617,158)
446.2433 	INFO 	Keyboard events cleared
446.2431 	EXP 	polygon_2: autoDraw = True
446.2596 	EXP 	polygon: autoDraw = False
446.5429 	EXP 	Device response: <KeyPress from None: t=446.5384200999979, value=space, duration=None>
446.5445 	DATA 	Keypress: space
446.5587 	EXP 	polygon: autoDraw = False
446.5587 	EXP 	polygon_2: autoDraw = False
446.6929 	EXP 	Device response: <KeyPress from None: t=446.5384200999979, value=space, duration=0.13846699986606836>
446.9263 	EXP 	Sound sound_1 reached end of file
446.9423 	EXP 	Playing sound sound_1 on speaker Speakers (Realtek(R) Audio)
447.2405 	EXP 	Sound sound_1 stopped
447.2573 	EXP 	text: autoDraw = True
447.2573 	EXP 	textbox: autoDraw = True
447.7746 	DATA 	Keypress: 2
447.7752 	EXP 	Device response: <KeyPress from None: t=447.7670339997858, value=2, duration=None>
447.8920 	DATA 	Keypress: 0
447.8926 	EXP 	Device response: <KeyPress from None: t=447.7670339997858, value=2, duration=0.11105380021035671>
447.8926 	EXP 	Device response: <KeyPress from None: t=447.8886223998852, value=0, duration=None>
447.9749 	EXP 	Device response: <KeyPress from None: t=447.8886223998852, value=0, duration=0.07533459994010627>
448.0245 	DATA 	Keypress: 0
448.0252 	EXP 	Device response: <KeyPress from None: t=448.02219309983775, value=0, duration=None>
448.1078 	EXP 	Device response: <KeyPress from None: t=448.02219309983775, value=0, duration=0.08199180010706186>
449.3733 	DATA 	Mouse: Left button down, pos=(617,158)
449.3738 	EXP 	New trial (rep=2, index=1): <Trial 97 (1 in rep 2) data={'delay': 0.1, 'freq': 1000, 'condition': 'exp', 'thisN': 97, 'thisTrialN': 1, 'thisRepN': 2}>
449.3898 	EXP 	text: autoDraw = False
449.3898 	EXP 	textbox: autoDraw = False
449.3898 	EXP 	polygon: autoDraw = True
449.5925 	DATA 	Mouse:  Left button up, pos=(617,158)
450.3887 	INFO 	Keyboard events cleared
450.3886 	EXP 	polygon_2: autoDraw = True
450.4053 	EXP 	polygon: autoDraw = False
450.7058 	EXP 	Device response: <KeyPress from None: t=450.7038648999296, value=space, duration=None>
450.7070 	DATA 	Keypress: space
450.7219 	EXP 	polygon: autoDraw = False
450.7219 	EXP 	polygon_2: autoDraw = False
450.7894 	EXP 	Sound sound_1 reached end of file
450.8057 	EXP 	Playing sound sound_1 on speaker Speakers (Realtek(R) Audio)
450.9059 	EXP 	Device response: <KeyPress from None: t=450.7038648999296, value=space, duration=0.18841329985298216>
451.1081 	EXP 	Sound sound_1 stopped
451.1208 	EXP 	text: autoDraw = True
451.1208 	EXP 	textbox: autoDraw = True
451.6881 	DATA 	Keypress: 1
451.6887 	EXP 	Device response: <KeyPress from None: t=451.68031939980574, value=1, duration=None>
451.7924 	DATA 	Keypress: 0
451.8046 	EXP 	Device response: <KeyPress from None: t=451.7915190998465, value=0, duration=None>
451.8046 	EXP 	Device response: <KeyPress from None: t=451.68031939980574, value=1, duration=0.11119970004074275>
451.8722 	EXP 	Device response: <KeyPress from None: t=451.7915190998465, value=0, duration=0.07292039995081723>
451.9380 	DATA 	Keypress: 0
451.9387 	EXP 	Device response: <KeyPress from None: t=451.927466499852, value=0, duration=None>
452.0211 	EXP 	Device response: <KeyPress from None: t=451.927466499852, value=0, duration=0.07998979999683797>
452.7702 	DATA 	Mouse: Left button down, pos=(617,158)
452.7707 	EXP 	New trial (rep=2, index=2): <Trial 98 (2 in rep 2) data={'delay': 0.4, 'freq': 1000, 'condition': 'exp', 'thisN': 98, 'thisTrialN': 2, 'thisRepN': 2}>
452.7866 	EXP 	text: autoDraw = False
452.7866 	EXP 	textbox: autoDraw = False
452.7866 	EXP 	polygon: autoDraw = True
452.9897 	DATA 	Mouse:  Left button up, pos=(617,158)
453.7706 	INFO 	Keyboard events cleared
453.7705 	EXP 	polygon_2: autoDraw = True
453.7866 	EXP 	polygon: autoDraw = False
454.2359 	EXP 	Device response: <KeyPress from None: t=454.2296956998762, value=space, duration=None>
454.2374 	DATA 	Keypress: space
454.2519 	EXP 	polygon: autoDraw = False
454.2519 	EXP 	polygon_2: autoDraw = False
454.3703 	EXP 	Device response: <KeyPress from None: t=454.2296956998762, value=space, duration=0.13453259994275868>
454.6199 	EXP 	Sound sound_1 reached end of file
454.6362 	EXP 	Playing sound sound_1 on speaker Speakers (Realtek(R) Audio)
454.9389 	EXP 	Sound sound_1 stopped
454.9510 	EXP 	text: autoDraw = True
454.9510 	EXP 	textbox: autoDraw = True
455.4186 	DATA 	Keypress: 7
455.4191 	EXP 	Device response: <KeyPress from None: t=455.4085921999067, value=7, duration=None>
455.5186 	EXP 	Device response: <KeyPress from None: t=455.4085921999067, value=7, duration=0.098950200015679>
455.6846 	DATA 	Keypress: 0
455.6853 	EXP 	Device response: <KeyPress from None: t=455.67178299999796, value=0, duration=None>
455.7683 	EXP 	Device response: <KeyPress from None: t=455.67178299999796, value=0, duration=0.08719389978796244>
455.8181 	DATA 	Keypress: 0
455.8187 	EXP 	Device response: <KeyPress from None: t=455.8119881998282, value=0, duration=None>
455.9013 	EXP 	Device response: <KeyPress from None: t=455.8119881998282, value=0, duration=0.07522460003383458>
456.6883 	DATA 	Mouse: Left button down, pos=(617,158)
456.7008 	EXP 	New trial (rep=2, index=3): <Trial 99 (3 in rep 2) data={'delay': 0.4, 'freq': 400, 'condition': 'unexp', 'thisN': 99, 'thisTrialN': 3, 'thisRepN': 2}>
456.7167 	EXP 	text: autoDraw = False
456.7167 	EXP 	textbox: autoDraw = False
456.7167 	EXP 	polygon: autoDraw = True
456.9196 	DATA 	Mouse:  Left button up, pos=(617,158)
457.6999 	INFO 	Keyboard events cleared
457.6998 	EXP 	polygon_2: autoDraw = True
457.7166 	EXP 	polygon: autoDraw = False
458.2491 	EXP 	Device response: <KeyPress from None: t=458.23776499996893, value=space, duration=None>
458.2501 	DATA 	Keypress: space
458.2667 	EXP 	polygon: autoDraw = False
458.2667 	EXP 	polygon_2: autoDraw = False
458.4171 	EXP 	Device response: <KeyPress from None: t=458.23776499996893, value=space, duration=0.1679733998607844>
458.6487 	EXP 	Sound sound_1 reached end of file
458.6652 	EXP 	Playing sound sound_1 on speaker Speakers (Realtek(R) Audio)
458.9613 	EXP 	Sound sound_1 stopped
458.9805 	EXP 	text: autoDraw = True
458.9805 	EXP 	textbox: autoDraw = True
459.5483 	DATA 	Keypress: 2
459.5489 	EXP 	Device response: <KeyPress from None: t=459.53913029981777, value=2, duration=None>
459.6485 	EXP 	Device response: <KeyPress from None: t=459.53913029981777, value=2, duration=0.10754470014944673>
459.9484 	DATA 	Keypress: 5
459.9490 	EXP 	Device response: <KeyPress from None: t=459.93885039980523, value=5, duration=None>
460.0811 	DATA 	Keypress: 0
460.0818 	EXP 	Device response: <KeyPress from None: t=459.93885039980523, value=5, duration=0.126941499998793>
460.0818 	EXP 	Device response: <KeyPress from None: t=460.078868099954, value=0, duration=None>
460.1811 	EXP 	Device response: <KeyPress from None: t=460.078868099954, value=0, duration=0.09852360002696514>
460.9637 	DATA 	Mouse: Left button down, pos=(617,158)
460.9642 	EXP 	New trial (rep=2, index=4): <Trial 100 (4 in rep 2) data={'delay': 0.7, 'freq': 400, 'condition': 'unexp', 'thisN': 100, 'thisTrialN': 4, 'thisRepN': 2}>
460.9803 	EXP 	text: autoDraw = False
460.9803 	EXP 	textbox: autoDraw = False
460.9803 	EXP 	polygon: autoDraw = True
461.1993 	DATA 	Mouse:  Left button up, pos=(617,158)
461.9636 	INFO 	Keyboard events cleared
461.9635 	EXP 	polygon_2: autoDraw = True
461.9803 	EXP 	polygon: autoDraw = False
462.4644 	DATA 	Keypress: space
462.4797 	EXP 	Device response: <KeyPress from None: t=462.4636162999086, value=space, duration=None>
462.4960 	EXP 	polygon: autoDraw = False
462.4960 	EXP 	polygon_2: autoDraw = False
462.6637 	EXP 	Device response: <KeyPress from None: t=462.4636162999086, value=space, duration=0.18709599995054305>
463.1630 	EXP 	Sound sound_1 reached end of file
463.1793 	EXP 	Playing sound sound_1 on speaker Speakers (Realtek(R) Audio)
463.4783 	EXP 	Sound sound_1 stopped
463.4937 	EXP 	text: autoDraw = True
463.4937 	EXP 	textbox: autoDraw = True
463.8447 	DATA 	Keypress: 8
463.8453 	EXP 	Device response: <KeyPress from None: t=463.8427305999212, value=8, duration=None>
463.9783 	EXP 	Device response: <KeyPress from None: t=463.8427305999212, value=8, duration=0.12198519986122847>
464.0775 	DATA 	Keypress: 9
464.0781 	EXP 	Device response: <KeyPress from None: t=464.0669481998775, value=9, duration=None>
464.1612 	EXP 	Device response: <KeyPress from None: t=464.0669481998775, value=9, duration=0.08604670013301075>
464.2442 	DATA 	Keypress: 0
464.2448 	EXP 	Device response: <KeyPress from None: t=464.24384569982067, value=0, duration=None>
464.3281 	EXP 	Device response: <KeyPress from None: t=464.24384569982067, value=0, duration=0.08162120007909834>
465.4269 	DATA 	Mouse: Left button down, pos=(617,158)
465.4274 	EXP 	New trial (rep=2, index=5): <Trial 101 (5 in rep 2) data={'delay': 0.4, 'freq': 1000, 'condition': 'exp', 'thisN': 101, 'thisTrialN': 5, 'thisRepN': 2}>
465.4429 	EXP 	text: autoDraw = False
465.4429 	EXP 	textbox: autoDraw = False
465.4429 	EXP 	polygon: autoDraw = True
465.6457 	DATA 	Mouse:  Left button up, pos=(617,158)
466.4434 	INFO 	Keyboard events cleared
466.4433 	EXP 	polygon: autoDraw = False
466.4433 	EXP 	polygon_2: autoDraw = True
466.7269 	EXP 	Device response: <KeyPress from None: t=466.71496099978685, value=space, duration=None>
466.7289 	DATA 	Keypress: space
466.7424 	EXP 	polygon: autoDraw = False
466.7424 	EXP 	polygon_2: autoDraw = False
466.9102 	EXP 	Device response: <KeyPress from None: t=466.71496099978685, value=space, duration=0.18286590022034943>
467.1259 	EXP 	Sound sound_1 reached end of file
467.1422 	EXP 	Playing sound sound_1 on speaker Speakers (Realtek(R) Audio)
467.4400 	EXP 	Sound sound_1 stopped
467.4574 	EXP 	text: autoDraw = True
467.4574 	EXP 	textbox: autoDraw = True
467.8245 	DATA 	Keypress: 5
467.8253 	EXP 	Device response: <KeyPress from None: t=467.8219675999135, value=5, duration=None>
467.9249 	EXP 	Device response: <KeyPress from None: t=467.8219675999135, value=5, duration=0.09508179989643395>
468.0909 	DATA 	Keypress: 0
468.0915 	EXP 	Device response: <KeyPress from None: t=468.08870319998823, value=0, duration=None>
468.1915 	EXP 	Device response: <KeyPress from None: t=468.08870319998823, value=0, duration=0.09935839986428618>
468.2578 	DATA 	Keypress: 0
468.2584 	EXP 	Device response: <KeyPress from None: t=468.254490399966, value=0, duration=None>
468.3587 	EXP 	Device response: <KeyPress from None: t=468.254490399966, value=0, duration=0.09141199989244342>
469.4400 	DATA 	Mouse: Left button down, pos=(617,158)
469.4404 	EXP 	New trial (rep=2, index=6): <Trial 102 (6 in rep 2) data={'delay': 0.7, 'freq': 400, 'condition': 'unexp', 'thisN': 102, 'thisTrialN': 6, 'thisRepN': 2}>
469.4562 	EXP 	text: autoDraw = False
469.4562 	EXP 	textbox: autoDraw = False
469.4562 	EXP 	polygon: autoDraw = True
469.6751 	DATA 	Mouse:  Left button up, pos=(617,158)
470.4559 	INFO 	Keyboard events cleared
470.4558 	EXP 	polygon: autoDraw = False
470.4558 	EXP 	polygon_2: autoDraw = True
470.8567 	EXP 	Device response: <KeyPress from None: t=470.8535460999701, value=space, duration=None>
470.8583 	DATA 	Keypress: space
470.8726 	EXP 	polygon: autoDraw = False
470.8726 	EXP 	polygon_2: autoDraw = False
471.0228 	EXP 	Device response: <KeyPress from None: t=470.8535460999701, value=space, duration=0.1617046999745071>
471.5568 	EXP 	Sound sound_1 reached end of file
471.5730 	EXP 	Playing sound sound_1 on speaker Speakers (Realtek(R) Audio)
471.8736 	EXP 	Sound sound_1 stopped
471.8878 	EXP 	text: autoDraw = True
471.8878 	EXP 	textbox: autoDraw = True
472.1738 	DATA 	Keypress: 9
472.1876 	EXP 	Device response: <KeyPress from None: t=472.1724283997901, value=9, duration=None>
472.2715 	EXP 	Device response: <KeyPress from None: t=472.1724283997901, value=9, duration=0.09588590008206666>
472.3709 	DATA 	Keypress: 0
472.3715 	EXP 	Device response: <KeyPress from None: t=472.3616544997785, value=0, duration=None>
472.4546 	EXP 	Device response: <KeyPress from None: t=472.3616544997785, value=0, duration=0.07919370010495186>
472.5208 	DATA 	Keypress: 0
472.5215 	EXP 	Device response: <KeyPress from None: t=472.50924119981937, value=0, duration=None>
472.6042 	EXP 	Device response: <KeyPress from None: t=472.50924119981937, value=0, duration=0.07833260018378496>
473.4369 	DATA 	Mouse: Left button down, pos=(617,158)
473.4374 	EXP 	New trial (rep=2, index=7): <Trial 103 (7 in rep 2) data={'delay': 0.4, 'freq': 400, 'condition': 'unexp', 'thisN': 103, 'thisTrialN': 7, 'thisRepN': 2}>
473.4530 	EXP 	text: autoDraw = False
473.4530 	EXP 	textbox: autoDraw = False
473.4530 	EXP 	polygon: autoDraw = True
473.6557 	DATA 	Mouse:  Left button up, pos=(617,158)
474.4367 	INFO 	Keyboard events cleared
474.4366 	EXP 	polygon_2: autoDraw = True
474.4530 	EXP 	polygon: autoDraw = False
474.8533 	EXP 	Device response: <KeyPress from None: t=474.84553509997204, value=space, duration=None>
474.8549 	DATA 	Keypress: space
474.8692 	EXP 	polygon: autoDraw = False
474.8692 	EXP 	polygon_2: autoDraw = False
475.0359 	EXP 	Device response: <KeyPress from None: t=474.84553509997204, value=space, duration=0.17427249997854233>
475.2526 	EXP 	Sound sound_1 reached end of file
475.2689 	EXP 	Playing sound sound_1 on speaker Speakers (Realtek(R) Audio)
475.5707 	EXP 	Sound sound_1 stopped
475.5838 	EXP 	text: autoDraw = True
475.5838 	EXP 	textbox: autoDraw = True
475.8847 	DATA 	Keypress: 9
475.8853 	EXP 	Device response: <KeyPress from None: t=475.87392459996045, value=9, duration=None>
475.9852 	EXP 	Device response: <KeyPress from None: t=475.87392459996045, value=9, duration=0.1077471999451518>
476.2344 	DATA 	Keypress: 0
476.2350 	EXP 	Device response: <KeyPress from None: t=476.2285155998543, value=0, duration=None>
476.3515 	EXP 	Device response: <KeyPress from None: t=476.2285155998543, value=0, duration=0.11801000009290874>
476.4361 	DATA 	Keypress: 0
476.4508 	EXP 	Device response: <KeyPress from None: t=476.4345563999377, value=0, duration=None>
476.5345 	EXP 	Device response: <KeyPress from None: t=476.4345563999377, value=0, duration=0.09350709989666939>
476.7506 	DATA 	Keypress: backspace
476.7513 	EXP 	Device response: <KeyPress from None: t=476.7463808998, value=backspace, duration=None>
476.8006 	EXP 	Device response: <KeyPress from None: t=476.7463808998, value=backspace, duration=0.03952680015936494>
477.4506 	DATA 	Keypress: backspace
477.4515 	EXP 	Device response: <KeyPress from None: t=477.4410291998647, value=backspace, duration=None>
477.5836 	EXP 	Device response: <KeyPress from None: t=477.4410291998647, value=backspace, duration=0.13803580007515848>
478.0333 	DATA 	Keypress: 5
478.0340 	EXP 	Device response: <KeyPress from None: t=478.02508209994994, value=5, duration=None>
478.1664 	DATA 	Keypress: 0
478.1673 	EXP 	Device response: <KeyPress from None: t=478.02508209994994, value=5, duration=0.1285675000399351>
478.1673 	EXP 	Device response: <KeyPress from None: t=478.15741999982856, value=0, duration=None>
478.2668 	EXP 	Device response: <KeyPress from None: t=478.15741999982856, value=0, duration=0.0951633001677692>
479.1491 	DATA 	Mouse: Left button down, pos=(617,158)
479.1496 	EXP 	New trial (rep=2, index=8): <Trial 104 (8 in rep 2) data={'delay': 0.1, 'freq': 1000, 'condition': 'exp', 'thisN': 104, 'thisTrialN': 8, 'thisRepN': 2}>
479.1650 	EXP 	text: autoDraw = False
479.1650 	EXP 	textbox: autoDraw = False
479.1650 	EXP 	polygon: autoDraw = True
479.3683 	DATA 	Mouse:  Left button up, pos=(617,158)
480.1650 	INFO 	Keyboard events cleared
480.1649 	EXP 	polygon: autoDraw = False
480.1649 	EXP 	polygon_2: autoDraw = True
480.5815 	EXP 	Device response: <KeyPress from None: t=480.5791051997803, value=space, duration=None>
480.5830 	DATA 	Keypress: space
480.5978 	EXP 	polygon: autoDraw = False
480.5978 	EXP 	polygon_2: autoDraw = False
480.6808 	EXP 	Sound sound_1 reached end of file
480.6972 	EXP 	Playing sound sound_1 on speaker Speakers (Realtek(R) Audio)
480.7150 	EXP 	Device response: <KeyPress from None: t=480.5791051997803, value=space, duration=0.1305874001700431>
481.0004 	EXP 	Sound sound_1 stopped
481.0126 	EXP 	text: autoDraw = True
481.0126 	EXP 	textbox: autoDraw = True
481.8491 	DATA 	Keypress: 1
481.8631 	EXP 	Device response: <KeyPress from None: t=481.84734069998376, value=1, duration=None>
481.9631 	EXP 	Device response: <KeyPress from None: t=481.84734069998376, value=1, duration=0.11160449986346066>
481.9664 	DATA 	Keypress: 0
481.9797 	EXP 	Device response: <KeyPress from None: t=481.96542359981686, value=0, duration=None>
482.0469 	EXP 	Device response: <KeyPress from None: t=481.96542359981686, value=0, duration=0.07607690012082458>
482.1130 	DATA 	Keypress: 0
482.1136 	EXP 	Device response: <KeyPress from None: t=482.103633799823, value=0, duration=None>
482.1804 	EXP 	Device response: <KeyPress from None: t=482.103633799823, value=0, duration=0.06941480003297329>
483.0120 	DATA 	Mouse: Left button down, pos=(617,158)
483.0125 	EXP 	New trial (rep=2, index=9): <Trial 105 (9 in rep 2) data={'delay': 0.1, 'freq': 400, 'condition': 'unexp', 'thisN': 105, 'thisTrialN': 9, 'thisRepN': 2}>
483.0290 	EXP 	text: autoDraw = False
483.0290 	EXP 	textbox: autoDraw = False
483.0290 	EXP 	polygon: autoDraw = True
483.2303 	DATA 	Mouse:  Left button up, pos=(617,158)
484.0274 	INFO 	Keyboard events cleared
484.0273 	EXP 	polygon_2: autoDraw = True
484.0443 	EXP 	polygon: autoDraw = False
484.3285 	EXP 	Device response: <KeyPress from None: t=484.3182756998576, value=space, duration=None>
484.3296 	DATA 	Keypress: space
484.3445 	EXP 	polygon: autoDraw = False
484.3445 	EXP 	polygon_2: autoDraw = False
484.4115 	EXP 	Sound sound_1 reached end of file
484.4279 	EXP 	Playing sound sound_1 on speaker Speakers (Realtek(R) Audio)
484.4785 	EXP 	Device response: <KeyPress from None: t=484.3182756998576, value=space, duration=0.14381980011239648>
484.7285 	EXP 	Sound sound_1 stopped
484.7428 	EXP 	text: autoDraw = True
484.7428 	EXP 	textbox: autoDraw = True
485.2270 	DATA 	Keypress: 7
485.2276 	EXP 	Device response: <KeyPress from None: t=485.22665859991685, value=7, duration=None>
485.3441 	EXP 	Device response: <KeyPress from None: t=485.22665859991685, value=7, duration=0.10538339987397194>
485.5102 	DATA 	Keypress: 0
485.5111 	EXP 	Device response: <KeyPress from None: t=485.5071953998413, value=0, duration=None>
485.5938 	EXP 	Device response: <KeyPress from None: t=485.5071953998413, value=0, duration=0.07793559995479882>
485.6769 	DATA 	Keypress: 0
485.6775 	EXP 	Device response: <KeyPress from None: t=485.6633077999577, value=0, duration=None>
485.7436 	EXP 	Device response: <KeyPress from None: t=485.6633077999577, value=0, duration=0.07932779984548688>
486.7258 	DATA 	Mouse: Left button down, pos=(617,158)
486.7263 	EXP 	New trial (rep=2, index=10): <Trial 106 (10 in rep 2) data={'delay': 0.1, 'freq': 1000, 'condition': 'exp', 'thisN': 106, 'thisTrialN': 10, 'thisRepN': 2}>
486.7422 	EXP 	text: autoDraw = False
486.7422 	EXP 	textbox: autoDraw = False
486.7422 	EXP 	polygon: autoDraw = True
486.9450 	DATA 	Mouse:  Left button up, pos=(617,158)
487.7420 	INFO 	Keyboard events cleared
487.7419 	EXP 	polygon: autoDraw = False
487.7419 	EXP 	polygon_2: autoDraw = True
487.9757 	EXP 	Device response: <KeyPress from None: t=487.96396449999884, value=space, duration=None>
487.9780 	DATA 	Keypress: space
487.9915 	EXP 	polygon: autoDraw = False
487.9915 	EXP 	polygon_2: autoDraw = False
488.0591 	EXP 	Sound sound_1 reached end of file
488.0754 	EXP 	Playing sound sound_1 on speaker Speakers (Realtek(R) Audio)
488.1085 	EXP 	Device response: <KeyPress from None: t=487.96396449999884, value=space, duration=0.13365909992717206>
488.3707 	EXP 	Sound sound_1 stopped
488.3900 	EXP 	text: autoDraw = True
488.3900 	EXP 	textbox: autoDraw = True
489.3901 	DATA 	Keypress: 3
489.3907 	EXP 	Device response: <KeyPress from None: t=489.38002299983054, value=3, duration=None>
489.4574 	EXP 	Device response: <KeyPress from None: t=489.38002299983054, value=3, duration=0.06813509995117784>
489.8399 	DATA 	Keypress: 0
489.8408 	EXP 	Device response: <KeyPress from None: t=489.83572689979337, value=0, duration=None>
489.9235 	EXP 	Device response: <KeyPress from None: t=489.83572689979337, value=0, duration=0.07899489998817444>
489.9899 	DATA 	Keypress: 0
489.9906 	EXP 	Device response: <KeyPress from None: t=489.98605109984055, value=0, duration=None>
490.0403 	EXP 	Device response: <KeyPress from None: t=489.98605109984055, value=0, duration=0.049363299971446395>
491.1888 	DATA 	Mouse: Left button down, pos=(617,158)
491.1894 	EXP 	New trial (rep=2, index=11): <Trial 107 (11 in rep 2) data={'delay': 0.4, 'freq': 1000, 'condition': 'exp', 'thisN': 107, 'thisTrialN': 11, 'thisRepN': 2}>
491.2052 	EXP 	text: autoDraw = False
491.2052 	EXP 	textbox: autoDraw = False
491.2052 	EXP 	polygon: autoDraw = True
491.4081 	DATA 	Mouse:  Left button up, pos=(617,158)
492.1886 	INFO 	Keyboard events cleared
492.1885 	EXP 	polygon_2: autoDraw = True
492.2058 	EXP 	polygon: autoDraw = False
492.4550 	EXP 	Device response: <KeyPress from None: t=492.4508535999339, value=space, duration=None>
492.4570 	DATA 	Keypress: space
492.4710 	EXP 	polygon: autoDraw = False
492.4710 	EXP 	polygon_2: autoDraw = False
492.5884 	EXP 	Device response: <KeyPress from None: t=492.4508535999339, value=space, duration=0.13436240004375577>
492.8382 	EXP 	Sound sound_1 reached end of file
492.8545 	EXP 	Playing sound sound_1 on speaker Speakers (Realtek(R) Audio)
493.1499 	EXP 	Sound sound_1 stopped
493.1695 	EXP 	text: autoDraw = True
493.1695 	EXP 	textbox: autoDraw = True
493.7706 	DATA 	Keypress: 1
493.7713 	EXP 	Device response: <KeyPress from None: t=493.7673886998091, value=1, duration=None>
493.8872 	EXP 	Device response: <KeyPress from None: t=493.7673886998091, value=1, duration=0.11132650007493794>
494.2200 	DATA 	Keypress: 0
494.2207 	EXP 	Device response: <KeyPress from None: t=494.21315799979493, value=0, duration=None>
494.2703 	EXP 	Device response: <KeyPress from None: t=494.21315799979493, value=0, duration=0.04641870013438165>
494.3364 	DATA 	Keypress: 0
494.3372 	EXP 	Device response: <KeyPress from None: t=494.33167399978265, value=0, duration=None>
494.4201 	EXP 	Device response: <KeyPress from None: t=494.33167399978265, value=0, duration=0.08478750009089708>
495.1856 	DATA 	Mouse: Left button down, pos=(617,158)
495.1861 	EXP 	New trial (rep=2, index=12): <Trial 108 (12 in rep 2) data={'delay': 0.7, 'freq': 1000, 'condition': 'exp', 'thisN': 108, 'thisTrialN': 12, 'thisRepN': 2}>
495.2017 	EXP 	text: autoDraw = False
495.2017 	EXP 	textbox: autoDraw = False
495.2017 	EXP 	polygon: autoDraw = True
495.4050 	DATA 	Mouse:  Left button up, pos=(617,158)
496.1855 	INFO 	Keyboard events cleared
496.1853 	EXP 	polygon_2: autoDraw = True
496.2020 	EXP 	polygon: autoDraw = False
496.4685 	EXP 	Device response: <KeyPress from None: t=496.468031299999, value=space, duration=None>
496.4698 	DATA 	Keypress: space
496.4846 	EXP 	polygon: autoDraw = False
496.4846 	EXP 	polygon_2: autoDraw = False
496.6192 	EXP 	Device response: <KeyPress from None: t=496.468031299999, value=space, duration=0.14743729983456433>
497.1675 	EXP 	Sound sound_1 reached end of file
497.1839 	EXP 	Playing sound sound_1 on speaker Speakers (Realtek(R) Audio)
497.3172 	EXP 	Device response: <KeyPress from None: t=497.3049605998676, value=9, duration=None>
497.3178 	DATA 	Keypress: 9
497.4338 	EXP 	Device response: <KeyPress from None: t=497.3049605998676, value=9, duration=0.12086759996600449>
497.4775 	EXP 	Sound sound_1 stopped
497.4993 	EXP 	text: autoDraw = True
497.4993 	EXP 	textbox: autoDraw = True
498.0369 	DATA 	Keypress: 9
498.0501 	EXP 	Device response: <KeyPress from None: t=498.0365603999235, value=9, duration=None>
498.1006 	EXP 	Device response: <KeyPress from None: t=498.0365603999235, value=9, duration=0.062083000084385276>
498.2328 	DATA 	Keypress: 0
498.2334 	EXP 	Device response: <KeyPress from None: t=498.22941659996286, value=0, duration=None>
498.3333 	EXP 	Device response: <KeyPress from None: t=498.22941659996286, value=0, duration=0.0914818998426199>
498.3855 	DATA 	Keypress: 0
498.3994 	EXP 	Device response: <KeyPress from None: t=498.384261299856, value=0, duration=None>
498.4667 	EXP 	Device response: <KeyPress from None: t=498.384261299856, value=0, duration=0.07964479993097484>
499.2493 	DATA 	Mouse: Left button down, pos=(617,158)
499.2498 	EXP 	New trial (rep=2, index=13): <Trial 109 (13 in rep 2) data={'delay': 0.1, 'freq': 400, 'condition': 'unexp', 'thisN': 109, 'thisTrialN': 13, 'thisRepN': 2}>
499.2652 	EXP 	text: autoDraw = False
499.2652 	EXP 	textbox: autoDraw = False
499.2652 	EXP 	polygon: autoDraw = True
499.4835 	DATA 	Mouse:  Left button up, pos=(617,158)
500.2488 	INFO 	Keyboard events cleared
500.2487 	EXP 	polygon_2: autoDraw = True
500.2650 	EXP 	polygon: autoDraw = False
500.5310 	EXP 	Device response: <KeyPress from None: t=500.5299143998418, value=space, duration=None>
500.5322 	DATA 	Keypress: space
500.5479 	EXP 	polygon: autoDraw = False
500.5479 	EXP 	polygon_2: autoDraw = False
500.6153 	EXP 	Sound sound_1 reached end of file
500.6317 	EXP 	Playing sound sound_1 on speaker Speakers (Realtek(R) Audio)
500.6818 	EXP 	Device response: <KeyPress from None: t=500.5299143998418, value=space, duration=0.14632469997741282>
500.9314 	EXP 	Sound sound_1 stopped
500.9471 	EXP 	text: autoDraw = True
500.9471 	EXP 	textbox: autoDraw = True
501.5303 	DATA 	Keypress: 1
501.5310 	EXP 	Device response: <KeyPress from None: t=501.518726099981, value=1, duration=None>
501.6309 	EXP 	Device response: <KeyPress from None: t=501.518726099981, value=1, duration=0.1022516000084579>
501.7985 	DATA 	Keypress: 2
501.8131 	EXP 	Device response: <KeyPress from None: t=501.79754439997487, value=2, duration=None>
501.9135 	EXP 	Device response: <KeyPress from None: t=501.79754439997487, value=2, duration=0.1147237999830395>
502.3800 	DATA 	Keypress: 0
502.3808 	EXP 	Device response: <KeyPress from None: t=502.3708518999629, value=0, duration=None>
502.4467 	EXP 	Device response: <KeyPress from None: t=502.3708518999629, value=0, duration=0.06717079994268715>
503.3621 	DATA 	Mouse: Left button down, pos=(617,158)
503.3626 	EXP 	New trial (rep=2, index=14): <Trial 110 (14 in rep 2) data={'delay': 0.1, 'freq': 1000, 'condition': 'exp', 'thisN': 110, 'thisTrialN': 14, 'thisRepN': 2}>
503.3786 	EXP 	text: autoDraw = False
503.3786 	EXP 	textbox: autoDraw = False
503.3786 	EXP 	polygon: autoDraw = True
503.5806 	DATA 	Mouse:  Left button up, pos=(617,158)
504.3622 	INFO 	Keyboard events cleared
504.3620 	EXP 	polygon_2: autoDraw = True
504.3788 	EXP 	polygon: autoDraw = False
504.8611 	EXP 	Device response: <KeyPress from None: t=504.8539447998628, value=space, duration=None>
504.8625 	DATA 	Keypress: space
504.8772 	EXP 	polygon: autoDraw = False
504.8772 	EXP 	polygon_2: autoDraw = False
504.9450 	EXP 	Sound sound_1 reached end of file
504.9614 	EXP 	Playing sound sound_1 on speaker Speakers (Realtek(R) Audio)
505.0282 	EXP 	Device response: <KeyPress from None: t=504.8539447998628, value=space, duration=0.161011700052768>
505.2591 	EXP 	Sound sound_1 stopped
505.2759 	EXP 	text: autoDraw = True
505.2759 	EXP 	textbox: autoDraw = True
506.2132 	DATA 	Keypress: 1
506.2267 	EXP 	Device response: <KeyPress from None: t=506.21219759993255, value=1, duration=None>
506.3768 	EXP 	Device response: <KeyPress from None: t=506.21219759993255, value=1, duration=0.16196599998511374>
506.3930 	DATA 	Keypress: 0
506.3936 	EXP 	Device response: <KeyPress from None: t=506.38069489994086, value=0, duration=None>
506.4603 	EXP 	Device response: <KeyPress from None: t=506.38069489994086, value=0, duration=0.06950460001826286>
506.5264 	DATA 	Keypress: 0
506.5279 	EXP 	Device response: <KeyPress from None: t=506.5159240998328, value=0, duration=None>
506.5929 	EXP 	Device response: <KeyPress from None: t=506.5159240998328, value=0, duration=0.06263180007226765>
507.5421 	DATA 	Mouse: Left button down, pos=(617,158)
507.5431 	EXP 	New trial (rep=2, index=15): <Trial 111 (15 in rep 2) data={'delay': 0.7, 'freq': 400, 'condition': 'unexp', 'thisN': 111, 'thisTrialN': 15, 'thisRepN': 2}>
507.5578 	EXP 	text: autoDraw = False
507.5578 	EXP 	textbox: autoDraw = False
507.5578 	EXP 	polygon: autoDraw = True
507.7613 	DATA 	Mouse:  Left button up, pos=(617,158)
508.5417 	INFO 	Keyboard events cleared
508.5416 	EXP 	polygon_2: autoDraw = True
508.5580 	EXP 	polygon: autoDraw = False
508.8748 	DATA 	Keypress: space
508.8905 	EXP 	Device response: <KeyPress from None: t=508.8742001999635, value=space, duration=None>
508.9078 	EXP 	polygon: autoDraw = False
508.9078 	EXP 	polygon_2: autoDraw = False
509.0404 	EXP 	Device response: <KeyPress from None: t=508.8742001999635, value=space, duration=0.16473139985464513>
509.5736 	EXP 	Sound sound_1 reached end of file
509.5900 	EXP 	Playing sound sound_1 on speaker Speakers (Realtek(R) Audio)
509.8241 	EXP 	Device response: <KeyPress from None: t=509.8151071998291, value=9, duration=None>
509.8248 	DATA 	Keypress: 9
509.8915 	EXP 	Sound sound_1 stopped
509.9057 	EXP 	text: autoDraw = True
509.9057 	EXP 	textbox: autoDraw = True
509.9568 	EXP 	Device response: <KeyPress from None: t=509.8151071998291, value=9, duration=0.1277706001419574>
510.3397 	DATA 	Keypress: 9
510.3403 	EXP 	Device response: <KeyPress from None: t=510.32788939983584, value=9, duration=None>
510.4570 	EXP 	Device response: <KeyPress from None: t=510.32788939983584, value=9, duration=0.1215896001085639>
510.5728 	DATA 	Keypress: 0
510.5734 	EXP 	Device response: <KeyPress from None: t=510.5687763998285, value=0, duration=None>
510.8393 	EXP 	Device response: <KeyPress from None: t=510.5687763998285, value=0, duration=0.2656370000913739>
511.0724 	DATA 	Keypress: 0
511.0733 	EXP 	Device response: <KeyPress from None: t=511.05865669995546, value=0, duration=None>
511.1563 	EXP 	Device response: <KeyPress from None: t=511.05865669995546, value=0, duration=0.08512840000912547>
511.9902 	DATA 	Mouse: Left button down, pos=(617,158)
512.0053 	EXP 	New trial (rep=2, index=16): <Trial 112 (16 in rep 2) data={'delay': 0.1, 'freq': 400, 'condition': 'unexp', 'thisN': 112, 'thisTrialN': 16, 'thisRepN': 2}>
512.0212 	EXP 	text: autoDraw = False
512.0212 	EXP 	textbox: autoDraw = False
512.0212 	EXP 	polygon: autoDraw = True
512.2245 	DATA 	Mouse:  Left button up, pos=(617,158)
513.0048 	INFO 	Keyboard events cleared
513.0047 	EXP 	polygon_2: autoDraw = True
513.0211 	EXP 	polygon: autoDraw = False
513.3543 	EXP 	Device response: <KeyPress from None: t=513.3420467998367, value=space, duration=None>
513.3557 	DATA 	Keypress: space
513.3709 	EXP 	polygon: autoDraw = False
513.3709 	EXP 	polygon_2: autoDraw = False
513.4374 	EXP 	Sound sound_1 reached end of file
513.4538 	EXP 	Playing sound sound_1 on speaker Speakers (Realtek(R) Audio)
513.5048 	EXP 	Device response: <KeyPress from None: t=513.3420467998367, value=space, duration=0.15401099994778633>
513.7486 	EXP 	Sound sound_1 stopped
513.7690 	EXP 	text: autoDraw = True
513.7690 	EXP 	textbox: autoDraw = True
514.1701 	DATA 	Keypress: 1
514.1708 	EXP 	Device response: <KeyPress from None: t=514.1696925999131, value=1, duration=None>
514.2868 	DATA 	Keypress: 0
514.2875 	EXP 	Device response: <KeyPress from None: t=514.1696925999131, value=1, duration=0.11227719997987151>
514.2875 	EXP 	Device response: <KeyPress from None: t=514.281969799893, value=0, duration=None>
514.3538 	EXP 	Device response: <KeyPress from None: t=514.281969799893, value=0, duration=0.0711687000002712>
514.4201 	DATA 	Keypress: 0
514.4208 	EXP 	Device response: <KeyPress from None: t=514.4104835998733, value=0, duration=None>
514.5034 	EXP 	Device response: <KeyPress from None: t=514.4104835998733, value=0, duration=0.09139010007493198>
515.2523 	DATA 	Mouse: Left button down, pos=(617,158)
515.2528 	EXP 	New trial (rep=2, index=17): <Trial 113 (17 in rep 2) data={'delay': 0.7, 'freq': 1000, 'condition': 'exp', 'thisN': 113, 'thisTrialN': 17, 'thisRepN': 2}>
515.2684 	EXP 	text: autoDraw = False
515.2684 	EXP 	textbox: autoDraw = False
515.2684 	EXP 	polygon: autoDraw = True
515.4885 	DATA 	Mouse:  Left button up, pos=(617,158)
516.2522 	INFO 	Keyboard events cleared
516.2521 	EXP 	polygon_2: autoDraw = True
516.2690 	EXP 	polygon: autoDraw = False
516.7012 	EXP 	Device response: <KeyPress from None: t=516.6888806999195, value=space, duration=None>
516.7024 	DATA 	Keypress: space
516.7173 	EXP 	polygon: autoDraw = False
516.7173 	EXP 	polygon_2: autoDraw = False
516.8021 	EXP 	Device response: <KeyPress from None: t=516.6888806999195, value=space, duration=0.11128220008686185>
517.3849 	EXP 	Sound sound_1 reached end of file
517.4013 	EXP 	Playing sound sound_1 on speaker Speakers (Realtek(R) Audio)
517.7003 	EXP 	Sound sound_1 stopped
517.7160 	EXP 	text: autoDraw = True
517.7160 	EXP 	textbox: autoDraw = True
518.0833 	DATA 	Keypress: 4
518.0839 	EXP 	Device response: <KeyPress from None: t=518.0816250999924, value=4, duration=None>
518.2006 	EXP 	Device response: <KeyPress from None: t=518.0816250999924, value=4, duration=0.11814489983953536>
518.3187 	DATA 	Keypress: 0
518.3331 	EXP 	Device response: <KeyPress from None: t=518.3176252997946, value=0, duration=None>
518.4664 	EXP 	Device response: <KeyPress from None: t=518.3176252997946, value=0, duration=0.1343088001012802>
518.5192 	DATA 	Keypress: 0
518.5327 	EXP 	Device response: <KeyPress from None: t=518.5185196998063, value=0, duration=None>
518.6171 	EXP 	Device response: <KeyPress from None: t=518.5185196998063, value=0, duration=0.09485700004734099>
519.6155 	DATA 	Mouse: Left button down, pos=(617,158)
519.6159 	EXP 	New trial (rep=2, index=18): <Trial 114 (18 in rep 2) data={'delay': 0.1, 'freq': 400, 'condition': 'unexp', 'thisN': 114, 'thisTrialN': 18, 'thisRepN': 2}>
519.6317 	EXP 	text: autoDraw = False
519.6317 	EXP 	textbox: autoDraw = False
519.6317 	EXP 	polygon: autoDraw = True
519.8512 	DATA 	Mouse:  Left button up, pos=(617,158)
520.6318 	INFO 	Keyboard events cleared
520.6317 	EXP 	polygon: autoDraw = False
520.6317 	EXP 	polygon_2: autoDraw = True
521.0147 	EXP 	Device response: <KeyPress from None: t=521.0021706998814, value=space, duration=None>
521.0163 	DATA 	Keypress: space
521.0308 	EXP 	polygon: autoDraw = False
521.0308 	EXP 	polygon_2: autoDraw = False
521.0976 	EXP 	Sound sound_1 reached end of file
521.1141 	EXP 	Playing sound sound_1 on speaker Speakers (Realtek(R) Audio)
521.1483 	EXP 	Device response: <KeyPress from None: t=521.0021706998814, value=space, duration=0.14086450007744133>
521.4082 	EXP 	Sound sound_1 stopped
521.4296 	EXP 	text: autoDraw = True
521.4296 	EXP 	textbox: autoDraw = True
522.1968 	DATA 	Keypress: 1
522.1974 	EXP 	Device response: <KeyPress from None: t=522.1918422000017, value=1, duration=None>
522.2977 	EXP 	Device response: <KeyPress from None: t=522.1918422000017, value=1, duration=0.10434489999897778>
522.4296 	DATA 	Keypress: 0
522.4302 	EXP 	Device response: <KeyPress from None: t=522.417988799978, value=0, duration=None>
522.5468 	EXP 	Device response: <KeyPress from None: t=522.417988799978, value=0, duration=0.12067059986293316>
522.5962 	DATA 	Keypress: 0
522.5968 	EXP 	Device response: <KeyPress from None: t=522.5947149998974, value=0, duration=None>
522.6803 	EXP 	Device response: <KeyPress from None: t=522.5947149998974, value=0, duration=0.08186820009723306>
523.7455 	DATA 	Mouse: Left button down, pos=(617,158)
523.7460 	EXP 	New trial (rep=2, index=19): <Trial 115 (19 in rep 2) data={'delay': 0.1, 'freq': 400, 'condition': 'unexp', 'thisN': 115, 'thisTrialN': 19, 'thisRepN': 2}>
523.7616 	EXP 	text: autoDraw = False
523.7616 	EXP 	textbox: autoDraw = False
523.7616 	EXP 	polygon: autoDraw = True
523.9804 	DATA 	Mouse:  Left button up, pos=(617,158)
524.7448 	INFO 	Keyboard events cleared
524.7444 	EXP 	polygon_2: autoDraw = True
524.7613 	EXP 	polygon: autoDraw = False
525.3794 	DATA 	Keypress: space
525.3945 	EXP 	Device response: <KeyPress from None: t=525.3789982998278, value=space, duration=None>
525.4103 	EXP 	polygon: autoDraw = False
525.4103 	EXP 	polygon_2: autoDraw = False
525.4786 	EXP 	Sound sound_1 reached end of file
525.4949 	EXP 	Playing sound sound_1 on speaker Speakers (Realtek(R) Audio)
525.4948 	EXP 	Device response: <KeyPress from None: t=525.3789982998278, value=space, duration=0.11217680014669895>
525.7881 	EXP 	Sound sound_1 stopped
525.8090 	EXP 	text: autoDraw = True
525.8090 	EXP 	textbox: autoDraw = True
527.1758 	DATA 	Keypress: 1
527.1767 	EXP 	Device response: <KeyPress from None: t=527.1699548999313, value=1, duration=None>
527.2934 	EXP 	Device response: <KeyPress from None: t=527.1699548999313, value=1, duration=0.12147199991159141>
527.3257 	DATA 	Keypress: 0
527.3264 	EXP 	Device response: <KeyPress from None: t=527.3216690998524, value=0, duration=None>
527.4265 	EXP 	Device response: <KeyPress from None: t=527.3216690998524, value=0, duration=0.09559709997847676>
528.4249 	DATA 	Mouse: Left button down, pos=(617,158)
528.4254 	EXP 	New trial (rep=2, index=20): <Trial 116 (20 in rep 2) data={'delay': 0.1, 'freq': 1000, 'condition': 'exp', 'thisN': 116, 'thisTrialN': 20, 'thisRepN': 2}>
528.4412 	EXP 	text: autoDraw = False
528.4412 	EXP 	textbox: autoDraw = False
528.4412 	EXP 	polygon: autoDraw = True
528.6441 	DATA 	Mouse:  Left button up, pos=(617,158)
529.4242 	INFO 	Keyboard events cleared
529.4241 	EXP 	polygon_2: autoDraw = True
529.4410 	EXP 	polygon: autoDraw = False
529.8575 	EXP 	Device response: <KeyPress from None: t=529.8472157998476, value=space, duration=None>
529.8590 	DATA 	Keypress: space
529.8731 	EXP 	polygon: autoDraw = False
529.8731 	EXP 	polygon_2: autoDraw = False
529.9410 	EXP 	Sound sound_1 reached end of file
529.9574 	EXP 	Playing sound sound_1 on speaker Speakers (Realtek(R) Audio)
530.0406 	EXP 	Device response: <KeyPress from None: t=529.8472157998476, value=space, duration=0.19210420013405383>
530.2600 	EXP 	Sound sound_1 stopped
530.2729 	EXP 	text: autoDraw = True
530.2729 	EXP 	textbox: autoDraw = True
531.0224 	DATA 	Keypress: 1
531.0235 	EXP 	Device response: <KeyPress from None: t=531.0152514998335, value=1, duration=None>
531.1229 	EXP 	Device response: <KeyPress from None: t=531.0152514998335, value=1, duration=0.09942630003206432>
531.2249 	DATA 	Keypress: 2
531.2390 	EXP 	Device response: <KeyPress from None: t=531.2242578999139, value=2, duration=None>
531.3395 	DATA 	Keypress: 0
531.3402 	EXP 	Device response: <KeyPress from None: t=531.2242578999139, value=2, duration=0.10204349993728101>
531.3403 	EXP 	Device response: <KeyPress from None: t=531.3292156998068, value=0, duration=None>
531.4558 	EXP 	Device response: <KeyPress from None: t=531.3292156998068, value=0, duration=0.11486080009490252>
532.2384 	DATA 	Mouse: Left button down, pos=(617,158)
532.2390 	EXP 	New trial (rep=2, index=21): <Trial 117 (21 in rep 2) data={'delay': 0.1, 'freq': 400, 'condition': 'unexp', 'thisN': 117, 'thisTrialN': 21, 'thisRepN': 2}>
532.2547 	EXP 	text: autoDraw = False
532.2547 	EXP 	textbox: autoDraw = False
532.2547 	EXP 	polygon: autoDraw = True
532.4740 	DATA 	Mouse:  Left button up, pos=(617,158)
533.2550 	INFO 	Keyboard events cleared
533.2549 	EXP 	polygon: autoDraw = False
533.2549 	EXP 	polygon_2: autoDraw = True
533.5549 	EXP 	Device response: <KeyPress from None: t=533.5449624999892, value=space, duration=None>
533.5565 	DATA 	Keypress: space
533.5700 	EXP 	polygon: autoDraw = False
533.5700 	EXP 	polygon_2: autoDraw = False
533.6546 	EXP 	Sound sound_1 reached end of file
533.6710 	EXP 	Playing sound sound_1 on speaker Speakers (Realtek(R) Audio)
533.6705 	EXP 	Device response: <KeyPress from None: t=533.5449624999892, value=space, duration=0.11298969993367791>
533.9724 	EXP 	Sound sound_1 stopped
533.9856 	EXP 	text: autoDraw = True
533.9856 	EXP 	textbox: autoDraw = True
534.2393 	DATA 	Keypress: 1
534.2532 	EXP 	Device response: <KeyPress from None: t=534.2388632998336, value=1, duration=None>
534.3201 	DATA 	Keypress: 0
534.3208 	EXP 	Device response: <KeyPress from None: t=534.3085157999303, value=0, duration=None>
534.3533 	EXP 	Device response: <KeyPress from None: t=534.2388632998336, value=1, duration=0.09862200007773936>
534.3871 	EXP 	Device response: <KeyPress from None: t=534.3085157999303, value=0, duration=0.07508570002391934>
534.4534 	DATA 	Keypress: 0
534.4541 	EXP 	Device response: <KeyPress from None: t=534.4501962999348, value=0, duration=None>
534.5377 	EXP 	Device response: <KeyPress from None: t=534.4501962999348, value=0, duration=0.08550000004470348>
535.6691 	DATA 	Mouse: Left button down, pos=(617,158)
535.6696 	EXP 	New trial (rep=2, index=22): <Trial 118 (22 in rep 2) data={'delay': 0.4, 'freq': 400, 'condition': 'unexp', 'thisN': 118, 'thisTrialN': 22, 'thisRepN': 2}>
535.6864 	EXP 	text: autoDraw = False
535.6864 	EXP 	textbox: autoDraw = False
535.6864 	EXP 	polygon: autoDraw = True
535.8868 	DATA 	Mouse:  Left button up, pos=(617,158)
536.6849 	INFO 	Keyboard events cleared
536.6848 	EXP 	polygon_2: autoDraw = True
536.7009 	EXP 	polygon: autoDraw = False
537.1352 	EXP 	Device response: <KeyPress from None: t=537.1347365998663, value=space, duration=None>
537.1368 	DATA 	Keypress: space
537.1505 	EXP 	polygon: autoDraw = False
537.1505 	EXP 	polygon_2: autoDraw = False
537.2849 	EXP 	Device response: <KeyPress from None: t=537.1347365998663, value=space, duration=0.14120459998957813>
537.5334 	EXP 	Sound sound_1 reached end of file
537.5499 	EXP 	Playing sound sound_1 on speaker Speakers (Realtek(R) Audio)
537.8493 	EXP 	Sound sound_1 stopped
537.8663 	EXP 	text: autoDraw = True
537.8663 	EXP 	textbox: autoDraw = True
538.3501 	DATA 	Keypress: 1
538.3507 	EXP 	Device response: <KeyPress from None: t=538.3418915998191, value=1, duration=None>
538.4669 	EXP 	Device response: <KeyPress from None: t=538.3418915998191, value=1, duration=0.11791609995998442>
538.8830 	DATA 	Keypress: 5
538.8838 	EXP 	Device response: <KeyPress from None: t=538.8768727998249, value=5, duration=None>
539.0160 	EXP 	Device response: <KeyPress from None: t=538.8768727998249, value=5, duration=0.12477270001545548>
539.0354 	DATA 	Keypress: 0
539.0497 	EXP 	Device response: <KeyPress from None: t=539.0344844998326, value=0, duration=None>
539.1505 	EXP 	Device response: <KeyPress from None: t=539.0344844998326, value=0, duration=0.11459030001424253>
540.0835 	DATA 	Mouse: Left button down, pos=(617,158)
540.0991 	EXP 	New trial (rep=2, index=23): <Trial 119 (23 in rep 2) data={'delay': 0.4, 'freq': 1000, 'condition': 'exp', 'thisN': 119, 'thisTrialN': 23, 'thisRepN': 2}>
540.1147 	EXP 	text: autoDraw = False
540.1147 	EXP 	textbox: autoDraw = False
540.1147 	EXP 	polygon: autoDraw = True
540.3159 	DATA 	Mouse:  Left button up, pos=(617,158)
541.0986 	INFO 	Keyboard events cleared
541.0984 	EXP 	polygon_2: autoDraw = True
541.1142 	EXP 	polygon: autoDraw = False
541.4311 	EXP 	Device response: <KeyPress from None: t=541.4199235998094, value=space, duration=None>
541.4324 	DATA 	Keypress: space
541.4477 	EXP 	polygon: autoDraw = False
541.4477 	EXP 	polygon_2: autoDraw = False
541.5642 	EXP 	Device response: <KeyPress from None: t=541.4199235998094, value=space, duration=0.13202210003510118>
541.8145 	EXP 	Sound sound_1 reached end of file
541.8309 	EXP 	Playing sound sound_1 on speaker Speakers (Realtek(R) Audio)
542.1320 	EXP 	Sound sound_1 stopped
542.1457 	EXP 	text: autoDraw = True
542.1457 	EXP 	textbox: autoDraw = True
543.1125 	DATA 	Keypress: 1
543.1131 	EXP 	Device response: <KeyPress from None: t=543.1088885997888, value=1, duration=None>
543.2133 	EXP 	Device response: <KeyPress from None: t=543.1088885997888, value=1, duration=0.10085690021514893>
543.5957 	DATA 	Keypress: 5
543.5967 	EXP 	Device response: <KeyPress from None: t=543.583990199957, value=5, duration=None>
543.7289 	DATA 	Keypress: 0
543.7296 	EXP 	Device response: <KeyPress from None: t=543.583990199957, value=5, duration=0.1304790999274701>
543.7296 	EXP 	Device response: <KeyPress from None: t=543.7249229999725, value=0, duration=None>
543.8787 	EXP 	Device response: <KeyPress from None: t=543.7249229999725, value=0, duration=0.13794699986465275>
545.2108 	DATA 	Mouse: Left button down, pos=(617,158)
545.2113 	EXP 	New trial (rep=2, index=24): <Trial 120 (24 in rep 2) data={'delay': 0.1, 'freq': 1000, 'condition': 'exp', 'thisN': 120, 'thisTrialN': 24, 'thisRepN': 2}>
545.2274 	EXP 	text: autoDraw = False
545.2274 	EXP 	textbox: autoDraw = False
545.2274 	EXP 	polygon: autoDraw = True
545.4302 	DATA 	Mouse:  Left button up, pos=(617,158)
546.2107 	INFO 	Keyboard events cleared
546.2106 	EXP 	polygon_2: autoDraw = True
546.2273 	EXP 	polygon: autoDraw = False
546.6936 	EXP 	Device response: <KeyPress from None: t=546.6812301999889, value=space, duration=None>
546.6954 	DATA 	Keypress: space
546.7089 	EXP 	polygon: autoDraw = False
546.7089 	EXP 	polygon_2: autoDraw = False
546.7770 	EXP 	Sound sound_1 reached end of file
546.7934 	EXP 	Playing sound sound_1 on speaker Speakers (Realtek(R) Audio)
546.8438 	EXP 	Device response: <KeyPress from None: t=546.6812301999889, value=space, duration=0.1600339999422431>
547.0894 	EXP 	Sound sound_1 stopped
547.1088 	EXP 	text: autoDraw = True
547.1088 	EXP 	textbox: autoDraw = True
547.5282 	DATA 	Keypress: 1
547.5424 	EXP 	Device response: <KeyPress from None: t=547.5271103999112, value=1, duration=None>
547.6424 	EXP 	Device response: <KeyPress from None: t=547.5271103999112, value=1, duration=0.11164569994434714>
547.7925 	DATA 	Keypress: 0
547.7935 	EXP 	Device response: <KeyPress from None: t=547.7845295998268, value=0, duration=None>
547.8924 	EXP 	Device response: <KeyPress from None: t=547.7845295998268, value=0, duration=0.09520250000059605>
548.1753 	DATA 	Keypress: 0
548.1760 	EXP 	Device response: <KeyPress from None: t=548.1731265999842, value=0, duration=None>
548.2755 	EXP 	Device response: <KeyPress from None: t=548.1731265999842, value=0, duration=0.08847839990630746>
549.0764 	DATA 	Mouse: Left button down, pos=(617,158)
549.0914 	EXP 	New trial (rep=2, index=25): <Trial 121 (25 in rep 2) data={'delay': 0.7, 'freq': 400, 'condition': 'unexp', 'thisN': 121, 'thisTrialN': 25, 'thisRepN': 2}>
549.1080 	EXP 	text: autoDraw = False
549.1080 	EXP 	textbox: autoDraw = False
549.1080 	EXP 	polygon: autoDraw = True
549.3105 	DATA 	Mouse:  Left button up, pos=(617,158)
550.0909 	INFO 	Keyboard events cleared
550.0908 	EXP 	polygon_2: autoDraw = True
550.1076 	EXP 	polygon: autoDraw = False
550.4401 	EXP 	Device response: <KeyPress from None: t=550.4349012998864, value=space, duration=None>
550.4414 	DATA 	Keypress: space
550.4569 	EXP 	polygon: autoDraw = False
550.4569 	EXP 	polygon_2: autoDraw = False
550.5901 	EXP 	Device response: <KeyPress from None: t=550.4349012998864, value=space, duration=0.1534740999341011>
551.1237 	EXP 	Sound sound_1 reached end of file
551.1401 	EXP 	Playing sound sound_1 on speaker Speakers (Realtek(R) Audio)
551.4370 	EXP 	Sound sound_1 stopped
551.4548 	EXP 	text: autoDraw = True
551.4548 	EXP 	textbox: autoDraw = True
552.1220 	DATA 	Keypress: 1
552.1225 	EXP 	Device response: <KeyPress from None: t=552.116339799948, value=1, duration=None>
552.2222 	EXP 	Device response: <KeyPress from None: t=552.116339799948, value=1, duration=0.09872719994746149>
552.4911 	DATA 	Keypress: 5
552.5049 	EXP 	Device response: <KeyPress from None: t=552.4908304999117, value=5, duration=None>
552.6385 	EXP 	Device response: <KeyPress from None: t=552.4908304999117, value=5, duration=0.13099609990604222>
552.6550 	DATA 	Keypress: 0
552.6557 	EXP 	Device response: <KeyPress from None: t=552.6478223998565, value=0, duration=None>
552.7889 	EXP 	Device response: <KeyPress from None: t=552.6478223998565, value=0, duration=0.13739320007152855>
553.1545 	DATA 	Keypress: space
553.1551 	EXP 	Device response: <KeyPress from None: t=553.141393999802, value=space, duration=None>
553.2547 	EXP 	Device response: <KeyPress from None: t=553.141393999802, value=space, duration=0.10186990001238883>
554.3867 	DATA 	Mouse: Left button down, pos=(617,158)
554.3872 	EXP 	New trial (rep=2, index=26): <Trial 122 (26 in rep 2) data={'delay': 0.7, 'freq': 1000, 'condition': 'exp', 'thisN': 122, 'thisTrialN': 26, 'thisRepN': 2}>
554.4029 	EXP 	text: autoDraw = False
554.4029 	EXP 	textbox: autoDraw = False
554.4029 	EXP 	polygon: autoDraw = True
554.6061 	DATA 	Mouse:  Left button up, pos=(617,158)
555.3868 	INFO 	Keyboard events cleared
555.3866 	EXP 	polygon_2: autoDraw = True
555.4035 	EXP 	polygon: autoDraw = False
555.9868 	EXP 	Device response: <KeyPress from None: t=555.9802158998791, value=space, duration=None>
555.9886 	DATA 	Keypress: space
556.0018 	EXP 	polygon: autoDraw = False
556.0018 	EXP 	polygon_2: autoDraw = False
556.1525 	EXP 	Device response: <KeyPress from None: t=555.9802158998791, value=space, duration=0.15739069995470345>
556.6860 	EXP 	Sound sound_1 reached end of file
556.7021 	EXP 	Playing sound sound_1 on speaker Speakers (Realtek(R) Audio)
557.0011 	EXP 	Sound sound_1 stopped
557.0166 	EXP 	text: autoDraw = True
557.0166 	EXP 	textbox: autoDraw = True
558.4998 	DATA 	Keypress: 2
558.5004 	EXP 	Device response: <KeyPress from None: t=558.4940049999859, value=2, duration=None>
558.6169 	EXP 	Device response: <KeyPress from None: t=558.4940049999859, value=2, duration=0.1222521997988224>
558.7168 	DATA 	Keypress: minus
558.7210 	EXP 	Device response: <KeyPress from None: t=558.7130720999558, value=minus, duration=None>
558.7998 	EXP 	Device response: <KeyPress from None: t=558.7130720999558, value=minus, duration=0.0719441999681294>
558.8997 	DATA 	Keypress: 0
558.9006 	EXP 	Device response: <KeyPress from None: t=558.8958987998776, value=0, duration=None>
559.0009 	EXP 	Device response: <KeyPress from None: t=558.8958987998776, value=0, duration=0.09254859993234277>
559.2497 	DATA 	Keypress: backspace
559.2503 	EXP 	Device response: <KeyPress from None: t=559.2448590998538, value=backspace, duration=None>
559.3331 	EXP 	Device response: <KeyPress from None: t=559.2448590998538, value=backspace, duration=0.07482960005290806>
559.3688 	DATA 	Keypress: backspace
559.3826 	EXP 	Device response: <KeyPress from None: t=559.3680355998222, value=backspace, duration=None>
559.4835 	EXP 	Device response: <KeyPress from None: t=559.3680355998222, value=backspace, duration=0.10520330001600087>
559.6684 	DATA 	Keypress: 0
559.6823 	EXP 	Device response: <KeyPress from None: t=559.6678665999789, value=0, duration=None>
559.7494 	EXP 	Device response: <KeyPress from None: t=559.6678665999789, value=0, duration=0.07849179999902844>
559.8176 	DATA 	Keypress: 0
559.8322 	EXP 	Device response: <KeyPress from None: t=559.8163359998725, value=0, duration=None>
559.9163 	EXP 	Device response: <KeyPress from None: t=559.8163359998725, value=0, duration=0.08880860009230673>
560.7647 	DATA 	Mouse: Left button down, pos=(617,158)
560.7652 	EXP 	New trial (rep=2, index=27): <Trial 123 (27 in rep 2) data={'delay': 0.4, 'freq': 400, 'condition': 'unexp', 'thisN': 123, 'thisTrialN': 27, 'thisRepN': 2}>
560.7811 	EXP 	text: autoDraw = False
560.7811 	EXP 	textbox: autoDraw = False
560.7811 	EXP 	polygon: autoDraw = True
560.9841 	DATA 	Mouse:  Left button up, pos=(617,158)
561.7649 	INFO 	Keyboard events cleared
561.7648 	EXP 	polygon_2: autoDraw = True
561.7813 	EXP 	polygon: autoDraw = False
562.1807 	EXP 	Device response: <KeyPress from None: t=562.1658191999886, value=space, duration=None>
562.1819 	DATA 	Keypress: space
562.1965 	EXP 	polygon: autoDraw = False
562.1965 	EXP 	polygon_2: autoDraw = False
562.3810 	EXP 	Device response: <KeyPress from None: t=562.1658191999886, value=space, duration=0.20652629993855953>
562.5638 	EXP 	Sound sound_1 reached end of file
562.5802 	EXP 	Playing sound sound_1 on speaker Speakers (Realtek(R) Audio)
562.8820 	EXP 	Sound sound_1 stopped
562.8951 	EXP 	text: autoDraw = True
562.8951 	EXP 	textbox: autoDraw = True
563.4125 	DATA 	Keypress: 1
563.4131 	EXP 	Device response: <KeyPress from None: t=563.4036512998864, value=1, duration=None>
563.5128 	DATA 	Keypress: 0
563.5140 	EXP 	Device response: <KeyPress from None: t=563.5096417998429, value=0, duration=None>
563.5140 	EXP 	Device response: <KeyPress from None: t=563.4036512998864, value=1, duration=0.10599049995653331>
563.6125 	EXP 	Device response: <KeyPress from None: t=563.5096417998429, value=0, duration=0.08755060005933046>
563.6824 	DATA 	Keypress: 0
563.6957 	EXP 	Device response: <KeyPress from None: t=563.6817577998154, value=0, duration=None>
563.7953 	EXP 	Device response: <KeyPress from None: t=563.6817577998154, value=0, duration=0.1001373000908643>
565.0113 	DATA 	Mouse: Left button down, pos=(617,158)
565.0118 	EXP 	New trial (rep=2, index=28): <Trial 124 (28 in rep 2) data={'delay': 0.7, 'freq': 1000, 'condition': 'exp', 'thisN': 124, 'thisTrialN': 28, 'thisRepN': 2}>
565.0281 	EXP 	text: autoDraw = False
565.0281 	EXP 	textbox: autoDraw = False
565.0281 	EXP 	polygon: autoDraw = True
565.2470 	DATA 	Mouse:  Left button up, pos=(617,158)
566.0115 	INFO 	Keyboard events cleared
566.0113 	EXP 	polygon_2: autoDraw = True
566.0275 	EXP 	polygon: autoDraw = False
566.2270 	EXP 	Device response: <KeyPress from None: t=566.22649299982, value=space, duration=None>
566.2281 	DATA 	Keypress: space
566.2436 	EXP 	polygon: autoDraw = False
566.2436 	EXP 	polygon_2: autoDraw = False
566.3786 	EXP 	Device response: <KeyPress from None: t=566.22649299982, value=space, duration=0.13794300006702542>
566.9111 	EXP 	Sound sound_1 reached end of file
566.9274 	EXP 	Playing sound sound_1 on speaker Speakers (Realtek(R) Audio)
567.2290 	EXP 	Sound sound_1 stopped
567.2418 	EXP 	text: autoDraw = True
567.2418 	EXP 	textbox: autoDraw = True
567.4593 	DATA 	Keypress: 9
567.4599 	EXP 	Device response: <KeyPress from None: t=567.4548638998531, value=9, duration=None>
567.5768 	EXP 	Device response: <KeyPress from None: t=567.4548638998531, value=9, duration=0.11451150011271238>
567.6761 	DATA 	Keypress: 0
567.6770 	EXP 	Device response: <KeyPress from None: t=567.6728191999719, value=0, duration=None>
567.7762 	EXP 	Device response: <KeyPress from None: t=567.6728191999719, value=0, duration=0.09171289997175336>
567.8257 	DATA 	Keypress: 0
567.8264 	EXP 	Device response: <KeyPress from None: t=567.8189719999209, value=0, duration=None>
567.9095 	EXP 	Device response: <KeyPress from None: t=567.8189719999209, value=0, duration=0.0822151000611484>
568.8083 	DATA 	Mouse: Left button down, pos=(617,158)
568.8090 	EXP 	New trial (rep=2, index=29): <Trial 125 (29 in rep 2) data={'delay': 0.4, 'freq': 1000, 'condition': 'exp', 'thisN': 125, 'thisTrialN': 29, 'thisRepN': 2}>
568.8241 	EXP 	text: autoDraw = False
568.8241 	EXP 	textbox: autoDraw = False
568.8241 	EXP 	polygon: autoDraw = True
569.0248 	DATA 	Mouse:  Left button up, pos=(617,158)
569.8079 	INFO 	Keyboard events cleared
569.8078 	EXP 	polygon_2: autoDraw = True
569.8242 	EXP 	polygon: autoDraw = False
570.1083 	EXP 	Device response: <KeyPress from None: t=570.1043964999262, value=space, duration=None>
570.1096 	DATA 	Keypress: space
570.1234 	EXP 	polygon: autoDraw = False
570.1234 	EXP 	polygon_2: autoDraw = False
570.3235 	EXP 	Device response: <KeyPress from None: t=570.1043964999262, value=space, duration=0.20662979991175234>
570.5078 	EXP 	Sound sound_1 reached end of file
570.5242 	EXP 	Playing sound sound_1 on speaker Speakers (Realtek(R) Audio)
570.8223 	EXP 	Sound sound_1 stopped
570.8391 	EXP 	text: autoDraw = True
570.8391 	EXP 	textbox: autoDraw = True
571.2396 	DATA 	Keypress: 1
571.2402 	EXP 	Device response: <KeyPress from None: t=571.2380796999205, value=1, duration=None>
571.3728 	DATA 	Keypress: 0
571.3735 	EXP 	Device response: <KeyPress from None: t=571.2380796999205, value=1, duration=0.11846540006808937>
571.3735 	EXP 	Device response: <KeyPress from None: t=571.3600918999873, value=0, duration=None>
571.4560 	EXP 	Device response: <KeyPress from None: t=571.3600918999873, value=0, duration=0.08207349991425872>
571.5075 	DATA 	Keypress: 0
571.5227 	EXP 	Device response: <KeyPress from None: t=571.5071440997999, value=0, duration=None>
571.5897 	EXP 	Device response: <KeyPress from None: t=571.5071440997999, value=0, duration=0.06913070008158684>
572.5885 	DATA 	Mouse: Left button down, pos=(617,158)
572.5890 	EXP 	New trial (rep=2, index=30): <Trial 126 (30 in rep 2) data={'delay': 0.4, 'freq': 400, 'condition': 'unexp', 'thisN': 126, 'thisTrialN': 30, 'thisRepN': 2}>
572.6047 	EXP 	text: autoDraw = False
572.6047 	EXP 	textbox: autoDraw = False
572.6047 	EXP 	polygon: autoDraw = True
572.8077 	DATA 	Mouse:  Left button up, pos=(617,158)
573.6048 	INFO 	Keyboard events cleared
573.6046 	EXP 	polygon: autoDraw = False
573.6046 	EXP 	polygon_2: autoDraw = True
573.8379 	EXP 	Device response: <KeyPress from None: t=573.827339899959, value=space, duration=None>
573.8394 	DATA 	Keypress: space
573.8543 	EXP 	polygon: autoDraw = False
573.8543 	EXP 	polygon_2: autoDraw = False
573.9715 	EXP 	Device response: <KeyPress from None: t=573.827339899959, value=space, duration=0.13380449987016618>
574.2210 	EXP 	Sound sound_1 reached end of file
574.2374 	EXP 	Playing sound sound_1 on speaker Speakers (Realtek(R) Audio)
574.5372 	EXP 	Sound sound_1 stopped
574.5522 	EXP 	text: autoDraw = True
574.5522 	EXP 	textbox: autoDraw = True
575.6050 	DATA 	Keypress: 5
575.6194 	EXP 	Device response: <KeyPress from None: t=575.602746799821, value=5, duration=None>
575.7198 	EXP 	Device response: <KeyPress from None: t=575.602746799821, value=5, duration=0.10833760001696646>
575.7525 	DATA 	Keypress: 0
575.7531 	EXP 	Device response: <KeyPress from None: t=575.7503969999962, value=0, duration=None>
576.0193 	EXP 	Device response: <KeyPress from None: t=575.7503969999962, value=0, duration=0.25547699979506433>
576.3689 	DATA 	Keypress: 0
576.3695 	EXP 	Device response: <KeyPress from None: t=576.3669325998053, value=0, duration=None>
576.4689 	EXP 	Device response: <KeyPress from None: t=576.3669325998053, value=0, duration=0.09030350018292665>
577.4010 	DATA 	Mouse: Left button down, pos=(617,158)
577.4014 	EXP 	New trial (rep=2, index=31): <Trial 127 (31 in rep 2) data={'delay': 0.1, 'freq': 1000, 'condition': 'exp', 'thisN': 127, 'thisTrialN': 31, 'thisRepN': 2}>
577.4174 	EXP 	text: autoDraw = False
577.4174 	EXP 	textbox: autoDraw = False
577.4174 	EXP 	polygon: autoDraw = True
577.6378 	DATA 	Mouse:  Left button up, pos=(617,158)
578.4168 	INFO 	Keyboard events cleared
578.4167 	EXP 	polygon: autoDraw = False
578.4167 	EXP 	polygon_2: autoDraw = True
578.7003 	EXP 	Device response: <KeyPress from None: t=578.6948561999016, value=space, duration=None>
578.7014 	DATA 	Keypress: space
578.7170 	EXP 	polygon: autoDraw = False
578.7170 	EXP 	polygon_2: autoDraw = False
578.7839 	EXP 	Sound sound_1 reached end of file
578.8003 	EXP 	Playing sound sound_1 on speaker Speakers (Realtek(R) Audio)
578.8667 	EXP 	Device response: <KeyPress from None: t=578.6948561999016, value=space, duration=0.16076970007270575>
579.1000 	EXP 	Sound sound_1 stopped
579.1154 	EXP 	text: autoDraw = True
579.1154 	EXP 	textbox: autoDraw = True
579.9660 	DATA 	Keypress: 5
579.9669 	EXP 	Device response: <KeyPress from None: t=579.95711879991, value=5, duration=None>
580.0495 	EXP 	Device response: <KeyPress from None: t=579.95711879991, value=5, duration=0.08751349989324808>
580.1823 	DATA 	Keypress: 0
580.1829 	EXP 	Device response: <KeyPress from None: t=580.1791317998432, value=0, duration=None>
580.2821 	EXP 	Device response: <KeyPress from None: t=580.1791317998432, value=0, duration=0.08683690009638667>
580.3317 	DATA 	Keypress: 0
580.3324 	EXP 	Device response: <KeyPress from None: t=580.32839709986, value=0, duration=None>
580.4323 	EXP 	Device response: <KeyPress from None: t=580.32839709986, value=0, duration=0.09875499992631376>
581.2815 	DATA 	Mouse: Left button down, pos=(617,158)
581.2820 	EXP 	New trial (rep=2, index=32): <Trial 128 (32 in rep 2) data={'delay': 0.1, 'freq': 400, 'condition': 'unexp', 'thisN': 128, 'thisTrialN': 32, 'thisRepN': 2}>
581.2976 	EXP 	text: autoDraw = False
581.2976 	EXP 	textbox: autoDraw = False
581.2976 	EXP 	polygon: autoDraw = True
581.5007 	DATA 	Mouse:  Left button up, pos=(617,158)
582.2977 	INFO 	Keyboard events cleared
582.2976 	EXP 	polygon: autoDraw = False
582.2976 	EXP 	polygon_2: autoDraw = True
582.6813 	EXP 	Device response: <KeyPress from None: t=582.6809303998016, value=space, duration=None>
582.6827 	DATA 	Keypress: space
582.6966 	EXP 	polygon: autoDraw = False
582.6966 	EXP 	polygon_2: autoDraw = False
582.7811 	EXP 	Sound sound_1 reached end of file
582.7974 	EXP 	Playing sound sound_1 on speaker Speakers (Realtek(R) Audio)
582.8640 	EXP 	Device response: <KeyPress from None: t=582.6809303998016, value=space, duration=0.17113630007952452>
583.0958 	EXP 	Sound sound_1 stopped
583.1123 	EXP 	text: autoDraw = True
583.1123 	EXP 	textbox: autoDraw = True
583.6959 	DATA 	Keypress: 3
583.6965 	EXP 	Device response: <KeyPress from None: t=583.6884139999747, value=3, duration=None>
583.8288 	EXP 	Device response: <KeyPress from None: t=583.6884139999747, value=3, duration=0.12414269987493753>
583.8457 	DATA 	Keypress: 0
583.8465 	EXP 	Device response: <KeyPress from None: t=583.8340310999192, value=0, duration=None>
583.9460 	EXP 	Device response: <KeyPress from None: t=583.8340310999192, value=0, duration=0.10170400002971292>
584.0124 	DATA 	Keypress: 0
584.0130 	EXP 	Device response: <KeyPress from None: t=584.001748799812, value=0, duration=None>
584.0960 	EXP 	Device response: <KeyPress from None: t=584.001748799812, value=0, duration=0.08852610015310347>
584.9450 	DATA 	Mouse: Left button down, pos=(617,158)
584.9455 	EXP 	New trial (rep=2, index=33): <Trial 129 (33 in rep 2) data={'delay': 0.4, 'freq': 1000, 'condition': 'exp', 'thisN': 129, 'thisTrialN': 33, 'thisRepN': 2}>
584.9611 	EXP 	text: autoDraw = False
584.9611 	EXP 	textbox: autoDraw = False
584.9611 	EXP 	polygon: autoDraw = True
585.1641 	DATA 	Mouse:  Left button up, pos=(617,158)
585.9446 	INFO 	Keyboard events cleared
585.9445 	EXP 	polygon_2: autoDraw = True
585.9610 	EXP 	polygon: autoDraw = False
586.2450 	EXP 	Device response: <KeyPress from None: t=586.2427254999056, value=space, duration=None>
586.2471 	DATA 	Keypress: space
586.2604 	EXP 	polygon: autoDraw = False
586.2604 	EXP 	polygon_2: autoDraw = False
586.4612 	EXP 	Device response: <KeyPress from None: t=586.2427254999056, value=space, duration=0.2069908999837935>
586.6281 	EXP 	Sound sound_1 reached end of file
586.6444 	EXP 	Playing sound sound_1 on speaker Speakers (Realtek(R) Audio)
586.9423 	EXP 	Sound sound_1 stopped
586.9588 	EXP 	text: autoDraw = True
586.9588 	EXP 	textbox: autoDraw = True
587.2596 	DATA 	Keypress: 3
587.2601 	EXP 	Device response: <KeyPress from None: t=587.2591041999403, value=3, duration=None>
587.3765 	EXP 	Device response: <KeyPress from None: t=587.2591041999403, value=3, duration=0.10924899997189641>
587.4429 	DATA 	Keypress: 0
587.4435 	EXP 	Device response: <KeyPress from None: t=587.434794300003, value=0, duration=None>
587.4940 	EXP 	Device response: <KeyPress from None: t=587.434794300003, value=0, duration=0.05624239984899759>
587.5627 	DATA 	Keypress: 0
587.5765 	EXP 	Device response: <KeyPress from None: t=587.5624657999724, value=0, duration=None>
587.6603 	EXP 	Device response: <KeyPress from None: t=587.5624657999724, value=0, duration=0.09496409981511533>
588.6445 	DATA 	Mouse: Left button down, pos=(617,158)
588.6589 	EXP 	New trial (rep=2, index=34): <Trial 130 (34 in rep 2) data={'delay': 0.1, 'freq': 400, 'condition': 'unexp', 'thisN': 130, 'thisTrialN': 34, 'thisRepN': 2}>
588.6748 	EXP 	text: autoDraw = False
588.6748 	EXP 	textbox: autoDraw = False
588.6748 	EXP 	polygon: autoDraw = True
588.8782 	DATA 	Mouse:  Left button up, pos=(617,158)
589.6582 	INFO 	Keyboard events cleared
589.6581 	EXP 	polygon_2: autoDraw = True
589.6747 	EXP 	polygon: autoDraw = False
589.9909 	EXP 	Device response: <KeyPress from None: t=589.9862641999498, value=space, duration=None>
589.9920 	DATA 	Keypress: space
590.0071 	EXP 	polygon: autoDraw = False
590.0071 	EXP 	polygon_2: autoDraw = False
590.0751 	EXP 	Sound sound_1 reached end of file
590.0913 	EXP 	Playing sound sound_1 on speaker Speakers (Realtek(R) Audio)
590.1744 	EXP 	Device response: <KeyPress from None: t=589.9862641999498, value=space, duration=0.18573200004175305>
590.3900 	EXP 	Sound sound_1 stopped
590.4062 	EXP 	text: autoDraw = True
590.4062 	EXP 	textbox: autoDraw = True
591.0066 	DATA 	Keypress: 5
591.0072 	EXP 	Device response: <KeyPress from None: t=591.0007917999756, value=5, duration=None>
591.1071 	EXP 	Device response: <KeyPress from None: t=591.0007917999756, value=5, duration=0.10135010001249611>
591.1231 	DATA 	Keypress: 0
591.1237 	EXP 	Device response: <KeyPress from None: t=591.1147147999145, value=0, duration=None>
591.2237 	EXP 	Device response: <KeyPress from None: t=591.1147147999145, value=0, duration=0.1022324999794364>
591.2734 	DATA 	Keypress: 0
591.2742 	EXP 	Device response: <KeyPress from None: t=591.273246599827, value=0, duration=None>
591.3733 	EXP 	Device response: <KeyPress from None: t=591.273246599827, value=0, duration=0.0894251000136137>
592.4887 	DATA 	Mouse: Left button down, pos=(617,158)
592.4892 	EXP 	New trial (rep=2, index=35): <Trial 131 (35 in rep 2) data={'delay': 0.7, 'freq': 400, 'condition': 'unexp', 'thisN': 131, 'thisTrialN': 35, 'thisRepN': 2}>
592.5049 	EXP 	text: autoDraw = False
592.5049 	EXP 	textbox: autoDraw = False
592.5049 	EXP 	polygon: autoDraw = True
592.7079 	DATA 	Mouse:  Left button up, pos=(617,158)
593.4882 	INFO 	Keyboard events cleared
593.4881 	EXP 	polygon_2: autoDraw = True
593.5051 	EXP 	polygon: autoDraw = False
593.9549 	EXP 	Device response: <KeyPress from None: t=593.9533922998235, value=space, duration=None>
593.9565 	DATA 	Keypress: space
593.9703 	EXP 	polygon: autoDraw = False
593.9703 	EXP 	polygon_2: autoDraw = False
594.1381 	EXP 	Device response: <KeyPress from None: t=593.9533922998235, value=space, duration=0.1804518001154065>
594.6378 	EXP 	Sound sound_1 reached end of file
594.6541 	EXP 	Playing sound sound_1 on speaker Speakers (Realtek(R) Audio)
594.9479 	EXP 	Sound sound_1 stopped
594.9692 	EXP 	text: autoDraw = True
594.9692 	EXP 	textbox: autoDraw = True
595.3866 	DATA 	Keypress: 3
595.3886 	EXP 	Device response: <KeyPress from None: t=595.3806532998569, value=3, duration=None>
595.5028 	EXP 	Device response: <KeyPress from None: t=595.3806532998569, value=3, duration=0.11113620013929904>
595.6700 	DATA 	Keypress: 0
595.6705 	EXP 	Device response: <KeyPress from None: t=595.6694960999303, value=0, duration=None>
595.9700 	EXP 	Device response: <KeyPress from None: t=595.6694960999303, value=0, duration=0.29340159986168146>
596.4688 	DATA 	Keypress: 0
596.4694 	EXP 	Device response: <KeyPress from None: t=596.455350499833, value=0, duration=None>
596.5694 	EXP 	Device response: <KeyPress from None: t=596.455350499833, value=0, duration=0.11238770000636578>
597.8340 	DATA 	Mouse: Left button down, pos=(617,158)
597.8345 	EXP 	New trial (rep=2, index=36): <Trial 132 (36 in rep 2) data={'delay': 0.1, 'freq': 1000, 'condition': 'exp', 'thisN': 132, 'thisTrialN': 36, 'thisRepN': 2}>
597.8506 	EXP 	text: autoDraw = False
597.8506 	EXP 	textbox: autoDraw = False
597.8506 	EXP 	polygon: autoDraw = True
598.0542 	DATA 	Mouse:  Left button up, pos=(617,158)
598.8341 	INFO 	Keyboard events cleared
598.8340 	EXP 	polygon_2: autoDraw = True
598.8505 	EXP 	polygon: autoDraw = False
599.4661 	EXP 	Device response: <KeyPress from None: t=599.4511718999129, value=space, duration=None>
599.4675 	DATA 	Keypress: space
599.4820 	EXP 	polygon: autoDraw = False
599.4820 	EXP 	polygon_2: autoDraw = False
599.5490 	EXP 	Sound sound_1 reached end of file
599.5653 	EXP 	Playing sound sound_1 on speaker Speakers (Realtek(R) Audio)
599.5994 	EXP 	Device response: <KeyPress from None: t=599.4511718999129, value=space, duration=0.1410024999640882>
599.8608 	EXP 	Sound sound_1 stopped
599.8821 	EXP 	text: autoDraw = True
599.8821 	EXP 	textbox: autoDraw = True
600.4821 	DATA 	Keypress: 2
600.4827 	EXP 	Device response: <KeyPress from None: t=600.4706875998527, value=2, duration=None>
600.5658 	EXP 	Device response: <KeyPress from None: t=600.4706875998527, value=2, duration=0.09160610008984804>
600.7817 	DATA 	Keypress: 5
600.7824 	EXP 	Device response: <KeyPress from None: t=600.7737450997811, value=5, duration=None>
600.9323 	EXP 	Device response: <KeyPress from None: t=600.7737450997811, value=5, duration=0.14397030021063983>
600.9834 	DATA 	Keypress: 0
600.9984 	EXP 	Device response: <KeyPress from None: t=600.9828156000003, value=0, duration=None>
601.1148 	EXP 	Device response: <KeyPress from None: t=600.9828156000003, value=0, duration=0.11783889983780682>
602.1638 	DATA 	Mouse: Left button down, pos=(617,158)
602.1643 	EXP 	New trial (rep=2, index=37): <Trial 133 (37 in rep 2) data={'delay': 0.7, 'freq': 1000, 'condition': 'exp', 'thisN': 133, 'thisTrialN': 37, 'thisRepN': 2}>
602.1801 	EXP 	text: autoDraw = False
602.1801 	EXP 	textbox: autoDraw = False
602.1801 	EXP 	polygon: autoDraw = True
602.3837 	DATA 	Mouse:  Left button up, pos=(617,158)
603.1640 	INFO 	Keyboard events cleared
603.1638 	EXP 	polygon_2: autoDraw = True
603.1802 	EXP 	polygon: autoDraw = False
603.5803 	EXP 	Device response: <KeyPress from None: t=603.5698698000051, value=space, duration=None>
603.5822 	DATA 	Keypress: space
603.5958 	EXP 	polygon: autoDraw = False
603.5958 	EXP 	polygon_2: autoDraw = False
603.7306 	EXP 	Device response: <KeyPress from None: t=603.5698698000051, value=space, duration=0.14425209979526699>
604.2804 	EXP 	Sound sound_1 reached end of file
604.2967 	EXP 	Playing sound sound_1 on speaker Speakers (Realtek(R) Audio)
604.5966 	EXP 	Sound sound_1 stopped
604.6109 	EXP 	text: autoDraw = True
604.6109 	EXP 	textbox: autoDraw = True
605.4447 	DATA 	Keypress: 1
605.4453 	EXP 	Device response: <KeyPress from None: t=605.4404036998749, value=1, duration=None>
605.5452 	EXP 	Device response: <KeyPress from None: t=605.4404036998749, value=1, duration=0.10142390010878444>
605.6613 	DATA 	Keypress: 0
605.6620 	EXP 	Device response: <KeyPress from None: t=605.6506670999806, value=0, duration=None>
605.7949 	EXP 	Device response: <KeyPress from None: t=605.6506670999806, value=0, duration=0.13437270000576973>
605.9944 	DATA 	Keypress: 0
605.9952 	EXP 	Device response: <KeyPress from None: t=605.9924792998936, value=0, duration=None>
606.0942 	EXP 	Device response: <KeyPress from None: t=605.9924792998936, value=0, duration=0.08607789990492165>
607.0302 	DATA 	Mouse: Left button down, pos=(617,158)
607.0435 	EXP 	New trial (rep=2, index=38): <Trial 134 (38 in rep 2) data={'delay': 0.4, 'freq': 400, 'condition': 'unexp', 'thisN': 134, 'thisTrialN': 38, 'thisRepN': 2}>
607.0596 	EXP 	text: autoDraw = False
607.0596 	EXP 	textbox: autoDraw = False
607.0596 	EXP 	polygon: autoDraw = True
607.2613 	DATA 	Mouse:  Left button up, pos=(617,158)
608.0421 	INFO 	Keyboard events cleared
608.0420 	EXP 	polygon_2: autoDraw = True
608.0595 	EXP 	polygon: autoDraw = False
608.6097 	EXP 	Device response: <KeyPress from None: t=608.6072855999228, value=space, duration=None>
608.6112 	DATA 	Keypress: space
608.6253 	EXP 	polygon: autoDraw = False
608.6253 	EXP 	polygon_2: autoDraw = False
608.7424 	EXP 	Device response: <KeyPress from None: t=608.6072855999228, value=space, duration=0.13163660001009703>
608.9927 	EXP 	Sound sound_1 reached end of file
609.0091 	EXP 	Playing sound sound_1 on speaker Speakers (Realtek(R) Audio)
609.3092 	EXP 	Sound sound_1 stopped
609.3236 	EXP 	text: autoDraw = True
609.3236 	EXP 	textbox: autoDraw = True
609.8599 	DATA 	Keypress: 2
609.8744 	EXP 	Device response: <KeyPress from None: t=609.8589269998483, value=2, duration=None>
609.9747 	EXP 	Device response: <KeyPress from None: t=609.8589269998483, value=2, duration=0.10830010008066893>
610.1905 	DATA 	Keypress: 5
610.1911 	EXP 	Device response: <KeyPress from None: t=610.1869742998388, value=5, duration=None>
610.3077 	EXP 	Device response: <KeyPress from None: t=610.1869742998388, value=5, duration=0.11462360015138984>
610.3406 	DATA 	Keypress: 0
610.3412 	EXP 	Device response: <KeyPress from None: t=610.329597099917, value=0, duration=None>
610.4410 	EXP 	Device response: <KeyPress from None: t=610.329597099917, value=0, duration=0.09814910008572042>
611.2566 	DATA 	Mouse: Left button down, pos=(617,158)
611.2571 	EXP 	New trial (rep=2, index=39): <Trial 135 (39 in rep 2) data={'delay': 0.7, 'freq': 400, 'condition': 'unexp', 'thisN': 135, 'thisTrialN': 39, 'thisRepN': 2}>
611.2731 	EXP 	text: autoDraw = False
611.2731 	EXP 	textbox: autoDraw = False
611.2731 	EXP 	polygon: autoDraw = True
611.4754 	DATA 	Mouse:  Left button up, pos=(617,158)
612.2564 	INFO 	Keyboard events cleared
612.2562 	EXP 	polygon_2: autoDraw = True
612.2726 	EXP 	polygon: autoDraw = False
612.7229 	EXP 	Device response: <KeyPress from None: t=612.7105689998716, value=space, duration=None>
612.7246 	DATA 	Keypress: space
612.7387 	EXP 	polygon: autoDraw = False
612.7387 	EXP 	polygon_2: autoDraw = False
612.8564 	EXP 	Device response: <KeyPress from None: t=612.7105689998716, value=space, duration=0.13831389998085797>
613.4220 	EXP 	Sound sound_1 reached end of file
613.4384 	EXP 	Playing sound sound_1 on speaker Speakers (Realtek(R) Audio)
613.7411 	EXP 	Sound sound_1 stopped
613.7533 	EXP 	text: autoDraw = True
613.7533 	EXP 	textbox: autoDraw = True
614.4375 	DATA 	Keypress: 5
614.4380 	EXP 	Device response: <KeyPress from None: t=614.4342701998539, value=5, duration=None>
614.5541 	EXP 	Device response: <KeyPress from None: t=614.4342701998539, value=5, duration=0.11411259998567402>
614.6038 	DATA 	Keypress: 0
614.6044 	EXP 	Device response: <KeyPress from None: t=614.5936431000009, value=0, duration=None>
614.7211 	EXP 	Device response: <KeyPress from None: t=614.5936431000009, value=0, duration=0.115082599921152>
614.7871 	DATA 	Keypress: 0
614.7877 	EXP 	Device response: <KeyPress from None: t=614.7767475999426, value=0, duration=None>
614.8707 	EXP 	Device response: <KeyPress from None: t=614.7767475999426, value=0, duration=0.09197609988041222>
615.6529 	DATA 	Mouse: Left button down, pos=(617,158)
615.6534 	EXP 	New trial (rep=2, index=40): <Trial 136 (40 in rep 2) data={'delay': 0.7, 'freq': 400, 'condition': 'unexp', 'thisN': 136, 'thisTrialN': 40, 'thisRepN': 2}>
615.6696 	EXP 	text: autoDraw = False
615.6696 	EXP 	textbox: autoDraw = False
615.6696 	EXP 	polygon: autoDraw = True
615.8878 	DATA 	Mouse:  Left button up, pos=(617,158)
616.6522 	INFO 	Keyboard events cleared
616.6520 	EXP 	polygon_2: autoDraw = True
616.6686 	EXP 	polygon: autoDraw = False
617.0028 	EXP 	Device response: <KeyPress from None: t=616.9964559997898, value=space, duration=None>
617.0045 	DATA 	Keypress: space
617.0184 	EXP 	polygon: autoDraw = False
617.0184 	EXP 	polygon_2: autoDraw = False
617.1529 	EXP 	Device response: <KeyPress from None: t=616.9964559997898, value=space, duration=0.1508485001977533>
617.7022 	EXP 	Sound sound_1 reached end of file
617.7185 	EXP 	Playing sound sound_1 on speaker Speakers (Realtek(R) Audio)
618.0188 	EXP 	Sound sound_1 stopped
618.0338 	EXP 	text: autoDraw = True
618.0338 	EXP 	textbox: autoDraw = True
618.5178 	DATA 	Keypress: 5
618.5183 	EXP 	Device response: <KeyPress from None: t=618.5172037999146, value=5, duration=None>
618.6027 	DATA 	Keypress: 0
618.6169 	EXP 	Device response: <KeyPress from None: t=618.602284199791, value=0, duration=None>
618.6342 	EXP 	Device response: <KeyPress from None: t=618.5172037999146, value=5, duration=0.10501500009559095>
618.7342 	EXP 	Device response: <KeyPress from None: t=618.602284199791, value=0, duration=0.1250835000537336>
618.7836 	DATA 	Keypress: 0
618.7842 	EXP 	Device response: <KeyPress from None: t=618.7757215998136, value=0, duration=None>
618.8840 	EXP 	Device response: <KeyPress from None: t=618.7757215998136, value=0, duration=0.09549270011484623>
619.8516 	DATA 	Mouse: Left button down, pos=(617,158)
619.8661 	EXP 	New trial (rep=2, index=41): <Trial 137 (41 in rep 2) data={'delay': 0.7, 'freq': 400, 'condition': 'unexp', 'thisN': 137, 'thisTrialN': 41, 'thisRepN': 2}>
619.8823 	EXP 	text: autoDraw = False
619.8823 	EXP 	textbox: autoDraw = False
619.8823 	EXP 	polygon: autoDraw = True
620.0854 	DATA 	Mouse:  Left button up, pos=(617,158)
620.8814 	INFO 	Keyboard events cleared
620.8813 	EXP 	polygon: autoDraw = False
620.8813 	EXP 	polygon_2: autoDraw = True
621.3163 	EXP 	Device response: <KeyPress from None: t=621.3122315998189, value=space, duration=None>
621.3180 	DATA 	Keypress: space
621.3318 	EXP 	polygon: autoDraw = False
621.3318 	EXP 	polygon_2: autoDraw = False
621.4991 	EXP 	Device response: <KeyPress from None: t=621.3122315998189, value=space, duration=0.17046650010161102>
622.0154 	EXP 	Sound sound_1 reached end of file
622.0318 	EXP 	Playing sound sound_1 on speaker Speakers (Realtek(R) Audio)
622.3286 	EXP 	Sound sound_1 stopped
622.3462 	EXP 	text: autoDraw = True
622.3462 	EXP 	textbox: autoDraw = True
623.2970 	DATA 	Keypress: 4
623.2981 	EXP 	Device response: <KeyPress from None: t=623.2948075998574, value=4, duration=None>
623.3971 	EXP 	Device response: <KeyPress from None: t=623.2948075998574, value=4, duration=0.09499030001461506>
623.5320 	DATA 	Keypress: 5
623.5465 	EXP 	Device response: <KeyPress from None: t=623.5304148998111, value=5, duration=None>
623.6467 	EXP 	Device response: <KeyPress from None: t=623.5304148998111, value=5, duration=0.09930250002071261>
623.6630 	DATA 	Keypress: 0
623.6637 	EXP 	Device response: <KeyPress from None: t=623.6527313999832, value=0, duration=None>
623.7805 	EXP 	Device response: <KeyPress from None: t=623.6527313999832, value=0, duration=0.12163449986837804>
624.8453 	DATA 	Mouse: Left button down, pos=(617,158)
624.8457 	EXP 	New trial (rep=2, index=42): <Trial 138 (42 in rep 2) data={'delay': 0.7, 'freq': 1000, 'condition': 'exp', 'thisN': 138, 'thisTrialN': 42, 'thisRepN': 2}>
624.8617 	EXP 	text: autoDraw = False
624.8617 	EXP 	textbox: autoDraw = False
624.8617 	EXP 	polygon: autoDraw = True
625.0646 	DATA 	Mouse:  Left button up, pos=(617,158)
625.8454 	INFO 	Keyboard events cleared
625.8453 	EXP 	polygon_2: autoDraw = True
625.8618 	EXP 	polygon: autoDraw = False
626.1620 	EXP 	Device response: <KeyPress from None: t=626.1554901998024, value=space, duration=None>
626.1636 	DATA 	Keypress: space
626.1777 	EXP 	polygon: autoDraw = False
626.1777 	EXP 	polygon_2: autoDraw = False
626.3451 	EXP 	Device response: <KeyPress from None: t=626.1554901998024, value=space, duration=0.18085860018618405>
626.8613 	EXP 	Sound sound_1 reached end of file
626.8777 	EXP 	Playing sound sound_1 on speaker Speakers (Realtek(R) Audio)
627.1797 	EXP 	Sound sound_1 stopped
627.1923 	EXP 	text: autoDraw = True
627.1923 	EXP 	textbox: autoDraw = True
628.2806 	DATA 	Keypress: 3
628.2923 	EXP 	Device response: <KeyPress from None: t=628.2779852999374, value=3, duration=None>
628.4100 	EXP 	Device response: <KeyPress from None: t=628.2779852999374, value=3, duration=0.11805139994248748>
628.4120 	DATA 	Keypress: 0
628.4258 	EXP 	Device response: <KeyPress from None: t=628.4112946998794, value=0, duration=None>
628.5264 	EXP 	Device response: <KeyPress from None: t=628.4112946998794, value=0, duration=0.1114809000864625>
628.5754 	DATA 	Keypress: 0
628.5761 	EXP 	Device response: <KeyPress from None: t=628.5748655998614, value=0, duration=None>
628.6762 	EXP 	Device response: <KeyPress from None: t=628.5748655998614, value=0, duration=0.09534789994359016>
629.5441 	DATA 	Mouse: Left button down, pos=(617,158)
629.5583 	EXP 	New trial (rep=2, index=43): <Trial 139 (43 in rep 2) data={'delay': 0.7, 'freq': 1000, 'condition': 'exp', 'thisN': 139, 'thisTrialN': 43, 'thisRepN': 2}>
629.5743 	EXP 	text: autoDraw = False
629.5743 	EXP 	textbox: autoDraw = False
629.5743 	EXP 	polygon: autoDraw = True
629.7758 	DATA 	Mouse:  Left button up, pos=(617,158)
630.5737 	INFO 	Keyboard events cleared
630.5736 	EXP 	polygon: autoDraw = False
630.5736 	EXP 	polygon_2: autoDraw = True
631.1909 	EXP 	Device response: <KeyPress from None: t=631.1851197998039, value=space, duration=None>
631.1921 	DATA 	Keypress: space
631.2066 	EXP 	polygon: autoDraw = False
631.2066 	EXP 	polygon_2: autoDraw = False
631.3573 	EXP 	Device response: <KeyPress from None: t=631.1851197998039, value=space, duration=0.1548113999888301>
631.8739 	EXP 	Sound sound_1 reached end of file
631.8902 	EXP 	Playing sound sound_1 on speaker Speakers (Realtek(R) Audio)
632.1923 	EXP 	Sound sound_1 stopped
632.2046 	EXP 	text: autoDraw = True
632.2046 	EXP 	textbox: autoDraw = True
633.0719 	DATA 	Keypress: 1
633.0725 	EXP 	Device response: <KeyPress from None: t=633.0643392999191, value=1, duration=None>
633.1722 	EXP 	Device response: <KeyPress from None: t=633.0643392999191, value=1, duration=0.09466419997625053>
633.2718 	DATA 	Keypress: 2
633.2724 	EXP 	Device response: <KeyPress from None: t=633.261787999887, value=2, duration=None>
633.3884 	EXP 	Device response: <KeyPress from None: t=633.261787999887, value=2, duration=0.1111922999843955>
633.4215 	DATA 	Keypress: 0
633.4221 	EXP 	Device response: <KeyPress from None: t=633.4166998998262, value=0, duration=None>
633.5718 	EXP 	Device response: <KeyPress from None: t=633.4166998998262, value=0, duration=0.14689760003238916>
634.6539 	DATA 	Mouse: Left button down, pos=(617,158)
634.6544 	EXP 	New trial (rep=2, index=44): <Trial 140 (44 in rep 2) data={'delay': 0.4, 'freq': 1000, 'condition': 'exp', 'thisN': 140, 'thisTrialN': 44, 'thisRepN': 2}>
634.6702 	EXP 	text: autoDraw = False
634.6702 	EXP 	textbox: autoDraw = False
634.6702 	EXP 	polygon: autoDraw = True
634.8719 	DATA 	Mouse:  Left button up, pos=(617,158)
635.6710 	INFO 	Keyboard events cleared
635.6709 	EXP 	polygon: autoDraw = False
635.6709 	EXP 	polygon_2: autoDraw = True
635.9199 	EXP 	Device response: <KeyPress from None: t=635.9076833999716, value=space, duration=None>
635.9213 	DATA 	Keypress: space
635.9361 	EXP 	polygon: autoDraw = False
635.9361 	EXP 	polygon_2: autoDraw = False
636.0214 	EXP 	Device response: <KeyPress from None: t=635.9076833999716, value=space, duration=0.1115663000382483>
636.3033 	EXP 	Sound sound_1 reached end of file
636.3196 	EXP 	Playing sound sound_1 on speaker Speakers (Realtek(R) Audio)
636.6209 	EXP 	Sound sound_1 stopped
636.6346 	EXP 	text: autoDraw = True
636.6346 	EXP 	textbox: autoDraw = True
636.8521 	DATA 	Keypress: 1
636.8527 	EXP 	Device response: <KeyPress from None: t=636.8436783999205, value=1, duration=None>
636.9524 	EXP 	Device response: <KeyPress from None: t=636.8436783999205, value=1, duration=0.10788329993374646>
637.3517 	DATA 	Keypress: 3
637.3523 	EXP 	Device response: <KeyPress from None: t=637.3406533999369, value=3, duration=None>
637.4682 	EXP 	Device response: <KeyPress from None: t=637.3406533999369, value=3, duration=0.11271320004016161>
637.5349 	DATA 	Keypress: 0
637.5357 	EXP 	Device response: <KeyPress from None: t=637.5303577999584, value=0, duration=None>
637.6683 	EXP 	Device response: <KeyPress from None: t=637.5303577999584, value=0, duration=0.12198870000429451>
638.4341 	DATA 	Mouse: Left button down, pos=(617,158)
638.4345 	EXP 	New trial (rep=2, index=45): <Trial 141 (45 in rep 2) data={'delay': 0.4, 'freq': 400, 'condition': 'unexp', 'thisN': 141, 'thisTrialN': 45, 'thisRepN': 2}>
638.4504 	EXP 	text: autoDraw = False
638.4504 	EXP 	textbox: autoDraw = False
638.4504 	EXP 	polygon: autoDraw = True
638.6527 	DATA 	Mouse:  Left button up, pos=(617,158)
639.4509 	INFO 	Keyboard events cleared
639.4508 	EXP 	polygon: autoDraw = False
639.4508 	EXP 	polygon_2: autoDraw = True
639.7837 	EXP 	Device response: <KeyPress from None: t=639.769610799849, value=space, duration=None>
639.7854 	DATA 	Keypress: space
639.8004 	EXP 	polygon: autoDraw = False
639.8004 	EXP 	polygon_2: autoDraw = False
639.9331 	EXP 	Device response: <KeyPress from None: t=639.769610799849, value=space, duration=0.1603161001112312>
640.1668 	EXP 	Sound sound_1 reached end of file
640.1832 	EXP 	Playing sound sound_1 on speaker Speakers (Realtek(R) Audio)
640.4778 	EXP 	Sound sound_1 stopped
640.4981 	EXP 	text: autoDraw = True
640.4981 	EXP 	textbox: autoDraw = True
640.7656 	DATA 	Keypress: 1
640.7666 	EXP 	Device response: <KeyPress from None: t=640.7643679999746, value=1, duration=None>
640.8661 	EXP 	Device response: <KeyPress from None: t=640.7643679999746, value=1, duration=0.08891489985398948>
641.1153 	DATA 	Keypress: 5
641.1162 	EXP 	Device response: <KeyPress from None: t=641.1105162999593, value=5, duration=None>
641.2325 	EXP 	Device response: <KeyPress from None: t=641.1105162999593, value=5, duration=0.12136720004491508>
641.2652 	DATA 	Keypress: 0
641.2662 	EXP 	Device response: <KeyPress from None: t=641.2566076999065, value=0, duration=None>
641.3984 	EXP 	Device response: <KeyPress from None: t=641.2566076999065, value=0, duration=0.12666060007177293>
642.5143 	DATA 	Mouse: Left button down, pos=(617,158)
642.5147 	EXP 	New trial (rep=2, index=46): <Trial 142 (46 in rep 2) data={'delay': 0.4, 'freq': 1000, 'condition': 'exp', 'thisN': 142, 'thisTrialN': 46, 'thisRepN': 2}>
642.5303 	EXP 	text: autoDraw = False
642.5303 	EXP 	textbox: autoDraw = False
642.5303 	EXP 	polygon: autoDraw = True
642.7498 	DATA 	Mouse:  Left button up, pos=(617,158)
643.5142 	INFO 	Keyboard events cleared
643.5140 	EXP 	polygon_2: autoDraw = True
643.5303 	EXP 	polygon: autoDraw = False
643.8317 	EXP 	Device response: <KeyPress from None: t=643.8282706998289, value=space, duration=None>
643.8336 	DATA 	Keypress: space
643.8463 	EXP 	polygon: autoDraw = False
643.8463 	EXP 	polygon_2: autoDraw = False
643.9642 	EXP 	Device response: <KeyPress from None: t=643.8282706998289, value=space, duration=0.12874840013682842>
644.2309 	EXP 	Sound sound_1 reached end of file
644.2472 	EXP 	Playing sound sound_1 on speaker Speakers (Realtek(R) Audio)
644.5494 	EXP 	Sound sound_1 stopped
644.5610 	EXP 	text: autoDraw = True
644.5610 	EXP 	textbox: autoDraw = True
644.9121 	DATA 	Keypress: 1
644.9127 	EXP 	Device response: <KeyPress from None: t=644.9085752000101, value=1, duration=None>
645.0297 	EXP 	Device response: <KeyPress from None: t=644.9085752000101, value=1, duration=0.11106489994563162>
645.4619 	DATA 	Keypress: 3
645.4625 	EXP 	Device response: <KeyPress from None: t=645.4588516999502, value=3, duration=None>
645.5792 	EXP 	Device response: <KeyPress from None: t=645.4588516999502, value=3, duration=0.11641349992714822>
645.6453 	DATA 	Keypress: 0
645.6464 	EXP 	Device response: <KeyPress from None: t=645.6420038999058, value=0, duration=None>
645.7119 	EXP 	Device response: <KeyPress from None: t=645.6420038999058, value=0, duration=0.06324169994331896>
646.4776 	DATA 	Mouse: Left button down, pos=(617,158)
646.4781 	EXP 	New trial (rep=2, index=47): <Trial 143 (47 in rep 2) data={'delay': 0.7, 'freq': 1000, 'condition': 'exp', 'thisN': 143, 'thisTrialN': 47, 'thisRepN': 2}>
646.4938 	EXP 	text: autoDraw = False
646.4938 	EXP 	textbox: autoDraw = False
646.4938 	EXP 	polygon: autoDraw = True
646.7133 	DATA 	Mouse:  Left button up, pos=(617,158)
647.4781 	INFO 	Keyboard events cleared
647.4779 	EXP 	polygon_2: autoDraw = True
647.4942 	EXP 	polygon: autoDraw = False
647.9936 	EXP 	Device response: <KeyPress from None: t=647.9791999999434, value=space, duration=None>
647.9956 	DATA 	Keypress: space
648.0100 	EXP 	polygon: autoDraw = False
648.0100 	EXP 	polygon_2: autoDraw = False
648.1433 	EXP 	Device response: <KeyPress from None: t=647.9791999999434, value=space, duration=0.14749290002509952>
648.6765 	EXP 	Sound sound_1 reached end of file
648.6928 	EXP 	Playing sound sound_1 on speaker Speakers (Realtek(R) Audio)
648.9878 	EXP 	Sound sound_1 stopped
649.0079 	EXP 	text: autoDraw = True
649.0079 	EXP 	textbox: autoDraw = True
649.3918 	DATA 	Keypress: 9
649.3924 	EXP 	Device response: <KeyPress from None: t=649.3826987999491, value=9, duration=None>
649.5257 	EXP 	Device response: <KeyPress from None: t=649.3826987999491, value=9, duration=0.13854909990914166>
649.6416 	DATA 	Keypress: 0
649.6422 	EXP 	Device response: <KeyPress from None: t=649.6309179000091, value=0, duration=None>
649.7254 	EXP 	Device response: <KeyPress from None: t=649.6309179000091, value=0, duration=0.0915048997849226>
649.7950 	DATA 	Keypress: 0
649.8082 	EXP 	Device response: <KeyPress from None: t=649.7935332998168, value=0, duration=None>
649.8751 	EXP 	Device response: <KeyPress from None: t=649.7935332998168, value=0, duration=0.06886230013333261>
651.2071 	DATA 	Mouse: Left button down, pos=(617,158)
651.2076 	EXP 	New trial (rep=3, index=0): <Trial 144 (0 in rep 3) data={'delay': 0.4, 'freq': 1000, 'condition': 'exp', 'thisN': 144, 'thisTrialN': 0, 'thisRepN': 3}>
651.2234 	EXP 	text: autoDraw = False
651.2234 	EXP 	textbox: autoDraw = False
651.2234 	EXP 	polygon: autoDraw = True
651.4430 	DATA 	Mouse:  Left button up, pos=(617,158)
652.2067 	INFO 	Keyboard events cleared
652.2065 	EXP 	polygon_2: autoDraw = True
652.2233 	EXP 	polygon: autoDraw = False
653.1223 	EXP 	Device response: <KeyPress from None: t=653.116216099821, value=space, duration=None>
653.1235 	DATA 	Keypress: space
653.1390 	EXP 	polygon: autoDraw = False
653.1390 	EXP 	polygon_2: autoDraw = False
653.2719 	EXP 	Device response: <KeyPress from None: t=653.116216099821, value=space, duration=0.1414812000002712>
653.5062 	EXP 	Sound sound_1 reached end of file
653.5222 	EXP 	Playing sound sound_1 on speaker Speakers (Realtek(R) Audio)
653.8193 	EXP 	Sound sound_1 stopped
653.8372 	EXP 	text: autoDraw = True
653.8372 	EXP 	textbox: autoDraw = True
654.5043 	DATA 	Keypress: 1
654.5049 	EXP 	Device response: <KeyPress from None: t=654.4966088999063, value=1, duration=None>
654.5885 	EXP 	Device response: <KeyPress from None: t=654.4966088999063, value=1, duration=0.08212339994497597>
655.0204 	DATA 	Keypress: 5
655.0215 	EXP 	Device response: <KeyPress from None: t=655.0079301998485, value=5, duration=None>
655.1368 	EXP 	Device response: <KeyPress from None: t=655.0079301998485, value=5, duration=0.11449850001372397>
655.1537 	DATA 	Keypress: 0
655.1544 	EXP 	Device response: <KeyPress from None: t=655.1445750999264, value=0, duration=None>
655.2704 	EXP 	Device response: <KeyPress from None: t=655.1445750999264, value=0, duration=0.11452629999257624>
656.3042 	DATA 	Mouse: Left button down, pos=(617,158)
656.3047 	EXP 	New trial (rep=3, index=1): <Trial 145 (1 in rep 3) data={'delay': 0.7, 'freq': 400, 'condition': 'unexp', 'thisN': 145, 'thisTrialN': 1, 'thisRepN': 3}>
656.3193 	EXP 	text: autoDraw = False
656.3193 	EXP 	textbox: autoDraw = False
656.3193 	EXP 	polygon: autoDraw = True
656.5226 	DATA 	Mouse:  Left button up, pos=(617,158)
657.3198 	INFO 	Keyboard events cleared
657.3197 	EXP 	polygon: autoDraw = False
657.3197 	EXP 	polygon_2: autoDraw = True
657.6197 	EXP 	Device response: <KeyPress from None: t=657.6063505997881, value=space, duration=None>
657.6208 	DATA 	Keypress: space
657.6347 	EXP 	polygon: autoDraw = False
657.6347 	EXP 	polygon_2: autoDraw = False
657.7359 	EXP 	Device response: <KeyPress from None: t=657.6063505997881, value=space, duration=0.11703290021978319>
658.3190 	EXP 	Sound sound_1 reached end of file
658.3353 	EXP 	Playing sound sound_1 on speaker Speakers (Realtek(R) Audio)
658.6276 	EXP 	Sound sound_1 stopped
658.6500 	EXP 	text: autoDraw = True
658.6500 	EXP 	textbox: autoDraw = True
659.2170 	DATA 	Keypress: 8
659.2176 	EXP 	Device response: <KeyPress from None: t=659.2048603999428, value=8, duration=None>
659.3006 	EXP 	Device response: <KeyPress from None: t=659.2048603999428, value=8, duration=0.09220249997451901>
659.4198 	DATA 	Keypress: 0
659.4332 	EXP 	Device response: <KeyPress from None: t=659.4195163999684, value=0, duration=None>
659.5338 	EXP 	Device response: <KeyPress from None: t=659.4195163999684, value=0, duration=0.10233999998308718>
659.5834 	DATA 	Keypress: 0
659.5840 	EXP 	Device response: <KeyPress from None: t=659.5805448999163, value=0, duration=None>
659.6836 	EXP 	Device response: <KeyPress from None: t=659.5805448999163, value=0, duration=0.09838770003989339>
660.4994 	DATA 	Mouse: Left button down, pos=(617,158)
660.4999 	EXP 	New trial (rep=3, index=2): <Trial 146 (2 in rep 3) data={'delay': 0.4, 'freq': 1000, 'condition': 'exp', 'thisN': 146, 'thisTrialN': 2, 'thisRepN': 3}>
660.5154 	EXP 	text: autoDraw = False
660.5154 	EXP 	textbox: autoDraw = False
660.5154 	EXP 	polygon: autoDraw = True
660.7182 	DATA 	Mouse:  Left button up, pos=(617,158)
661.4993 	INFO 	Keyboard events cleared
661.4991 	EXP 	polygon_2: autoDraw = True
661.5161 	EXP 	polygon: autoDraw = False
661.7823 	EXP 	Device response: <KeyPress from None: t=661.767874899786, value=space, duration=None>
661.7839 	DATA 	Keypress: space
661.7981 	EXP 	polygon: autoDraw = False
661.7981 	EXP 	polygon_2: autoDraw = False
661.9485 	EXP 	Device response: <KeyPress from None: t=661.767874899786, value=space, duration=0.16356850019656122>
662.1660 	EXP 	Sound sound_1 reached end of file
662.1817 	EXP 	Playing sound sound_1 on speaker Speakers (Realtek(R) Audio)
662.4835 	EXP 	Sound sound_1 stopped
662.4969 	EXP 	text: autoDraw = True
662.4969 	EXP 	textbox: autoDraw = True
663.1303 	DATA 	Keypress: 4
663.1309 	EXP 	Device response: <KeyPress from None: t=663.1176199999172, value=4, duration=None>
663.1975 	EXP 	Device response: <KeyPress from None: t=663.1176199999172, value=4, duration=0.0785508998669684>
663.3968 	DATA 	Keypress: 5
663.3978 	EXP 	Device response: <KeyPress from None: t=663.3860245000105, value=5, duration=None>
663.4970 	EXP 	Device response: <KeyPress from None: t=663.3860245000105, value=5, duration=0.10824189987033606>
663.5303 	DATA 	Keypress: 0
663.5311 	EXP 	Device response: <KeyPress from None: t=663.5208938999567, value=0, duration=None>
663.6304 	EXP 	Device response: <KeyPress from None: t=663.5208938999567, value=0, duration=0.10879860003478825>
664.3798 	DATA 	Mouse: Left button down, pos=(617,158)
664.3803 	EXP 	New trial (rep=3, index=3): <Trial 147 (3 in rep 3) data={'delay': 0.1, 'freq': 400, 'condition': 'unexp', 'thisN': 147, 'thisTrialN': 3, 'thisRepN': 3}>
664.3960 	EXP 	text: autoDraw = False
664.3960 	EXP 	textbox: autoDraw = False
664.3960 	EXP 	polygon: autoDraw = True
664.6155 	DATA 	Mouse:  Left button up, pos=(617,158)
665.3954 	INFO 	Keyboard events cleared
665.3953 	EXP 	polygon: autoDraw = False
665.3953 	EXP 	polygon_2: autoDraw = True
665.6964 	EXP 	Device response: <KeyPress from None: t=665.693024299806, value=space, duration=None>
665.6981 	DATA 	Keypress: space
665.7112 	EXP 	polygon: autoDraw = False
665.7112 	EXP 	polygon_2: autoDraw = False
665.7959 	EXP 	Sound sound_1 reached end of file
665.8120 	EXP 	Playing sound sound_1 on speaker Speakers (Realtek(R) Audio)
665.8963 	EXP 	Device response: <KeyPress from None: t=665.693024299806, value=space, duration=0.1875349001493305>
666.1102 	EXP 	Sound sound_1 stopped
666.1278 	EXP 	text: autoDraw = True
666.1278 	EXP 	textbox: autoDraw = True
667.2105 	DATA 	Keypress: 6
667.2111 	EXP 	Device response: <KeyPress from None: t=667.2040132998955, value=6, duration=None>
667.3440 	EXP 	Device response: <KeyPress from None: t=667.2040132998955, value=6, duration=0.13475259998813272>
667.3459 	DATA 	Keypress: 0
667.3600 	EXP 	Device response: <KeyPress from None: t=667.3451352999546, value=0, duration=None>
667.4439 	EXP 	Device response: <KeyPress from None: t=667.3451352999546, value=0, duration=0.0958159000147134>
667.4767 	DATA 	Keypress: 0
667.4776 	EXP 	Device response: <KeyPress from None: t=667.4717807997949, value=0, duration=None>
667.5770 	EXP 	Device response: <KeyPress from None: t=667.4717807997949, value=0, duration=0.1019780000206083>
668.6267 	DATA 	Mouse: Left button down, pos=(617,158)
668.6273 	EXP 	New trial (rep=3, index=4): <Trial 148 (4 in rep 3) data={'delay': 0.1, 'freq': 400, 'condition': 'unexp', 'thisN': 148, 'thisTrialN': 4, 'thisRepN': 3}>
668.6422 	EXP 	text: autoDraw = False
668.6422 	EXP 	textbox: autoDraw = False
668.6422 	EXP 	polygon: autoDraw = True
668.8457 	DATA 	Mouse:  Left button up, pos=(617,158)
669.6426 	INFO 	Keyboard events cleared
669.6425 	EXP 	polygon: autoDraw = False
669.6425 	EXP 	polygon_2: autoDraw = True
670.0435 	DATA 	Keypress: space
670.0593 	EXP 	Device response: <KeyPress from None: t=670.0429053998087, value=space, duration=None>
670.0754 	EXP 	polygon: autoDraw = False
670.0754 	EXP 	polygon_2: autoDraw = False
670.1425 	EXP 	Sound sound_1 reached end of file
670.1588 	EXP 	Playing sound sound_1 on speaker Speakers (Realtek(R) Audio)
670.2263 	EXP 	Device response: <KeyPress from None: t=670.0429053998087, value=space, duration=0.16688819997943938>
670.4612 	EXP 	Sound sound_1 stopped
670.4734 	EXP 	text: autoDraw = True
670.4734 	EXP 	textbox: autoDraw = True
671.2905 	DATA 	Keypress: 6
671.2911 	EXP 	Device response: <KeyPress from None: t=671.2861957999412, value=6, duration=None>
671.4573 	EXP 	Device response: <KeyPress from None: t=671.2861957999412, value=6, duration=0.16143490001559258>
671.5069 	DATA 	Keypress: 0
671.5077 	EXP 	Device response: <KeyPress from None: t=671.4999278998002, value=0, duration=None>
671.6239 	EXP 	Device response: <KeyPress from None: t=671.4999278998002, value=0, duration=0.11164560006000102>
671.6734 	DATA 	Keypress: 0
671.6740 	EXP 	Device response: <KeyPress from None: t=671.6612030998804, value=0, duration=None>
671.7743 	EXP 	Device response: <KeyPress from None: t=671.6612030998804, value=0, duration=0.09847380011342466>
672.5726 	DATA 	Mouse: Left button down, pos=(617,158)
672.5731 	EXP 	New trial (rep=3, index=5): <Trial 149 (5 in rep 3) data={'delay': 0.1, 'freq': 1000, 'condition': 'exp', 'thisN': 149, 'thisTrialN': 5, 'thisRepN': 3}>
672.5889 	EXP 	text: autoDraw = False
672.5889 	EXP 	textbox: autoDraw = False
672.5889 	EXP 	polygon: autoDraw = True
672.7914 	DATA 	Mouse:  Left button up, pos=(617,158)
673.5716 	INFO 	Keyboard events cleared
673.5715 	EXP 	polygon_2: autoDraw = True
673.5888 	EXP 	polygon: autoDraw = False
673.8889 	EXP 	Device response: <KeyPress from None: t=673.8762211999856, value=space, duration=None>
673.8901 	DATA 	Keypress: space
673.9049 	EXP 	polygon: autoDraw = False
673.9049 	EXP 	polygon_2: autoDraw = False
673.9724 	EXP 	Sound sound_1 reached end of file
673.9888 	EXP 	Playing sound sound_1 on speaker Speakers (Realtek(R) Audio)
674.0394 	EXP 	Device response: <KeyPress from None: t=673.8762211999856, value=space, duration=0.1606468998361379>
674.2891 	EXP 	Sound sound_1 stopped
674.3036 	EXP 	text: autoDraw = True
674.3036 	EXP 	textbox: autoDraw = True
675.0539 	DATA 	Keypress: 3
675.0547 	EXP 	Device response: <KeyPress from None: t=675.0464444998652, value=3, duration=None>
675.1878 	EXP 	Device response: <KeyPress from None: t=675.0464444998652, value=3, duration=0.12699600006453693>
675.4870 	DATA 	Keypress: 5
675.4875 	EXP 	Device response: <KeyPress from None: t=675.4763522997964, value=5, duration=None>
675.6039 	EXP 	Device response: <KeyPress from None: t=675.4763522997964, value=5, duration=0.12195080006495118>
675.6553 	DATA 	Keypress: 0
675.6701 	EXP 	Device response: <KeyPress from None: t=675.6548735999968, value=0, duration=None>
675.7705 	EXP 	Device response: <KeyPress from None: t=675.6548735999968, value=0, duration=0.10139259998686612>
676.5861 	DATA 	Mouse: Left button down, pos=(617,158)
676.5865 	EXP 	New trial (rep=3, index=6): <Trial 150 (6 in rep 3) data={'delay': 0.1, 'freq': 1000, 'condition': 'exp', 'thisN': 150, 'thisTrialN': 6, 'thisRepN': 3}>
676.6022 	EXP 	text: autoDraw = False
676.6022 	EXP 	textbox: autoDraw = False
676.6022 	EXP 	polygon: autoDraw = True
676.8222 	DATA 	Mouse:  Left button up, pos=(617,158)
677.6024 	INFO 	Keyboard events cleared
677.6023 	EXP 	polygon: autoDraw = False
677.6023 	EXP 	polygon_2: autoDraw = True
677.8855 	EXP 	Device response: <KeyPress from None: t=677.8847529999912, value=space, duration=None>
677.8868 	DATA 	Keypress: space
677.9015 	EXP 	polygon: autoDraw = False
677.9015 	EXP 	polygon_2: autoDraw = False
677.9687 	EXP 	Sound sound_1 reached end of file
677.9851 	EXP 	Playing sound sound_1 on speaker Speakers (Realtek(R) Audio)
678.1022 	EXP 	Device response: <KeyPress from None: t=677.8847529999912, value=space, duration=0.2119699998293072>
678.2789 	EXP 	Sound sound_1 stopped
678.3002 	EXP 	text: autoDraw = True
678.3002 	EXP 	textbox: autoDraw = True
678.7366 	DATA 	Keypress: 1
678.7508 	EXP 	Device response: <KeyPress from None: t=678.7348868998233, value=1, duration=None>
678.8371 	DATA 	Keypress: 0
678.8513 	EXP 	Device response: <KeyPress from None: t=678.8366398999933, value=0, duration=None>
678.8513 	EXP 	Device response: <KeyPress from None: t=678.7348868998233, value=1, duration=0.10902040009386837>
678.9509 	EXP 	Device response: <KeyPress from None: t=678.8366398999933, value=0, duration=0.09877169993706048>
678.9868 	DATA 	Keypress: 0
679.0006 	EXP 	Device response: <KeyPress from None: t=678.9860893997829, value=0, duration=None>
679.1011 	EXP 	Device response: <KeyPress from None: t=678.9860893997829, value=0, duration=0.10944740008562803>
679.8359 	DATA 	Mouse: Left button down, pos=(617,158)
679.8502 	EXP 	New trial (rep=3, index=7): <Trial 151 (7 in rep 3) data={'delay': 0.7, 'freq': 1000, 'condition': 'exp', 'thisN': 151, 'thisTrialN': 7, 'thisRepN': 3}>
679.8666 	EXP 	text: autoDraw = False
679.8666 	EXP 	textbox: autoDraw = False
679.8666 	EXP 	polygon: autoDraw = True
680.0691 	DATA 	Mouse:  Left button up, pos=(617,158)
680.8500 	INFO 	Keyboard events cleared
680.8499 	EXP 	polygon_2: autoDraw = True
680.8661 	EXP 	polygon: autoDraw = False
681.2999 	EXP 	Device response: <KeyPress from None: t=681.2899072999135, value=space, duration=None>
681.3012 	DATA 	Keypress: space
681.3150 	EXP 	polygon: autoDraw = False
681.3150 	EXP 	polygon_2: autoDraw = False
681.4826 	EXP 	Device response: <KeyPress from None: t=681.2899072999135, value=space, duration=0.1838392000645399>
681.9992 	EXP 	Sound sound_1 reached end of file
682.0156 	EXP 	Playing sound sound_1 on speaker Speakers (Realtek(R) Audio)
682.3077 	EXP 	Sound sound_1 stopped
682.3303 	EXP 	text: autoDraw = True
682.3303 	EXP 	textbox: autoDraw = True
682.8497 	DATA 	Keypress: 8
682.8639 	EXP 	Device response: <KeyPress from None: t=682.84768050001, value=8, duration=None>
682.9643 	EXP 	Device response: <KeyPress from None: t=682.84768050001, value=8, duration=0.11229509999975562>
683.0972 	DATA 	Keypress: 0
683.0980 	EXP 	Device response: <KeyPress from None: t=683.0863416998181, value=0, duration=None>
683.1810 	EXP 	Device response: <KeyPress from None: t=683.0863416998181, value=0, duration=0.09144109999760985>
683.2807 	DATA 	Keypress: 0
683.2815 	EXP 	Device response: <KeyPress from None: t=683.2704105998855, value=0, duration=None>
683.3474 	EXP 	Device response: <KeyPress from None: t=683.2704105998855, value=0, duration=0.06307790009304881>
684.1130 	DATA 	Mouse: Left button down, pos=(617,158)
684.1135 	EXP 	New trial (rep=3, index=8): <Trial 152 (8 in rep 3) data={'delay': 0.1, 'freq': 400, 'condition': 'unexp', 'thisN': 152, 'thisTrialN': 8, 'thisRepN': 3}>
684.1296 	EXP 	text: autoDraw = False
684.1296 	EXP 	textbox: autoDraw = False
684.1296 	EXP 	polygon: autoDraw = True
684.3480 	DATA 	Mouse:  Left button up, pos=(617,158)
685.1124 	INFO 	Keyboard events cleared
685.1123 	EXP 	polygon_2: autoDraw = True
685.1303 	EXP 	polygon: autoDraw = False
685.7630 	EXP 	Device response: <KeyPress from None: t=685.7575858999044, value=space, duration=None>
685.7645 	DATA 	Keypress: space
685.7789 	EXP 	polygon: autoDraw = False
685.7789 	EXP 	polygon_2: autoDraw = False
685.8624 	EXP 	Sound sound_1 reached end of file
685.8788 	EXP 	Playing sound sound_1 on speaker Speakers (Realtek(R) Audio)
685.9293 	EXP 	Device response: <KeyPress from None: t=685.7575858999044, value=space, duration=0.16412910004146397>
686.1794 	EXP 	Sound sound_1 stopped
686.1936 	EXP 	text: autoDraw = True
686.1936 	EXP 	textbox: autoDraw = True
687.6605 	DATA 	Keypress: 1
687.6611 	EXP 	Device response: <KeyPress from None: t=687.6494255999569, value=1, duration=None>
687.7772 	EXP 	Device response: <KeyPress from None: t=687.6494255999569, value=1, duration=0.11843149992637336>
687.8435 	DATA 	Keypress: 0
687.8441 	EXP 	Device response: <KeyPress from None: t=687.8407835999969, value=0, duration=None>
687.9440 	EXP 	Device response: <KeyPress from None: t=687.8407835999969, value=0, duration=0.10200059995986521>
688.0265 	DATA 	Keypress: 0
688.0272 	EXP 	Device response: <KeyPress from None: t=688.0252547999844, value=0, duration=None>
688.0936 	EXP 	Device response: <KeyPress from None: t=688.0252547999844, value=0, duration=0.05913449986837804>
689.2589 	DATA 	Mouse: Left button down, pos=(617,158)
689.2594 	EXP 	New trial (rep=3, index=9): <Trial 153 (9 in rep 3) data={'delay': 0.1, 'freq': 400, 'condition': 'unexp', 'thisN': 153, 'thisTrialN': 9, 'thisRepN': 3}>
689.2750 	EXP 	text: autoDraw = False
689.2750 	EXP 	textbox: autoDraw = False
689.2750 	EXP 	polygon: autoDraw = True
689.4786 	DATA 	Mouse:  Left button up, pos=(617,158)
690.2593 	INFO 	Keyboard events cleared
690.2592 	EXP 	polygon_2: autoDraw = True
690.2754 	EXP 	polygon: autoDraw = False
690.6759 	EXP 	Device response: <KeyPress from None: t=690.6662679999135, value=space, duration=None>
690.6778 	DATA 	Keypress: space
690.6911 	EXP 	polygon: autoDraw = False
690.6911 	EXP 	polygon_2: autoDraw = False
690.7751 	EXP 	Sound sound_1 reached end of file
690.7915 	EXP 	Playing sound sound_1 on speaker Speakers (Realtek(R) Audio)
690.7928 	EXP 	Device response: <KeyPress from None: t=690.6662679999135, value=space, duration=0.12436109990812838>
691.0904 	EXP 	Sound sound_1 stopped
691.1061 	EXP 	text: autoDraw = True
691.1061 	EXP 	textbox: autoDraw = True
691.4076 	DATA 	Keypress: 1
691.4082 	EXP 	Device response: <KeyPress from None: t=691.4065417000093, value=1, duration=None>
691.5073 	EXP 	Device response: <KeyPress from None: t=691.4065417000093, value=1, duration=0.09914029994979501>
691.8417 	DATA 	Keypress: 5
691.8568 	EXP 	Device response: <KeyPress from None: t=691.8413803998847, value=5, duration=None>
691.9574 	EXP 	Device response: <KeyPress from None: t=691.8413803998847, value=5, duration=0.11220200010575354>
692.0398 	DATA 	Keypress: 0
692.0405 	EXP 	Device response: <KeyPress from None: t=692.0285282998811, value=0, duration=None>
692.1571 	EXP 	Device response: <KeyPress from None: t=692.0285282998811, value=0, duration=0.12377530010417104>
693.0892 	DATA 	Mouse: Left button down, pos=(617,158)
693.0897 	EXP 	New trial (rep=3, index=10): <Trial 154 (10 in rep 3) data={'delay': 0.7, 'freq': 400, 'condition': 'unexp', 'thisN': 154, 'thisTrialN': 10, 'thisRepN': 3}>
693.1052 	EXP 	text: autoDraw = False
693.1052 	EXP 	textbox: autoDraw = False
693.1052 	EXP 	polygon: autoDraw = True
693.3061 	DATA 	Mouse:  Left button up, pos=(617,158)
694.0886 	INFO 	Keyboard events cleared
694.0885 	EXP 	polygon_2: autoDraw = True
694.1059 	EXP 	polygon: autoDraw = False
694.2553 	EXP 	Device response: <KeyPress from None: t=694.2531999999192, value=space, duration=None>
694.2566 	DATA 	Keypress: space
694.2717 	EXP 	polygon: autoDraw = False
694.2717 	EXP 	polygon_2: autoDraw = False
694.4219 	EXP 	Device response: <KeyPress from None: t=694.2531999999192, value=space, duration=0.1571301999501884>
694.9385 	EXP 	Sound sound_1 reached end of file
694.9548 	EXP 	Playing sound sound_1 on speaker Speakers (Realtek(R) Audio)
695.2504 	EXP 	Sound sound_1 stopped
695.2696 	EXP 	text: autoDraw = True
695.2696 	EXP 	textbox: autoDraw = True
695.5538 	DATA 	Keypress: 9
695.5544 	EXP 	Device response: <KeyPress from None: t=695.5451101998333, value=9, duration=None>
695.6703 	EXP 	Device response: <KeyPress from None: t=695.5451101998333, value=9, duration=0.11111040017567575>
695.7869 	DATA 	Keypress: 0
695.7878 	EXP 	Device response: <KeyPress from None: t=695.7859906998929, value=0, duration=None>
695.8869 	EXP 	Device response: <KeyPress from None: t=695.7859906998929, value=0, duration=0.09552270011045039>
695.9535 	DATA 	Keypress: 0
695.9542 	EXP 	Device response: <KeyPress from None: t=695.9458218999207, value=0, duration=None>
696.0207 	EXP 	Device response: <KeyPress from None: t=695.9458218999207, value=0, duration=0.07177049992606044>
697.0522 	DATA 	Mouse: Left button down, pos=(617,158)
697.0527 	EXP 	New trial (rep=3, index=11): <Trial 155 (11 in rep 3) data={'delay': 0.4, 'freq': 400, 'condition': 'unexp', 'thisN': 155, 'thisTrialN': 11, 'thisRepN': 3}>
697.0693 	EXP 	text: autoDraw = False
697.0693 	EXP 	textbox: autoDraw = False
697.0693 	EXP 	polygon: autoDraw = True
697.2881 	DATA 	Mouse:  Left button up, pos=(617,158)
698.0522 	INFO 	Keyboard events cleared
698.0521 	EXP 	polygon_2: autoDraw = True
698.0688 	EXP 	polygon: autoDraw = False
698.3360 	EXP 	Device response: <KeyPress from None: t=698.326766599901, value=space, duration=None>
698.3377 	DATA 	Keypress: space
698.3517 	EXP 	polygon: autoDraw = False
698.3517 	EXP 	polygon_2: autoDraw = False
698.5023 	EXP 	Device response: <KeyPress from None: t=698.326766599901, value=space, duration=0.16710969991981983>
698.7360 	EXP 	Sound sound_1 reached end of file
698.7519 	EXP 	Playing sound sound_1 on speaker Speakers (Realtek(R) Audio)
699.0491 	EXP 	Sound sound_1 stopped
699.0663 	EXP 	text: autoDraw = True
699.0663 	EXP 	textbox: autoDraw = True
699.9002 	DATA 	Keypress: 5
699.9008 	EXP 	Device response: <KeyPress from None: t=699.897017999785, value=5, duration=None>
700.0029 	DATA 	Keypress: 0
700.0167 	EXP 	Device response: <KeyPress from None: t=700.0022490997799, value=0, duration=None>
700.0167 	EXP 	Device response: <KeyPress from None: t=699.897017999785, value=5, duration=0.1054810001514852>
700.1170 	DATA 	Keypress: 0
700.1176 	EXP 	Device response: <KeyPress from None: t=700.0022490997799, value=0, duration=0.1020839000120759>
700.1176 	EXP 	Device response: <KeyPress from None: t=700.1153182999697, value=0, duration=None>
700.2508 	EXP 	Device response: <KeyPress from None: t=700.1153182999697, value=0, duration=0.12862859992310405>
701.1325 	DATA 	Mouse: Left button down, pos=(617,158)
701.1330 	EXP 	New trial (rep=3, index=12): <Trial 156 (12 in rep 3) data={'delay': 0.7, 'freq': 1000, 'condition': 'exp', 'thisN': 156, 'thisTrialN': 12, 'thisRepN': 3}>
701.1489 	EXP 	text: autoDraw = False
701.1489 	EXP 	textbox: autoDraw = False
701.1489 	EXP 	polygon: autoDraw = True
701.3526 	DATA 	Mouse:  Left button up, pos=(617,158)
702.1324 	INFO 	Keyboard events cleared
702.1322 	EXP 	polygon_2: autoDraw = True
702.1494 	EXP 	polygon: autoDraw = False
703.3986 	EXP 	Device response: <KeyPress from None: t=703.3933654997963, value=space, duration=None>
703.4005 	DATA 	Keypress: space
703.4140 	EXP 	polygon: autoDraw = False
703.4140 	EXP 	polygon_2: autoDraw = False
703.5650 	EXP 	Device response: <KeyPress from None: t=703.3933654997963, value=space, duration=0.16399470018222928>
704.0981 	EXP 	Sound sound_1 reached end of file
704.1144 	EXP 	Playing sound sound_1 on speaker Speakers (Realtek(R) Audio)
704.4088 	EXP 	Sound sound_1 stopped
704.4288 	EXP 	text: autoDraw = True
704.4288 	EXP 	textbox: autoDraw = True
705.4123 	DATA 	Keypress: 7
705.4129 	EXP 	Device response: <KeyPress from None: t=705.4119011999574, value=7, duration=None>
705.5625 	EXP 	Device response: <KeyPress from None: t=705.4119011999574, value=7, duration=0.14153219992294908>
705.5790 	DATA 	Keypress: 0
705.5796 	EXP 	Device response: <KeyPress from None: t=705.5714296998922, value=0, duration=None>
705.6624 	EXP 	Device response: <KeyPress from None: t=705.5714296998922, value=0, duration=0.0855982000939548>
705.7294 	DATA 	Keypress: 0
705.7300 	EXP 	Device response: <KeyPress from None: t=705.7260481999256, value=0, duration=None>
705.8126 	EXP 	Device response: <KeyPress from None: t=705.7260481999256, value=0, duration=0.0727414998691529>
706.8627 	DATA 	Mouse: Left button down, pos=(617,158)
706.8781 	EXP 	New trial (rep=3, index=13): <Trial 157 (13 in rep 3) data={'delay': 0.4, 'freq': 1000, 'condition': 'exp', 'thisN': 157, 'thisTrialN': 13, 'thisRepN': 3}>
706.8941 	EXP 	text: autoDraw = False
706.8941 	EXP 	textbox: autoDraw = False
706.8941 	EXP 	polygon: autoDraw = True
707.0966 	DATA 	Mouse:  Left button up, pos=(617,158)
707.8781 	INFO 	Keyboard events cleared
707.8780 	EXP 	polygon_2: autoDraw = True
707.8942 	EXP 	polygon: autoDraw = False
708.4120 	DATA 	Keypress: space
708.4277 	EXP 	Device response: <KeyPress from None: t=708.4110403999221, value=space, duration=None>
708.4434 	EXP 	polygon: autoDraw = False
708.4434 	EXP 	polygon_2: autoDraw = False
708.5443 	EXP 	Device response: <KeyPress from None: t=708.4110403999221, value=space, duration=0.12843400007113814>
708.8108 	EXP 	Sound sound_1 reached end of file
708.8271 	EXP 	Playing sound sound_1 on speaker Speakers (Realtek(R) Audio)
709.1230 	EXP 	Sound sound_1 stopped
709.1415 	EXP 	text: autoDraw = True
709.1415 	EXP 	textbox: autoDraw = True
709.6617 	DATA 	Keypress: 1
709.6757 	EXP 	Device response: <KeyPress from None: t=709.6608102999162, value=1, duration=None>
709.7929 	EXP 	Device response: <KeyPress from None: t=709.6608102999162, value=1, duration=0.12814479996450245>
710.2248 	DATA 	Keypress: 5
710.2255 	EXP 	Device response: <KeyPress from None: t=710.2214844999835, value=5, duration=None>
710.3590 	EXP 	Device response: <KeyPress from None: t=710.2214844999835, value=5, duration=0.13198859989643097>
710.4250 	DATA 	Keypress: 0
710.4260 	EXP 	Device response: <KeyPress from None: t=710.4169559997972, value=0, duration=None>
710.5419 	EXP 	Device response: <KeyPress from None: t=710.4169559997972, value=0, duration=0.12161040003411472>
711.3576 	DATA 	Mouse: Left button down, pos=(617,158)
711.3581 	EXP 	New trial (rep=3, index=14): <Trial 158 (14 in rep 3) data={'delay': 0.1, 'freq': 1000, 'condition': 'exp', 'thisN': 158, 'thisTrialN': 14, 'thisRepN': 3}>
711.3735 	EXP 	text: autoDraw = False
711.3735 	EXP 	textbox: autoDraw = False
711.3735 	EXP 	polygon: autoDraw = True
711.5929 	DATA 	Mouse:  Left button up, pos=(617,158)
712.3574 	INFO 	Keyboard events cleared
712.3573 	EXP 	polygon_2: autoDraw = True
712.3735 	EXP 	polygon: autoDraw = False
712.7570 	EXP 	Device response: <KeyPress from None: t=712.7536803998519, value=space, duration=None>
712.7583 	DATA 	Keypress: space
712.7730 	EXP 	polygon: autoDraw = False
712.7730 	EXP 	polygon_2: autoDraw = False
712.8405 	EXP 	Sound sound_1 reached end of file
712.8568 	EXP 	Playing sound sound_1 on speaker Speakers (Realtek(R) Audio)
712.8740 	EXP 	Device response: <KeyPress from None: t=712.7536803998519, value=space, duration=0.11902250000275671>
713.1591 	EXP 	Sound sound_1 stopped
713.1713 	EXP 	text: autoDraw = True
713.1713 	EXP 	textbox: autoDraw = True
713.7551 	DATA 	Keypress: 2
713.7560 	EXP 	Device response: <KeyPress from None: t=713.7511039997917, value=2, duration=None>
713.8563 	EXP 	Device response: <KeyPress from None: t=713.7511039997917, value=2, duration=0.10109310015104711>
713.9383 	DATA 	Keypress: 0
713.9390 	EXP 	Device response: <KeyPress from None: t=713.9379107998684, value=0, duration=None>
714.0557 	EXP 	Device response: <KeyPress from None: t=713.9379107998684, value=0, duration=0.11158760008402169>
714.1078 	DATA 	Keypress: 0
714.1217 	EXP 	Device response: <KeyPress from None: t=714.1075384998694, value=0, duration=None>
714.2215 	EXP 	Device response: <KeyPress from None: t=714.1075384998694, value=0, duration=0.09841480012983084>
715.0215 	DATA 	Mouse: Left button down, pos=(617,158)
715.0220 	EXP 	New trial (rep=3, index=15): <Trial 159 (15 in rep 3) data={'delay': 0.7, 'freq': 1000, 'condition': 'exp', 'thisN': 159, 'thisTrialN': 15, 'thisRepN': 3}>
715.0372 	EXP 	text: autoDraw = False
715.0372 	EXP 	textbox: autoDraw = False
715.0372 	EXP 	polygon: autoDraw = True
715.2392 	DATA 	Mouse:  Left button up, pos=(617,158)
716.0374 	INFO 	Keyboard events cleared
716.0373 	EXP 	polygon: autoDraw = False
716.0373 	EXP 	polygon_2: autoDraw = True
716.2875 	EXP 	Device response: <KeyPress from None: t=716.2755745998584, value=space, duration=None>
716.2893 	DATA 	Keypress: space
716.3038 	EXP 	polygon: autoDraw = False
716.3038 	EXP 	polygon_2: autoDraw = False
716.4038 	EXP 	Device response: <KeyPress from None: t=716.2755745998584, value=space, duration=0.11603039992041886>
716.9708 	EXP 	Sound sound_1 reached end of file
716.9872 	EXP 	Playing sound sound_1 on speaker Speakers (Realtek(R) Audio)
717.2883 	EXP 	Sound sound_1 stopped
717.3013 	EXP 	text: autoDraw = True
717.3013 	EXP 	textbox: autoDraw = True
717.7020 	DATA 	Keypress: 7
717.7027 	EXP 	Device response: <KeyPress from None: t=717.6916961998213, value=7, duration=None>
717.8355 	DATA 	Keypress: 0
717.8368 	EXP 	Device response: <KeyPress from None: t=717.8330169999972, value=0, duration=None>
717.8368 	EXP 	Device response: <KeyPress from None: t=717.6916961998213, value=7, duration=0.14132080017589033>
717.9360 	EXP 	Device response: <KeyPress from None: t=717.8330169999972, value=0, duration=0.09170989994890988>
717.9854 	DATA 	Keypress: 0
717.9862 	EXP 	Device response: <KeyPress from None: t=717.9732573998626, value=0, duration=None>
718.0854 	EXP 	Device response: <KeyPress from None: t=717.9732573998626, value=0, duration=0.09845210006460547>
719.0511 	DATA 	Mouse: Left button down, pos=(617,158)
719.0516 	EXP 	New trial (rep=3, index=16): <Trial 160 (16 in rep 3) data={'delay': 0.7, 'freq': 1000, 'condition': 'exp', 'thisN': 160, 'thisTrialN': 16, 'thisRepN': 3}>
719.0677 	EXP 	text: autoDraw = False
719.0677 	EXP 	textbox: autoDraw = False
719.0677 	EXP 	polygon: autoDraw = True
719.2690 	DATA 	Mouse:  Left button up, pos=(617,158)
720.0511 	INFO 	Keyboard events cleared
720.0510 	EXP 	polygon_2: autoDraw = True
720.0665 	EXP 	polygon: autoDraw = False
720.4510 	EXP 	Device response: <KeyPress from None: t=720.4490473999176, value=space, duration=None>
720.4526 	DATA 	Keypress: space
720.4664 	EXP 	polygon: autoDraw = False
720.4664 	EXP 	polygon_2: autoDraw = False
720.5689 	EXP 	Device response: <KeyPress from None: t=720.4490473999176, value=space, duration=0.11788769997656345>
721.1505 	EXP 	Sound sound_1 reached end of file
721.1669 	EXP 	Playing sound sound_1 on speaker Speakers (Realtek(R) Audio)
721.4695 	EXP 	Sound sound_1 stopped
721.4815 	EXP 	text: autoDraw = True
721.4815 	EXP 	textbox: autoDraw = True
721.8350 	DATA 	Keypress: 9
721.8485 	EXP 	Device response: <KeyPress from None: t=721.8323099999689, value=9, duration=None>
721.9486 	EXP 	Device response: <KeyPress from None: t=721.8323099999689, value=9, duration=0.10144879994913936>
722.0489 	DATA 	Keypress: 0
722.0497 	EXP 	Device response: <KeyPress from None: t=722.0366402999498, value=0, duration=None>
722.1488 	EXP 	Device response: <KeyPress from None: t=722.0366402999498, value=0, duration=0.09869550005532801>
722.1987 	DATA 	Keypress: 0
722.1993 	EXP 	Device response: <KeyPress from None: t=722.1934643997811, value=0, duration=None>
722.2824 	EXP 	Device response: <KeyPress from None: t=722.1934643997811, value=0, duration=0.08215230004861951>
723.1332 	DATA 	Mouse: Left button down, pos=(617,158)
723.1486 	EXP 	New trial (rep=3, index=17): <Trial 161 (17 in rep 3) data={'delay': 0.1, 'freq': 1000, 'condition': 'exp', 'thisN': 161, 'thisTrialN': 17, 'thisRepN': 3}>
723.1639 	EXP 	text: autoDraw = False
723.1639 	EXP 	textbox: autoDraw = False
723.1639 	EXP 	polygon: autoDraw = True
723.3672 	DATA 	Mouse:  Left button up, pos=(617,158)
724.1646 	INFO 	Keyboard events cleared
724.1644 	EXP 	polygon: autoDraw = False
724.1644 	EXP 	polygon_2: autoDraw = True
724.4643 	EXP 	Device response: <KeyPress from None: t=724.4618410998955, value=space, duration=None>
724.4667 	DATA 	Keypress: space
724.4798 	EXP 	polygon: autoDraw = False
724.4798 	EXP 	polygon_2: autoDraw = False
724.5476 	EXP 	Sound sound_1 reached end of file
724.5639 	EXP 	Playing sound sound_1 on speaker Speakers (Realtek(R) Audio)
724.5798 	EXP 	Device response: <KeyPress from None: t=724.4618410998955, value=space, duration=0.11497189989313483>
724.8580 	EXP 	Sound sound_1 stopped
724.8786 	EXP 	text: autoDraw = True
724.8786 	EXP 	textbox: autoDraw = True
725.2628 	DATA 	Keypress: 1
725.2634 	EXP 	Device response: <KeyPress from None: t=725.2624180999119, value=1, duration=None>
725.3631 	EXP 	Device response: <KeyPress from None: t=725.2624180999119, value=1, duration=0.09804890002124012>
725.4625 	DATA 	Keypress: 1
725.4632 	EXP 	Device response: <KeyPress from None: t=725.4534533999395, value=1, duration=None>
725.5796 	EXP 	Device response: <KeyPress from None: t=725.4534533999395, value=1, duration=0.12076039984822273>
726.5118 	DATA 	Mouse: Left button down, pos=(617,158)
726.5123 	EXP 	New trial (rep=3, index=18): <Trial 162 (18 in rep 3) data={'delay': 0.1, 'freq': 400, 'condition': 'unexp', 'thisN': 162, 'thisTrialN': 18, 'thisRepN': 3}>
726.5279 	EXP 	text: autoDraw = False
726.5279 	EXP 	textbox: autoDraw = False
726.5279 	EXP 	polygon: autoDraw = True
726.7311 	DATA 	Mouse:  Left button up, pos=(617,158)
727.5286 	INFO 	Keyboard events cleared
727.5284 	EXP 	polygon: autoDraw = False
727.5284 	EXP 	polygon_2: autoDraw = True
728.0281 	EXP 	Device response: <KeyPress from None: t=728.014093299862, value=space, duration=None>
728.0296 	DATA 	Keypress: space
728.0438 	EXP 	polygon: autoDraw = False
728.0438 	EXP 	polygon_2: autoDraw = False
728.1109 	EXP 	Sound sound_1 reached end of file
728.1273 	EXP 	Playing sound sound_1 on speaker Speakers (Realtek(R) Audio)
728.1280 	EXP 	Device response: <KeyPress from None: t=728.014093299862, value=space, duration=0.10851050005294383>
728.4163 	EXP 	Sound sound_1 stopped
728.4261 	EXP 	text: autoDraw = True
728.4261 	EXP 	textbox: autoDraw = True
728.8428 	DATA 	Keypress: 1
728.8435 	EXP 	Device response: <KeyPress from None: t=728.8316923999228, value=1, duration=None>
728.9932 	EXP 	Device response: <KeyPress from None: t=728.8316923999228, value=1, duration=0.15483530005440116>
729.9592 	DATA 	Keypress: 7
729.9600 	EXP 	Device response: <KeyPress from None: t=729.9534562998451, value=7, duration=None>
730.0923 	EXP 	Device response: <KeyPress from None: t=729.9534562998451, value=7, duration=0.1278129001148045>
730.1419 	DATA 	Keypress: 0
730.1426 	EXP 	Device response: <KeyPress from None: t=730.136277699843, value=0, duration=None>
730.2749 	EXP 	Device response: <KeyPress from None: t=730.136277699843, value=0, duration=0.12437470001168549>
731.2078 	DATA 	Mouse: Left button down, pos=(617,158)
731.2082 	EXP 	New trial (rep=3, index=19): <Trial 163 (19 in rep 3) data={'delay': 0.4, 'freq': 400, 'condition': 'unexp', 'thisN': 163, 'thisTrialN': 19, 'thisRepN': 3}>
731.2240 	EXP 	text: autoDraw = False
731.2240 	EXP 	textbox: autoDraw = False
731.2240 	EXP 	polygon: autoDraw = True
731.4259 	DATA 	Mouse:  Left button up, pos=(617,158)
732.2088 	INFO 	Keyboard events cleared
732.2086 	EXP 	polygon_2: autoDraw = True
732.2231 	EXP 	polygon: autoDraw = False
732.4739 	EXP 	Device response: <KeyPress from None: t=732.4668422997929, value=space, duration=None>
732.4758 	DATA 	Keypress: space
732.4897 	EXP 	polygon: autoDraw = False
732.4897 	EXP 	polygon_2: autoDraw = False
732.6408 	EXP 	Device response: <KeyPress from None: t=732.4668422997929, value=space, duration=0.15777980000711977>
732.8583 	EXP 	Sound sound_1 reached end of file
732.8746 	EXP 	Playing sound sound_1 on speaker Speakers (Realtek(R) Audio)
733.1790 	EXP 	Sound sound_1 stopped
733.1888 	EXP 	text: autoDraw = True
733.1888 	EXP 	textbox: autoDraw = True
733.6058 	DATA 	Keypress: 9
733.6064 	EXP 	Device response: <KeyPress from None: t=733.6010973998345, value=9, duration=None>
733.7226 	EXP 	Device response: <KeyPress from None: t=733.6010973998345, value=9, duration=0.10881710005924106>
733.7891 	DATA 	Keypress: 9
733.7902 	EXP 	Device response: <KeyPress from None: t=733.7798603998963, value=9, duration=None>
733.9064 	EXP 	Device response: <KeyPress from None: t=733.7798603998963, value=9, duration=0.12268269993364811>
733.9720 	DATA 	Keypress: 9
733.9727 	EXP 	Device response: <KeyPress from None: t=733.9667159998789, value=9, duration=None>
734.0723 	EXP 	Device response: <KeyPress from None: t=733.9667159998789, value=9, duration=0.09838659991510212>
734.8074 	DATA 	Mouse: Left button down, pos=(617,158)
734.8217 	EXP 	New trial (rep=3, index=20): <Trial 164 (20 in rep 3) data={'delay': 0.1, 'freq': 400, 'condition': 'unexp', 'thisN': 164, 'thisTrialN': 20, 'thisRepN': 3}>
734.8379 	EXP 	text: autoDraw = False
734.8379 	EXP 	textbox: autoDraw = False
734.8379 	EXP 	polygon: autoDraw = True
735.0412 	DATA 	Mouse:  Left button up, pos=(617,158)
735.8213 	INFO 	Keyboard events cleared
735.8211 	EXP 	polygon_2: autoDraw = True
735.8377 	EXP 	polygon: autoDraw = False
736.1050 	EXP 	Device response: <KeyPress from None: t=736.0914992999751, value=space, duration=None>
736.1073 	DATA 	Keypress: space
736.1205 	EXP 	polygon: autoDraw = False
736.1205 	EXP 	polygon_2: autoDraw = False
736.1880 	EXP 	Sound sound_1 reached end of file
736.2043 	EXP 	Playing sound sound_1 on speaker Speakers (Realtek(R) Audio)
736.2559 	EXP 	Device response: <KeyPress from None: t=736.0914992999751, value=space, duration=0.16002839989960194>
736.5011 	EXP 	Sound sound_1 stopped
736.5187 	EXP 	text: autoDraw = True
736.5187 	EXP 	textbox: autoDraw = True
736.9233 	DATA 	Keypress: 9
736.9362 	EXP 	Device response: <KeyPress from None: t=736.9227208998054, value=9, duration=None>
737.0369 	EXP 	Device response: <KeyPress from None: t=736.9227208998054, value=9, duration=0.10287549998611212>
737.5691 	DATA 	Keypress: backspace
737.5696 	EXP 	Device response: <KeyPress from None: t=737.5676810999867, value=backspace, duration=None>
737.7027 	EXP 	Device response: <KeyPress from None: t=737.5676810999867, value=backspace, duration=0.13396539981476963>
737.7523 	DATA 	Keypress: 1
737.7530 	EXP 	Device response: <KeyPress from None: t=737.7459511999041, value=1, duration=None>
737.8869 	EXP 	Device response: <KeyPress from None: t=737.7459511999041, value=1, duration=0.12812020001001656>
738.1693 	DATA 	Keypress: 0
738.1699 	EXP 	Device response: <KeyPress from None: t=738.1584101999179, value=0, duration=None>
738.2692 	EXP 	Device response: <KeyPress from None: t=738.1584101999179, value=0, duration=0.09795349999330938>
738.3185 	DATA 	Keypress: 0
738.3192 	EXP 	Device response: <KeyPress from None: t=738.3128190999851, value=0, duration=None>
738.4188 	EXP 	Device response: <KeyPress from None: t=738.3128190999851, value=0, duration=0.10168869979679585>
739.3212 	DATA 	Mouse: Left button down, pos=(617,158)
739.3346 	EXP 	New trial (rep=3, index=21): <Trial 165 (21 in rep 3) data={'delay': 0.4, 'freq': 400, 'condition': 'unexp', 'thisN': 165, 'thisTrialN': 21, 'thisRepN': 3}>
739.3506 	EXP 	text: autoDraw = False
739.3506 	EXP 	textbox: autoDraw = False
739.3506 	EXP 	polygon: autoDraw = True
739.5534 	DATA 	Mouse:  Left button up, pos=(617,158)
740.3340 	INFO 	Keyboard events cleared
740.3339 	EXP 	polygon_2: autoDraw = True
740.3509 	EXP 	polygon: autoDraw = False
740.6002 	EXP 	Device response: <KeyPress from None: t=740.5971531998366, value=space, duration=None>
740.6014 	DATA 	Keypress: space
740.6170 	EXP 	polygon: autoDraw = False
740.6170 	EXP 	polygon_2: autoDraw = False
740.7506 	EXP 	Device response: <KeyPress from None: t=740.5971531998366, value=space, duration=0.14324560016393661>
740.9840 	EXP 	Sound sound_1 reached end of file
741.0003 	EXP 	Playing sound sound_1 on speaker Speakers (Realtek(R) Audio)
741.2976 	EXP 	Sound sound_1 stopped
741.3148 	EXP 	text: autoDraw = True
741.3148 	EXP 	textbox: autoDraw = True
742.5150 	DATA 	Keypress: 0
742.5156 	EXP 	Device response: <KeyPress from None: t=742.5064854999073, value=0, duration=None>
742.5987 	EXP 	Device response: <KeyPress from None: t=742.5064854999073, value=0, duration=0.08139459998346865>
742.9343 	DATA 	Keypress: backspace
742.9481 	EXP 	Device response: <KeyPress from None: t=742.9332917998545, value=backspace, duration=None>
743.0156 	EXP 	Device response: <KeyPress from None: t=742.9332917998545, value=backspace, duration=0.06890429998748004>
743.1811 	DATA 	Keypress: 5
743.1817 	EXP 	Device response: <KeyPress from None: t=743.1768328999169, value=5, duration=None>
743.2813 	DATA 	Keypress: 0
743.2819 	EXP 	Device response: <KeyPress from None: t=743.2780219998676, value=0, duration=None>
743.2982 	EXP 	Device response: <KeyPress from None: t=743.1768328999169, value=5, duration=0.1148431000765413>
743.4146 	EXP 	Device response: <KeyPress from None: t=743.2780219998676, value=0, duration=0.13147770008072257>
743.4812 	DATA 	Keypress: 0
743.4822 	EXP 	Device response: <KeyPress from None: t=743.4730738999788, value=0, duration=None>
743.5649 	EXP 	Device response: <KeyPress from None: t=743.4730738999788, value=0, duration=0.07806349988095462>
744.3800 	DATA 	Mouse: Left button down, pos=(617,158)
744.3805 	EXP 	New trial (rep=3, index=22): <Trial 166 (22 in rep 3) data={'delay': 0.1, 'freq': 1000, 'condition': 'exp', 'thisN': 166, 'thisTrialN': 22, 'thisRepN': 3}>
744.3968 	EXP 	text: autoDraw = False
744.3968 	EXP 	textbox: autoDraw = False
744.3968 	EXP 	polygon: autoDraw = True
744.5986 	DATA 	Mouse:  Left button up, pos=(617,158)
745.3801 	INFO 	Keyboard events cleared
745.3800 	EXP 	polygon_2: autoDraw = True
745.3963 	EXP 	polygon: autoDraw = False
745.6624 	EXP 	Device response: <KeyPress from None: t=745.649482099805, value=space, duration=None>
745.6633 	DATA 	Keypress: space
745.6793 	EXP 	polygon: autoDraw = False
745.6793 	EXP 	polygon_2: autoDraw = False
745.7472 	EXP 	Sound sound_1 reached end of file
745.7634 	EXP 	Playing sound sound_1 on speaker Speakers (Realtek(R) Audio)
745.8630 	EXP 	Device response: <KeyPress from None: t=745.649482099805, value=space, duration=0.21308860019780695>
746.0582 	EXP 	Sound sound_1 stopped
746.0778 	EXP 	text: autoDraw = True
746.0778 	EXP 	textbox: autoDraw = True
746.7283 	DATA 	Keypress: 1
746.7289 	EXP 	Device response: <KeyPress from None: t=746.7163454999682, value=1, duration=None>
746.8458 	EXP 	Device response: <KeyPress from None: t=746.7163454999682, value=1, duration=0.1186744999140501>
747.0448 	DATA 	Keypress: 0
747.0454 	EXP 	Device response: <KeyPress from None: t=747.0333994999528, value=0, duration=None>
747.1617 	EXP 	Device response: <KeyPress from None: t=747.0333994999528, value=0, duration=0.11797719984315336>
747.2445 	DATA 	Keypress: 0
747.2453 	EXP 	Device response: <KeyPress from None: t=747.2354582999833, value=0, duration=None>
747.3442 	EXP 	Device response: <KeyPress from None: t=747.2354582999833, value=0, duration=0.09506189986132085>
748.3766 	DATA 	Mouse: Left button down, pos=(617,158)
748.3771 	EXP 	New trial (rep=3, index=23): <Trial 167 (23 in rep 3) data={'delay': 0.1, 'freq': 1000, 'condition': 'exp', 'thisN': 167, 'thisTrialN': 23, 'thisRepN': 3}>
748.3933 	EXP 	text: autoDraw = False
748.3933 	EXP 	textbox: autoDraw = False
748.3933 	EXP 	polygon: autoDraw = True
748.5951 	DATA 	Mouse:  Left button up, pos=(617,158)
749.3760 	INFO 	Keyboard events cleared
749.3758 	EXP 	polygon_2: autoDraw = True
749.3924 	EXP 	polygon: autoDraw = False
749.6761 	EXP 	Device response: <KeyPress from None: t=749.6663511998486, value=space, duration=None>
749.6774 	DATA 	Keypress: space
749.6922 	EXP 	polygon: autoDraw = False
749.6922 	EXP 	polygon_2: autoDraw = False
749.7598 	EXP 	Sound sound_1 reached end of file
749.7762 	EXP 	Playing sound sound_1 on speaker Speakers (Realtek(R) Audio)
749.8261 	EXP 	Device response: <KeyPress from None: t=749.6663511998486, value=space, duration=0.15393980010412633>
750.0723 	EXP 	Sound sound_1 stopped
750.0908 	EXP 	text: autoDraw = True
750.0908 	EXP 	textbox: autoDraw = True
750.3420 	DATA 	Keypress: 1
750.3426 	EXP 	Device response: <KeyPress from None: t=750.3397860999685, value=1, duration=None>
750.4590 	DATA 	Keypress: 0
750.4606 	EXP 	Device response: <KeyPress from None: t=750.4558407999575, value=0, duration=None>
750.4606 	EXP 	Device response: <KeyPress from None: t=750.3397860999685, value=1, duration=0.11605469998903573>
750.5592 	EXP 	Device response: <KeyPress from None: t=750.4558407999575, value=0, duration=0.09629789995960891>
750.6086 	DATA 	Keypress: 0
750.6093 	EXP 	Device response: <KeyPress from None: t=750.6050907999743, value=0, duration=None>
750.7090 	EXP 	Device response: <KeyPress from None: t=750.6050907999743, value=0, duration=0.0952841998077929>
751.5081 	DATA 	Mouse: Left button down, pos=(617,158)
751.5086 	EXP 	New trial (rep=3, index=24): <Trial 168 (24 in rep 3) data={'delay': 0.4, 'freq': 1000, 'condition': 'exp', 'thisN': 168, 'thisTrialN': 24, 'thisRepN': 3}>
751.5240 	EXP 	text: autoDraw = False
751.5240 	EXP 	textbox: autoDraw = False
751.5240 	EXP 	polygon: autoDraw = True
751.7429 	DATA 	Mouse:  Left button up, pos=(617,158)
752.5241 	INFO 	Keyboard events cleared
752.5240 	EXP 	polygon: autoDraw = False
752.5240 	EXP 	polygon_2: autoDraw = True
752.8739 	DATA 	Mouse: Left button down, pos=(617,158)
752.9743 	EXP 	Device response: <KeyPress from None: t=752.9715429998469, value=space, duration=None>
752.9763 	DATA 	Keypress: space
752.9898 	EXP 	polygon: autoDraw = False
752.9898 	EXP 	polygon_2: autoDraw = False
753.0914 	DATA 	Mouse:  Left button up, pos=(617,158)
753.1238 	EXP 	Device response: <KeyPress from None: t=752.9715429998469, value=space, duration=0.14442569995298982>
753.3573 	EXP 	Sound sound_1 reached end of file
753.3736 	EXP 	Playing sound sound_1 on speaker Speakers (Realtek(R) Audio)
753.6763 	EXP 	Sound sound_1 stopped
753.6887 	EXP 	text: autoDraw = True
753.6887 	EXP 	textbox: autoDraw = True
753.7572 	DATA 	Keypress: 1
753.7579 	EXP 	Device response: <KeyPress from None: t=753.750368299894, value=1, duration=None>
753.8902 	EXP 	Device response: <KeyPress from None: t=753.750368299894, value=1, duration=0.13098759995773435>
753.9391 	DATA 	Keypress: 0
753.9399 	EXP 	Device response: <KeyPress from None: t=753.9356641999912, value=0, duration=None>
754.0397 	EXP 	Device response: <KeyPress from None: t=753.9356641999912, value=0, duration=0.10032059997320175>
754.1057 	DATA 	Keypress: 0
754.1063 	EXP 	Device response: <KeyPress from None: t=754.1024850998074, value=0, duration=None>
754.2060 	EXP 	Device response: <KeyPress from None: t=754.1024850998074, value=0, duration=0.09787070006132126>
755.0046 	DATA 	Mouse: Left button down, pos=(617,158)
755.0051 	EXP 	New trial (rep=3, index=25): <Trial 169 (25 in rep 3) data={'delay': 0.1, 'freq': 1000, 'condition': 'exp', 'thisN': 169, 'thisTrialN': 25, 'thisRepN': 3}>
755.0209 	EXP 	text: autoDraw = False
755.0209 	EXP 	textbox: autoDraw = False
755.0209 	EXP 	polygon: autoDraw = True
755.2241 	DATA 	Mouse:  Left button up, pos=(617,158)
756.0051 	INFO 	Keyboard events cleared
756.0049 	EXP 	polygon_2: autoDraw = True
756.0212 	EXP 	polygon: autoDraw = False
756.7208 	EXP 	Device response: <KeyPress from None: t=756.7158380998299, value=space, duration=None>
756.7222 	DATA 	Keypress: space
756.7368 	EXP 	polygon: autoDraw = False
756.7368 	EXP 	polygon_2: autoDraw = False
756.8038 	EXP 	Sound sound_1 reached end of file
756.8202 	EXP 	Playing sound sound_1 on speaker Speakers (Realtek(R) Audio)
756.8709 	EXP 	Device response: <KeyPress from None: t=756.7158380998299, value=space, duration=0.1410382001195103>
757.1184 	EXP 	Sound sound_1 stopped
757.1353 	EXP 	text: autoDraw = True
757.1353 	EXP 	textbox: autoDraw = True
757.4062 	DATA 	Keypress: 1
757.4192 	EXP 	Device response: <KeyPress from None: t=757.4059317999054, value=1, duration=None>
757.5371 	EXP 	Device response: <KeyPress from None: t=757.4059317999054, value=1, duration=0.11810619989410043>
757.5861 	DATA 	Keypress: 0
757.5867 	EXP 	Device response: <KeyPress from None: t=757.5746587999165, value=0, duration=None>
757.6366 	EXP 	Device response: <KeyPress from None: t=757.5746587999165, value=0, duration=0.058796900091692805>
757.7027 	DATA 	Keypress: 0
757.7039 	EXP 	Device response: <KeyPress from None: t=757.6996343999635, value=0, duration=None>
757.8031 	EXP 	Device response: <KeyPress from None: t=757.6996343999635, value=0, duration=0.09524029982276261>
759.1013 	DATA 	Mouse: Left button down, pos=(617,158)
759.1018 	EXP 	New trial (rep=3, index=26): <Trial 170 (26 in rep 3) data={'delay': 0.4, 'freq': 1000, 'condition': 'exp', 'thisN': 170, 'thisTrialN': 26, 'thisRepN': 3}>
759.1176 	EXP 	text: autoDraw = False
759.1176 	EXP 	textbox: autoDraw = False
759.1176 	EXP 	polygon: autoDraw = True
759.3200 	DATA 	Mouse:  Left button up, pos=(617,158)
760.1012 	INFO 	Keyboard events cleared
760.1010 	EXP 	polygon_2: autoDraw = True
760.1181 	EXP 	polygon: autoDraw = False
760.4017 	EXP 	Device response: <KeyPress from None: t=760.388539499836, value=space, duration=None>
760.4034 	DATA 	Keypress: space
760.4169 	EXP 	polygon: autoDraw = False
760.4169 	EXP 	polygon_2: autoDraw = False
760.5346 	EXP 	Device response: <KeyPress from None: t=760.388539499836, value=space, duration=0.14073820016346872>
760.8008 	EXP 	Sound sound_1 reached end of file
760.8172 	EXP 	Playing sound sound_1 on speaker Speakers (Realtek(R) Audio)
761.1200 	EXP 	Sound sound_1 stopped
761.1319 	EXP 	text: autoDraw = True
761.1319 	EXP 	textbox: autoDraw = True
761.4530 	DATA 	Keypress: 1
761.4662 	EXP 	Device response: <KeyPress from None: t=761.4527046999428, value=1, duration=None>
761.5825 	EXP 	Device response: <KeyPress from None: t=761.4527046999428, value=1, duration=0.11492449999786913>
761.8324 	DATA 	Keypress: 5
761.8330 	EXP 	Device response: <KeyPress from None: t=761.83147799992, value=5, duration=None>
761.9666 	EXP 	Device response: <KeyPress from None: t=761.83147799992, value=5, duration=0.13186129997484386>
761.9995 	DATA 	Keypress: 0
762.0001 	EXP 	Device response: <KeyPress from None: t=761.9920093999244, value=0, duration=None>
762.1162 	EXP 	Device response: <KeyPress from None: t=761.9920093999244, value=0, duration=0.121220099972561>
763.1480 	DATA 	Mouse: Left button down, pos=(617,158)
763.1486 	EXP 	New trial (rep=3, index=27): <Trial 171 (27 in rep 3) data={'delay': 0.7, 'freq': 400, 'condition': 'unexp', 'thisN': 171, 'thisTrialN': 27, 'thisRepN': 3}>
763.1641 	EXP 	text: autoDraw = False
763.1641 	EXP 	textbox: autoDraw = False
763.1641 	EXP 	polygon: autoDraw = True
763.3827 	DATA 	Mouse:  Left button up, pos=(617,158)
764.1484 	INFO 	Keyboard events cleared
764.1483 	EXP 	polygon_2: autoDraw = True
764.1645 	EXP 	polygon: autoDraw = False
764.4648 	EXP 	Device response: <KeyPress from None: t=764.4584526999388, value=space, duration=None>
764.4665 	DATA 	Keypress: space
764.4807 	EXP 	polygon: autoDraw = False
764.4807 	EXP 	polygon_2: autoDraw = False
764.6301 	EXP 	Device response: <KeyPress from None: t=764.4584526999388, value=space, duration=0.16260699997656047>
765.1479 	EXP 	Sound sound_1 reached end of file
765.1642 	EXP 	Playing sound sound_1 on speaker Speakers (Realtek(R) Audio)
765.4600 	EXP 	Sound sound_1 stopped
765.4787 	EXP 	text: autoDraw = True
765.4787 	EXP 	textbox: autoDraw = True
766.5459 	DATA 	Keypress: 8
766.5471 	EXP 	Device response: <KeyPress from None: t=766.545564699918, value=8, duration=None>
766.6623 	EXP 	Device response: <KeyPress from None: t=766.545564699918, value=8, duration=0.11418300005607307>
766.7950 	DATA 	Keypress: 0
766.7959 	EXP 	Device response: <KeyPress from None: t=766.7858854997903, value=0, duration=None>
766.8950 	EXP 	Device response: <KeyPress from None: t=766.7858854997903, value=0, duration=0.09516490017995238>
766.9450 	DATA 	Keypress: 0
766.9458 	EXP 	Device response: <KeyPress from None: t=766.9403824999463, value=0, duration=None>
767.0286 	EXP 	Device response: <KeyPress from None: t=766.9403824999463, value=0, duration=0.0752687999047339>
768.0776 	DATA 	Mouse: Left button down, pos=(617,158)
768.0781 	EXP 	New trial (rep=3, index=28): <Trial 172 (28 in rep 3) data={'delay': 0.7, 'freq': 400, 'condition': 'unexp', 'thisN': 172, 'thisTrialN': 28, 'thisRepN': 3}>
768.0937 	EXP 	text: autoDraw = False
768.0937 	EXP 	textbox: autoDraw = False
768.0937 	EXP 	polygon: autoDraw = True
768.3117 	DATA 	Mouse:  Left button up, pos=(617,158)
769.0938 	INFO 	Keyboard events cleared
769.0937 	EXP 	polygon: autoDraw = False
769.0937 	EXP 	polygon_2: autoDraw = True
769.2610 	EXP 	Device response: <KeyPress from None: t=769.2595669999719, value=space, duration=None>
769.2626 	DATA 	Keypress: space
769.2759 	EXP 	polygon: autoDraw = False
769.2759 	EXP 	polygon_2: autoDraw = False
769.4267 	EXP 	Device response: <KeyPress from None: t=769.2595669999719, value=space, duration=0.1642523999325931>
769.9602 	EXP 	Sound sound_1 reached end of file
769.9765 	EXP 	Playing sound sound_1 on speaker Speakers (Realtek(R) Audio)
770.2782 	EXP 	Sound sound_1 stopped
770.2911 	EXP 	text: autoDraw = True
770.2911 	EXP 	textbox: autoDraw = True
770.4421 	DATA 	Keypress: 9
770.4429 	EXP 	Device response: <KeyPress from None: t=770.4336631000042, value=9, duration=None>
770.5434 	EXP 	Device response: <KeyPress from None: t=770.4336631000042, value=9, duration=0.10210579982958734>
770.7963 	DATA 	Keypress: 0
770.8097 	EXP 	Device response: <KeyPress from None: t=770.7948916999158, value=0, duration=None>
770.9256 	EXP 	Device response: <KeyPress from None: t=770.7948916999158, value=0, duration=0.12508390005677938>
770.9929 	DATA 	Keypress: 0
770.9942 	EXP 	Device response: <KeyPress from None: t=770.9806428998709, value=0, duration=None>
771.0759 	EXP 	Device response: <KeyPress from None: t=770.9806428998709, value=0, duration=0.09196690004318953>
771.9409 	DATA 	Mouse: Left button down, pos=(617,158)
771.9414 	EXP 	New trial (rep=3, index=29): <Trial 173 (29 in rep 3) data={'delay': 0.4, 'freq': 400, 'condition': 'unexp', 'thisN': 173, 'thisTrialN': 29, 'thisRepN': 3}>
771.9571 	EXP 	text: autoDraw = False
771.9571 	EXP 	textbox: autoDraw = False
771.9571 	EXP 	polygon: autoDraw = True
772.1608 	DATA 	Mouse:  Left button up, pos=(617,158)
772.9400 	INFO 	Keyboard events cleared
772.9399 	EXP 	polygon_2: autoDraw = True
772.9568 	EXP 	polygon: autoDraw = False
773.2074 	EXP 	Device response: <KeyPress from None: t=773.2035941998474, value=space, duration=None>
773.2089 	DATA 	Keypress: space
773.2227 	EXP 	polygon: autoDraw = False
773.2227 	EXP 	polygon_2: autoDraw = False
773.3579 	EXP 	Device response: <KeyPress from None: t=773.2035941998474, value=space, duration=0.1443595001474023>
773.6068 	EXP 	Sound sound_1 reached end of file
773.6233 	EXP 	Playing sound sound_1 on speaker Speakers (Realtek(R) Audio)
773.9206 	EXP 	Sound sound_1 stopped
773.9379 	EXP 	text: autoDraw = True
773.9379 	EXP 	textbox: autoDraw = True
774.1749 	DATA 	Keypress: 5
774.1891 	EXP 	Device response: <KeyPress from None: t=774.173444399843, value=5, duration=None>
774.3227 	EXP 	Device response: <KeyPress from None: t=774.173444399843, value=5, duration=0.13835120014846325>
774.4220 	DATA 	Keypress: 0
774.4226 	EXP 	Device response: <KeyPress from None: t=774.4209956999402, value=0, duration=None>
774.5389 	EXP 	Device response: <KeyPress from None: t=774.4209956999402, value=0, duration=0.10137109993956983>
774.6054 	DATA 	Keypress: 0
774.6063 	EXP 	Device response: <KeyPress from None: t=774.5950070999097, value=0, duration=None>
774.6722 	EXP 	Device response: <KeyPress from None: t=774.5950070999097, value=0, duration=0.07203399995341897>
775.6878 	DATA 	Mouse: Left button down, pos=(617,158)
775.6883 	EXP 	New trial (rep=3, index=30): <Trial 174 (30 in rep 3) data={'delay': 0.1, 'freq': 400, 'condition': 'unexp', 'thisN': 174, 'thisTrialN': 30, 'thisRepN': 3}>
775.7041 	EXP 	text: autoDraw = False
775.7041 	EXP 	textbox: autoDraw = False
775.7041 	EXP 	polygon: autoDraw = True
775.9236 	DATA 	Mouse:  Left button up, pos=(617,158)
776.6876 	INFO 	Keyboard events cleared
776.6874 	EXP 	polygon_2: autoDraw = True
776.7040 	EXP 	polygon: autoDraw = False
776.9380 	EXP 	Device response: <KeyPress from None: t=776.9346646999475, value=space, duration=None>
776.9396 	DATA 	Keypress: space
776.9531 	EXP 	polygon: autoDraw = False
776.9531 	EXP 	polygon_2: autoDraw = False
777.0209 	EXP 	Sound sound_1 reached end of file
777.0373 	EXP 	Playing sound sound_1 on speaker Speakers (Realtek(R) Audio)
777.0875 	EXP 	Device response: <KeyPress from None: t=776.9346646999475, value=space, duration=0.15158649999648333>
777.3384 	EXP 	Sound sound_1 stopped
777.3516 	EXP 	text: autoDraw = True
777.3516 	EXP 	textbox: autoDraw = True
777.7029 	DATA 	Keypress: 5
777.7035 	EXP 	Device response: <KeyPress from None: t=777.6913255997933, value=5, duration=None>
777.8029 	DATA 	Keypress: 0
777.8038 	EXP 	Device response: <KeyPress from None: t=777.7972837998532, value=0, duration=None>
777.8364 	EXP 	Device response: <KeyPress from None: t=777.6913255997933, value=5, duration=0.12861750018782914>
777.9034 	EXP 	Device response: <KeyPress from None: t=777.7972837998532, value=0, duration=0.0921626000199467>
777.9697 	DATA 	Keypress: 0
777.9705 	EXP 	Device response: <KeyPress from None: t=777.9586721998639, value=0, duration=None>
778.0361 	EXP 	Device response: <KeyPress from None: t=777.9586721998639, value=0, duration=0.0619072001427412>
778.9684 	DATA 	Mouse: Left button down, pos=(617,158)
778.9689 	EXP 	New trial (rep=3, index=31): <Trial 175 (31 in rep 3) data={'delay': 0.7, 'freq': 400, 'condition': 'unexp', 'thisN': 175, 'thisTrialN': 31, 'thisRepN': 3}>
778.9849 	EXP 	text: autoDraw = False
778.9849 	EXP 	textbox: autoDraw = False
778.9849 	EXP 	polygon: autoDraw = True
779.1886 	DATA 	Mouse:  Left button up, pos=(617,158)
779.9686 	INFO 	Keyboard events cleared
779.9684 	EXP 	polygon_2: autoDraw = True
779.9848 	EXP 	polygon: autoDraw = False
781.5834 	EXP 	Device response: <KeyPress from None: t=781.5793110998347, value=space, duration=None>
781.5850 	DATA 	Keypress: space
781.5990 	EXP 	polygon: autoDraw = False
781.5990 	EXP 	polygon_2: autoDraw = False
781.6339 	EXP 	Device response: <KeyPress from None: t=781.5793110998347, value=space, duration=0.03995170001871884>
782.2668 	EXP 	Sound sound_1 reached end of file
782.2831 	EXP 	Playing sound sound_1 on speaker Speakers (Realtek(R) Audio)
782.5800 	EXP 	Sound sound_1 stopped
782.5980 	EXP 	text: autoDraw = True
782.5980 	EXP 	textbox: autoDraw = True
782.8151 	DATA 	Keypress: 9
782.8158 	EXP 	Device response: <KeyPress from None: t=782.8137787999585, value=9, duration=None>
782.9155 	EXP 	Device response: <KeyPress from None: t=782.8137787999585, value=9, duration=0.09228529990650713>
783.0151 	DATA 	Keypress: 0
783.0159 	EXP 	Device response: <KeyPress from None: t=783.0118355997838, value=0, duration=None>
783.1156 	EXP 	Device response: <KeyPress from None: t=783.0118355997838, value=0, duration=0.10119010019116104>
783.1815 	DATA 	Keypress: 0
783.1821 	EXP 	Device response: <KeyPress from None: t=783.1685432000086, value=0, duration=None>
783.2656 	EXP 	Device response: <KeyPress from None: t=783.1685432000086, value=0, duration=0.08537579979747534>
784.5970 	DATA 	Mouse: Left button down, pos=(617,158)
784.5975 	EXP 	New trial (rep=3, index=32): <Trial 176 (32 in rep 3) data={'delay': 0.7, 'freq': 400, 'condition': 'unexp', 'thisN': 176, 'thisTrialN': 32, 'thisRepN': 3}>
784.6134 	EXP 	text: autoDraw = False
784.6134 	EXP 	textbox: autoDraw = False
784.6134 	EXP 	polygon: autoDraw = True
784.8174 	DATA 	Mouse:  Left button up, pos=(617,158)
785.6131 	INFO 	Keyboard events cleared
785.6129 	EXP 	polygon: autoDraw = False
785.6129 	EXP 	polygon_2: autoDraw = True
785.9787 	EXP 	Device response: <KeyPress from None: t=785.9663782999851, value=space, duration=None>
785.9797 	DATA 	Keypress: space
785.9952 	EXP 	polygon: autoDraw = False
785.9952 	EXP 	polygon_2: autoDraw = False
786.1119 	EXP 	Device response: <KeyPress from None: t=785.9663782999851, value=space, duration=0.13817309984005988>
786.6627 	EXP 	Sound sound_1 reached end of file
786.6791 	EXP 	Playing sound sound_1 on speaker Speakers (Realtek(R) Audio)
786.9840 	EXP 	Sound sound_1 stopped
786.9947 	EXP 	text: autoDraw = True
786.9947 	EXP 	textbox: autoDraw = True
787.4449 	DATA 	Keypress: 9
787.4458 	EXP 	Device response: <KeyPress from None: t=787.4426959999837, value=9, duration=None>
787.5780 	EXP 	Device response: <KeyPress from None: t=787.4426959999837, value=9, duration=0.12006649980321527>
787.6612 	DATA 	Keypress: 9
787.6620 	EXP 	Device response: <KeyPress from None: t=787.6511212999467, value=9, duration=None>
787.7609 	EXP 	Device response: <KeyPress from None: t=787.6511212999467, value=9, duration=0.0954197000246495>
787.9441 	DATA 	Keypress: 0
787.9449 	EXP 	Device response: <KeyPress from None: t=787.9402175999712, value=0, duration=None>
788.0612 	EXP 	Device response: <KeyPress from None: t=787.9402175999712, value=0, duration=0.10735980002209544>
789.3949 	DATA 	Mouse: Left button down, pos=(617,158)
789.4097 	EXP 	New trial (rep=3, index=33): <Trial 177 (33 in rep 3) data={'delay': 0.7, 'freq': 400, 'condition': 'unexp', 'thisN': 177, 'thisTrialN': 33, 'thisRepN': 3}>
789.4259 	EXP 	text: autoDraw = False
789.4259 	EXP 	textbox: autoDraw = False
789.4259 	EXP 	polygon: autoDraw = True
789.6130 	DATA 	Mouse:  Left button up, pos=(617,158)
790.4092 	INFO 	Keyboard events cleared
790.4090 	EXP 	polygon_2: autoDraw = True
790.4261 	EXP 	polygon: autoDraw = False
790.7598 	EXP 	Device response: <KeyPress from None: t=790.7486447999254, value=space, duration=None>
790.7613 	DATA 	Keypress: space
790.7748 	EXP 	polygon: autoDraw = False
790.7748 	EXP 	polygon_2: autoDraw = False
790.8922 	EXP 	Device response: <KeyPress from None: t=790.7486447999254, value=space, duration=0.13474819995462894>
791.4594 	EXP 	Sound sound_1 reached end of file
791.4757 	EXP 	Playing sound sound_1 on speaker Speakers (Realtek(R) Audio)
791.7782 	EXP 	Sound sound_1 stopped
791.7901 	EXP 	text: autoDraw = True
791.7901 	EXP 	textbox: autoDraw = True
792.8071 	DATA 	Keypress: 1
792.8076 	EXP 	Device response: <KeyPress from None: t=792.7947166999802, value=1, duration=None>
792.9405 	EXP 	Device response: <KeyPress from None: t=792.7947166999802, value=1, duration=0.1409831999335438>
793.0067 	DATA 	Keypress: 0
793.0073 	EXP 	Device response: <KeyPress from None: t=792.9965798999183, value=0, duration=None>
793.0905 	EXP 	Device response: <KeyPress from None: t=792.9965798999183, value=0, duration=0.08585919998586178>
793.1586 	DATA 	Keypress: 0
793.1732 	EXP 	Device response: <KeyPress from None: t=793.1570437999908, value=0, duration=None>
793.2401 	EXP 	Device response: <KeyPress from None: t=793.1570437999908, value=0, duration=0.08227139990776777>
794.2058 	DATA 	Mouse: Left button down, pos=(617,158)
794.2063 	EXP 	New trial (rep=3, index=34): <Trial 178 (34 in rep 3) data={'delay': 0.7, 'freq': 1000, 'condition': 'exp', 'thisN': 178, 'thisTrialN': 34, 'thisRepN': 3}>
794.2222 	EXP 	text: autoDraw = False
794.2222 	EXP 	textbox: autoDraw = False
794.2222 	EXP 	polygon: autoDraw = True
794.4247 	DATA 	Mouse:  Left button up, pos=(617,158)
795.2053 	INFO 	Keyboard events cleared
795.2052 	EXP 	polygon_2: autoDraw = True
795.2221 	EXP 	polygon: autoDraw = False
795.4883 	EXP 	Device response: <KeyPress from None: t=795.4806049999315, value=space, duration=None>
795.4894 	DATA 	Keypress: space
795.5044 	EXP 	polygon: autoDraw = False
795.5044 	EXP 	polygon_2: autoDraw = False
795.6391 	EXP 	Device response: <KeyPress from None: t=795.4806049999315, value=space, duration=0.14579019998200238>
796.1717 	EXP 	Sound sound_1 reached end of file
796.1880 	EXP 	Playing sound sound_1 on speaker Speakers (Realtek(R) Audio)
796.4905 	EXP 	Sound sound_1 stopped
796.5030 	EXP 	text: autoDraw = True
796.5030 	EXP 	textbox: autoDraw = True
796.8534 	DATA 	Keypress: 1
796.8540 	EXP 	Device response: <KeyPress from None: t=796.8503068999853, value=1, duration=None>
796.9706 	EXP 	Device response: <KeyPress from None: t=796.8503068999853, value=1, duration=0.11482429993338883>
796.9868 	DATA 	Keypress: 0
796.9877 	EXP 	Device response: <KeyPress from None: t=796.9845490998123, value=0, duration=None>
797.0872 	EXP 	Device response: <KeyPress from None: t=796.9845490998123, value=0, duration=0.10193330002948642>
797.1537 	DATA 	Keypress: 0
797.1544 	EXP 	Device response: <KeyPress from None: t=797.153272899799, value=0, duration=None>
797.2370 	EXP 	Device response: <KeyPress from None: t=797.153272899799, value=0, duration=0.0747817000374198>
798.5714 	DATA 	Mouse: Left button down, pos=(617,158)
798.5858 	EXP 	New trial (rep=3, index=35): <Trial 179 (35 in rep 3) data={'delay': 0.4, 'freq': 1000, 'condition': 'exp', 'thisN': 179, 'thisTrialN': 35, 'thisRepN': 3}>
798.6019 	EXP 	text: autoDraw = False
798.6019 	EXP 	textbox: autoDraw = False
798.6019 	EXP 	polygon: autoDraw = True
798.8051 	DATA 	Mouse:  Left button up, pos=(617,158)
799.6013 	INFO 	Keyboard events cleared
799.6012 	EXP 	polygon: autoDraw = False
799.6012 	EXP 	polygon_2: autoDraw = True
800.3862 	DATA 	Keypress: space
800.4015 	EXP 	Device response: <KeyPress from None: t=800.3856836999767, value=space, duration=None>
800.4181 	EXP 	polygon: autoDraw = False
800.4181 	EXP 	polygon_2: autoDraw = False
800.4520 	EXP 	Device response: <KeyPress from None: t=800.3856836999767, value=space, duration=0.0626680999994278>
800.7849 	EXP 	Sound sound_1 reached end of file
800.8011 	EXP 	Playing sound sound_1 on speaker Speakers (Realtek(R) Audio)
801.0975 	EXP 	Sound sound_1 stopped
801.1159 	EXP 	text: autoDraw = True
801.1159 	EXP 	textbox: autoDraw = True
801.2863 	DATA 	Keypress: 1
801.2999 	EXP 	Device response: <KeyPress from None: t=801.284077799879, value=1, duration=None>
801.4342 	EXP 	Device response: <KeyPress from None: t=801.284077799879, value=1, duration=0.14559699990786612>
801.4665 	DATA 	Keypress: 0
801.4672 	EXP 	Device response: <KeyPress from None: t=801.4542631998193, value=0, duration=None>
801.5829 	EXP 	Device response: <KeyPress from None: t=801.4542631998193, value=0, duration=0.11431360011920333>
801.6331 	DATA 	Keypress: 0
801.6338 	EXP 	Device response: <KeyPress from None: t=801.6322849998251, value=0, duration=None>
801.7169 	EXP 	Device response: <KeyPress from None: t=801.6322849998251, value=0, duration=0.0823013000190258>
802.7848 	DATA 	Mouse: Left button down, pos=(617,158)
802.7993 	EXP 	New trial (rep=3, index=36): <Trial 180 (36 in rep 3) data={'delay': 0.7, 'freq': 1000, 'condition': 'exp', 'thisN': 180, 'thisTrialN': 36, 'thisRepN': 3}>
802.8151 	EXP 	text: autoDraw = False
802.8151 	EXP 	textbox: autoDraw = False
802.8151 	EXP 	polygon: autoDraw = True
803.0185 	DATA 	Mouse:  Left button up, pos=(617,158)
803.7987 	INFO 	Keyboard events cleared
803.7986 	EXP 	polygon_2: autoDraw = True
803.8150 	EXP 	polygon: autoDraw = False
804.0668 	DATA 	Keypress: space
804.0816 	EXP 	Device response: <KeyPress from None: t=804.0660633998923, value=space, duration=None>
804.0972 	EXP 	polygon: autoDraw = False
804.0972 	EXP 	polygon_2: autoDraw = False
804.1986 	EXP 	Device response: <KeyPress from None: t=804.0660633998923, value=space, duration=0.12599410000257194>
804.7646 	EXP 	Sound sound_1 reached end of file
804.7809 	EXP 	Playing sound sound_1 on speaker Speakers (Realtek(R) Audio)
805.0148 	EXP 	Device response: <KeyPress from None: t=805.0138437999412, value=9, duration=None>
805.0159 	DATA 	Keypress: 9
805.0772 	EXP 	Sound sound_1 stopped
805.0957 	EXP 	text: autoDraw = True
805.0957 	EXP 	textbox: autoDraw = True
805.1473 	EXP 	Device response: <KeyPress from None: t=805.0138437999412, value=9, duration=0.1281597998458892>
805.3964 	DATA 	Keypress: 0
805.3970 	EXP 	Device response: <KeyPress from None: t=805.3853949999902, value=0, duration=None>
805.4969 	EXP 	Device response: <KeyPress from None: t=805.3853949999902, value=0, duration=0.10139489988796413>
805.9461 	DATA 	Keypress: backspace
805.9467 	EXP 	Device response: <KeyPress from None: t=805.9397364999168, value=backspace, duration=None>
806.1299 	EXP 	Device response: <KeyPress from None: t=805.9397364999168, value=backspace, duration=0.1801644000224769>
806.4294 	DATA 	Keypress: 0
806.4300 	EXP 	Device response: <KeyPress from None: t=806.428951599868, value=0, duration=None>
806.5621 	EXP 	Device response: <KeyPress from None: t=806.428951599868, value=0, duration=0.11822460009716451>
806.7648 	DATA 	Keypress: backspace
806.7792 	EXP 	Device response: <KeyPress from None: t=806.7640681997873, value=backspace, duration=None>
806.8957 	EXP 	Device response: <KeyPress from None: t=806.7640681997873, value=backspace, duration=0.13111479999497533>
807.0815 	DATA 	Keypress: 9
807.0951 	EXP 	Device response: <KeyPress from None: t=807.0806404999457, value=9, duration=None>
807.2459 	EXP 	Device response: <KeyPress from None: t=807.0806404999457, value=9, duration=0.16160760005004704>
807.3303 	DATA 	Keypress: 0
807.3450 	EXP 	Device response: <KeyPress from None: t=807.3291536998004, value=0, duration=None>
807.4473 	EXP 	Device response: <KeyPress from None: t=807.3291536998004, value=0, duration=0.10874780011363328>
807.4979 	DATA 	Keypress: 0
807.5116 	EXP 	Device response: <KeyPress from None: t=807.4969791998155, value=0, duration=None>
807.5954 	EXP 	Device response: <KeyPress from None: t=807.4969791998155, value=0, duration=0.09488570014946163>
808.5303 	DATA 	Mouse: Left button down, pos=(617,158)
808.5443 	EXP 	New trial (rep=3, index=37): <Trial 181 (37 in rep 3) data={'delay': 0.1, 'freq': 1000, 'condition': 'exp', 'thisN': 181, 'thisTrialN': 37, 'thisRepN': 3}>
808.5601 	EXP 	text: autoDraw = False
808.5601 	EXP 	textbox: autoDraw = False
808.5601 	EXP 	polygon: autoDraw = True
808.7630 	DATA 	Mouse:  Left button up, pos=(617,158)
809.5439 	INFO 	Keyboard events cleared
809.5437 	EXP 	polygon_2: autoDraw = True
809.5597 	EXP 	polygon: autoDraw = False
809.8110 	DATA 	Keypress: space
809.8264 	EXP 	Device response: <KeyPress from None: t=809.8105380998459, value=space, duration=None>
809.8426 	EXP 	polygon: autoDraw = False
809.8426 	EXP 	polygon_2: autoDraw = False
809.9100 	EXP 	Sound sound_1 reached end of file
809.9264 	EXP 	Playing sound sound_1 on speaker Speakers (Realtek(R) Audio)
809.9438 	EXP 	Device response: <KeyPress from None: t=809.8105380998459, value=space, duration=0.12178139993920922>
810.2230 	EXP 	Sound sound_1 stopped
810.2415 	EXP 	text: autoDraw = True
810.2415 	EXP 	textbox: autoDraw = True
810.9753 	DATA 	Keypress: 1
810.9759 	EXP 	Device response: <KeyPress from None: t=810.9665090998169, value=1, duration=None>
811.0947 	DATA 	Keypress: 0
811.1088 	EXP 	Device response: <KeyPress from None: t=811.0941633998882, value=0, duration=None>
811.1264 	EXP 	Device response: <KeyPress from None: t=810.9665090998169, value=1, duration=0.1477205001283437>
811.1759 	EXP 	Device response: <KeyPress from None: t=811.0941633998882, value=0, duration=0.06921579991467297>
811.2417 	DATA 	Keypress: 0
811.2429 	EXP 	Device response: <KeyPress from None: t=811.2379055998754, value=0, duration=None>
811.3422 	EXP 	Device response: <KeyPress from None: t=811.2379055998754, value=0, duration=0.09206730010919273>
812.2244 	DATA 	Mouse: Left button down, pos=(617,158)
812.2249 	EXP 	New trial (rep=3, index=38): <Trial 182 (38 in rep 3) data={'delay': 0.4, 'freq': 1000, 'condition': 'exp', 'thisN': 182, 'thisTrialN': 38, 'thisRepN': 3}>
812.2404 	EXP 	text: autoDraw = False
812.2404 	EXP 	textbox: autoDraw = False
812.2404 	EXP 	polygon: autoDraw = True
812.4598 	DATA 	Mouse:  Left button up, pos=(617,158)
813.2405 	INFO 	Keyboard events cleared
813.2403 	EXP 	polygon: autoDraw = False
813.2403 	EXP 	polygon_2: autoDraw = True
813.5731 	EXP 	Device response: <KeyPress from None: t=813.5674034999683, value=space, duration=None>
813.5743 	DATA 	Keypress: space
813.5895 	EXP 	polygon: autoDraw = False
813.5895 	EXP 	polygon_2: autoDraw = False
813.7406 	EXP 	Device response: <KeyPress from None: t=813.5674034999683, value=space, duration=0.15735429991036654>
813.9575 	EXP 	Sound sound_1 reached end of file
813.9738 	EXP 	Playing sound sound_1 on speaker Speakers (Realtek(R) Audio)
814.2695 	EXP 	Sound sound_1 stopped
814.2883 	EXP 	text: autoDraw = True
814.2883 	EXP 	textbox: autoDraw = True
814.7055 	DATA 	Keypress: 9
814.7062 	EXP 	Device response: <KeyPress from None: t=814.7005499999505, value=9, duration=None>
814.8229 	EXP 	Device response: <KeyPress from None: t=814.7005499999505, value=9, duration=0.11761109996587038>
814.9391 	DATA 	Keypress: 0
814.9397 	EXP 	Device response: <KeyPress from None: t=814.9271982999053, value=0, duration=None>
815.0223 	EXP 	Device response: <KeyPress from None: t=814.9271982999053, value=0, duration=0.09222240000963211>
815.1068 	DATA 	Keypress: 0
815.1219 	EXP 	Device response: <KeyPress from None: t=815.1065281999763, value=0, duration=None>
815.1725 	EXP 	Device response: <KeyPress from None: t=815.1065281999763, value=0, duration=0.053320799954235554>
816.2377 	DATA 	Mouse: Left button down, pos=(617,158)
816.2382 	EXP 	New trial (rep=3, index=39): <Trial 183 (39 in rep 3) data={'delay': 0.4, 'freq': 400, 'condition': 'unexp', 'thisN': 183, 'thisTrialN': 39, 'thisRepN': 3}>
816.2539 	EXP 	text: autoDraw = False
816.2539 	EXP 	textbox: autoDraw = False
816.2539 	EXP 	polygon: autoDraw = True
816.4571 	DATA 	Mouse:  Left button up, pos=(617,158)
817.2375 	INFO 	Keyboard events cleared
817.2373 	EXP 	polygon_2: autoDraw = True
817.2534 	EXP 	polygon: autoDraw = False
817.5207 	EXP 	Device response: <KeyPress from None: t=817.5201132998336, value=space, duration=None>
817.5222 	DATA 	Keypress: space
817.5365 	EXP 	polygon: autoDraw = False
817.5365 	EXP 	polygon_2: autoDraw = False
817.6870 	EXP 	Device response: <KeyPress from None: t=817.5201132998336, value=space, duration=0.16358350007794797>
817.9045 	EXP 	Sound sound_1 reached end of file
817.9208 	EXP 	Playing sound sound_1 on speaker Speakers (Realtek(R) Audio)
818.2204 	EXP 	Sound sound_1 stopped
818.2350 	EXP 	text: autoDraw = True
818.2350 	EXP 	textbox: autoDraw = True
818.7721 	DATA 	Keypress: 8
818.7855 	EXP 	Device response: <KeyPress from None: t=818.771877199877, value=8, duration=None>
818.8851 	EXP 	Device response: <KeyPress from None: t=818.771877199877, value=8, duration=0.09903710009530187>
819.0045 	DATA 	Keypress: 0
819.0187 	EXP 	Device response: <KeyPress from None: t=819.0039491998032, value=0, duration=None>
819.0860 	EXP 	Device response: <KeyPress from None: t=819.0039491998032, value=0, duration=0.07589590013958514>
819.1524 	DATA 	Keypress: 0
819.1531 	EXP 	Device response: <KeyPress from None: t=819.1503715999424, value=0, duration=None>
819.2532 	EXP 	Device response: <KeyPress from None: t=819.1503715999424, value=0, duration=0.09573900001123548>
820.3842 	DATA 	Mouse: Left button down, pos=(617,158)
820.3847 	EXP 	New trial (rep=3, index=40): <Trial 184 (40 in rep 3) data={'delay': 0.4, 'freq': 400, 'condition': 'unexp', 'thisN': 184, 'thisTrialN': 40, 'thisRepN': 3}>
820.4009 	EXP 	text: autoDraw = False
820.4009 	EXP 	textbox: autoDraw = False
820.4009 	EXP 	polygon: autoDraw = True
820.6032 	DATA 	Mouse:  Left button up, pos=(617,158)
821.3841 	INFO 	Keyboard events cleared
821.3840 	EXP 	polygon_2: autoDraw = True
821.4004 	EXP 	polygon: autoDraw = False
821.7341 	EXP 	Device response: <KeyPress from None: t=821.7334870998748, value=space, duration=None>
821.7357 	DATA 	Keypress: space
821.7497 	EXP 	polygon: autoDraw = False
821.7497 	EXP 	polygon_2: autoDraw = False
821.9017 	EXP 	Device response: <KeyPress from None: t=821.7334870998748, value=space, duration=0.16194829996675253>
822.1175 	EXP 	Sound sound_1 reached end of file
822.1338 	EXP 	Playing sound sound_1 on speaker Speakers (Realtek(R) Audio)
822.4291 	EXP 	Sound sound_1 stopped
822.4485 	EXP 	text: autoDraw = True
822.4485 	EXP 	textbox: autoDraw = True
822.9988 	DATA 	Keypress: 2
822.9994 	EXP 	Device response: <KeyPress from None: t=822.9896658000071, value=2, duration=None>
823.1325 	EXP 	Device response: <KeyPress from None: t=822.9896658000071, value=2, duration=0.14035339979454875>
823.1654 	DATA 	Keypress: 0
823.1661 	EXP 	Device response: <KeyPress from None: t=823.155165300006, value=0, duration=None>
823.2498 	EXP 	Device response: <KeyPress from None: t=823.155165300006, value=0, duration=0.08130269986577332>
823.3154 	DATA 	Keypress: 0
823.3160 	EXP 	Device response: <KeyPress from None: t=823.3074985998683, value=0, duration=None>
823.4156 	EXP 	Device response: <KeyPress from None: t=823.3074985998683, value=0, duration=0.09564539999701083>
824.2314 	DATA 	Mouse: Left button down, pos=(617,158)
824.2319 	EXP 	New trial (rep=3, index=41): <Trial 185 (41 in rep 3) data={'delay': 0.1, 'freq': 400, 'condition': 'unexp', 'thisN': 185, 'thisTrialN': 41, 'thisRepN': 3}>
824.2476 	EXP 	text: autoDraw = False
824.2476 	EXP 	textbox: autoDraw = False
824.2476 	EXP 	polygon: autoDraw = True
824.4671 	DATA 	Mouse:  Left button up, pos=(617,158)
825.2476 	INFO 	Keyboard events cleared
825.2474 	EXP 	polygon: autoDraw = False
825.2474 	EXP 	polygon_2: autoDraw = True
825.6328 	EXP 	Device response: <KeyPress from None: t=825.6212656998541, value=space, duration=None>
825.6345 	DATA 	Keypress: space
825.6467 	EXP 	polygon: autoDraw = False
825.6467 	EXP 	polygon_2: autoDraw = False
825.7307 	EXP 	Sound sound_1 reached end of file
825.7471 	EXP 	Playing sound sound_1 on speaker Speakers (Realtek(R) Audio)
825.7478 	EXP 	Device response: <KeyPress from None: t=825.6212656998541, value=space, duration=0.11446860013529658>
826.0484 	EXP 	Sound sound_1 stopped
826.0619 	EXP 	text: autoDraw = True
826.0619 	EXP 	textbox: autoDraw = True
826.7292 	DATA 	Keypress: 2
826.7299 	EXP 	Device response: <KeyPress from None: t=826.7275929998141, value=2, duration=None>
826.8625 	EXP 	Device response: <KeyPress from None: t=826.7275929998141, value=2, duration=0.1251244000159204>
826.8962 	DATA 	Keypress: 0
826.8974 	EXP 	Device response: <KeyPress from None: t=826.8860519998707, value=0, duration=None>
826.9794 	EXP 	Device response: <KeyPress from None: t=826.8860519998707, value=0, duration=0.08599129994399846>
827.0455 	DATA 	Keypress: 0
827.0462 	EXP 	Device response: <KeyPress from None: t=827.0440634998959, value=0, duration=None>
827.1300 	EXP 	Device response: <KeyPress from None: t=827.0440634998959, value=0, duration=0.07602629996836185>
828.5306 	DATA 	Mouse: Left button down, pos=(617,158)
828.5444 	EXP 	New trial (rep=3, index=42): <Trial 186 (42 in rep 3) data={'delay': 0.7, 'freq': 1000, 'condition': 'exp', 'thisN': 186, 'thisTrialN': 42, 'thisRepN': 3}>
828.5608 	EXP 	text: autoDraw = False
828.5608 	EXP 	textbox: autoDraw = False
828.5608 	EXP 	polygon: autoDraw = True
828.7638 	DATA 	Mouse:  Left button up, pos=(617,158)
829.5444 	INFO 	Keyboard events cleared
829.5442 	EXP 	polygon_2: autoDraw = True
829.5605 	EXP 	polygon: autoDraw = False
829.8100 	EXP 	Device response: <KeyPress from None: t=829.7953074998222, value=space, duration=None>
829.8117 	DATA 	Keypress: space
829.8273 	EXP 	polygon: autoDraw = False
829.8273 	EXP 	polygon_2: autoDraw = False
829.9104 	EXP 	Device response: <KeyPress from None: t=829.7953074998222, value=space, duration=0.10803410015068948>
830.4938 	EXP 	Sound sound_1 reached end of file
830.5101 	EXP 	Playing sound sound_1 on speaker Speakers (Realtek(R) Audio)
830.8065 	EXP 	Sound sound_1 stopped
830.8247 	EXP 	text: autoDraw = True
830.8247 	EXP 	textbox: autoDraw = True
830.9780 	DATA 	Keypress: 9
830.9921 	EXP 	Device response: <KeyPress from None: t=830.9767526998185, value=9, duration=None>
831.0921 	EXP 	Device response: <KeyPress from None: t=830.9767526998185, value=9, duration=0.0990463001653552>
831.1920 	DATA 	Keypress: 0
831.1926 	EXP 	Device response: <KeyPress from None: t=831.1840486999135, value=0, duration=None>
831.2925 	EXP 	Device response: <KeyPress from None: t=831.1840486999135, value=0, duration=0.09661759994924068>
831.3286 	DATA 	Keypress: 0
831.3419 	EXP 	Device response: <KeyPress from None: t=831.3281903997995, value=0, duration=None>
831.4422 	EXP 	Device response: <KeyPress from None: t=831.3281903997995, value=0, duration=0.10495649999938905>
832.2080 	DATA 	Mouse: Left button down, pos=(617,158)
832.2085 	EXP 	New trial (rep=3, index=43): <Trial 187 (43 in rep 3) data={'delay': 0.7, 'freq': 400, 'condition': 'unexp', 'thisN': 187, 'thisTrialN': 43, 'thisRepN': 3}>
832.2241 	EXP 	text: autoDraw = False
832.2241 	EXP 	textbox: autoDraw = False
832.2241 	EXP 	polygon: autoDraw = True
832.4269 	DATA 	Mouse:  Left button up, pos=(617,158)
833.2083 	INFO 	Keyboard events cleared
833.2080 	EXP 	polygon_2: autoDraw = True
833.2244 	EXP 	polygon: autoDraw = False
833.8237 	EXP 	Device response: <KeyPress from None: t=833.8128854997922, value=space, duration=None>
833.8253 	DATA 	Keypress: space
833.8394 	EXP 	polygon: autoDraw = False
833.8394 	EXP 	polygon_2: autoDraw = False
833.9403 	EXP 	Device response: <KeyPress from None: t=833.8128854997922, value=space, duration=0.12120970012620091>
834.5071 	EXP 	Sound sound_1 reached end of file
834.5234 	EXP 	Playing sound sound_1 on speaker Speakers (Realtek(R) Audio)
834.8311 	EXP 	Sound sound_1 stopped
834.8546 	EXP 	text: autoDraw = True
834.8546 	EXP 	textbox: autoDraw = True
835.3718 	DATA 	Keypress: 7
835.3726 	EXP 	Device response: <KeyPress from None: t=835.363018399803, value=7, duration=None>
835.4716 	EXP 	Device response: <KeyPress from None: t=835.363018399803, value=7, duration=0.09442700003273785>
835.6888 	DATA 	Keypress: 0
835.6894 	EXP 	Device response: <KeyPress from None: t=835.6870659999549, value=0, duration=None>
835.7886 	EXP 	Device response: <KeyPress from None: t=835.6870659999549, value=0, duration=0.0884302998892963>
835.8717 	DATA 	Keypress: 0
835.8726 	EXP 	Device response: <KeyPress from None: t=835.8664775998332, value=0, duration=None>
835.9553 	EXP 	Device response: <KeyPress from None: t=835.8664775998332, value=0, duration=0.08528010011650622>
837.0727 	DATA 	Mouse: Left button down, pos=(617,158)
837.0878 	EXP 	New trial (rep=3, index=44): <Trial 188 (44 in rep 3) data={'delay': 0.4, 'freq': 400, 'condition': 'unexp', 'thisN': 188, 'thisTrialN': 44, 'thisRepN': 3}>
837.1033 	EXP 	text: autoDraw = False
837.1033 	EXP 	textbox: autoDraw = False
837.1033 	EXP 	polygon: autoDraw = True
837.3060 	DATA 	Mouse:  Left button up, pos=(617,158)
838.0865 	INFO 	Keyboard events cleared
838.0864 	EXP 	polygon_2: autoDraw = True
838.1033 	EXP 	polygon: autoDraw = False
838.4195 	EXP 	Device response: <KeyPress from None: t=838.4147128998302, value=space, duration=None>
838.4207 	DATA 	Keypress: space
838.4362 	EXP 	polygon: autoDraw = False
838.4362 	EXP 	polygon_2: autoDraw = False
838.5690 	EXP 	Device response: <KeyPress from None: t=838.4147128998302, value=space, duration=0.15020600007846951>
838.8029 	EXP 	Sound sound_1 reached end of file
838.8193 	EXP 	Playing sound sound_1 on speaker Speakers (Realtek(R) Audio)
839.1174 	EXP 	Sound sound_1 stopped
839.1346 	EXP 	text: autoDraw = True
839.1346 	EXP 	textbox: autoDraw = True
839.8375 	DATA 	Keypress: 8
839.8516 	EXP 	Device response: <KeyPress from None: t=839.8368453998119, value=8, duration=None>
839.9362 	EXP 	Device response: <KeyPress from None: t=839.8368453998119, value=8, duration=0.0963529001455754>
840.2364 	DATA 	Keypress: 0
840.2511 	EXP 	Device response: <KeyPress from None: t=840.2357738998253, value=0, duration=None>
840.3184 	EXP 	Device response: <KeyPress from None: t=840.2357738998253, value=0, duration=0.06910830014385283>
840.4013 	DATA 	Keypress: 0
840.4019 	EXP 	Device response: <KeyPress from None: t=840.4000794999301, value=0, duration=None>
840.4685 	EXP 	Device response: <KeyPress from None: t=840.4000794999301, value=0, duration=0.06572919990867376>
841.2337 	DATA 	Mouse: Left button down, pos=(617,158)
841.2342 	EXP 	New trial (rep=3, index=45): <Trial 189 (45 in rep 3) data={'delay': 0.4, 'freq': 400, 'condition': 'unexp', 'thisN': 189, 'thisTrialN': 45, 'thisRepN': 3}>
841.2500 	EXP 	text: autoDraw = False
841.2500 	EXP 	textbox: autoDraw = False
841.2500 	EXP 	polygon: autoDraw = True
841.4526 	DATA 	Mouse:  Left button up, pos=(617,158)
842.2338 	INFO 	Keyboard events cleared
842.2337 	EXP 	polygon_2: autoDraw = True
842.2500 	EXP 	polygon: autoDraw = False
842.5000 	EXP 	Device response: <KeyPress from None: t=842.4843047999311, value=space, duration=None>
842.5014 	DATA 	Keypress: space
842.5164 	EXP 	polygon: autoDraw = False
842.5164 	EXP 	polygon_2: autoDraw = False
842.5995 	EXP 	Device response: <KeyPress from None: t=842.4843047999311, value=space, duration=0.11475469986908138>
842.8828 	EXP 	Sound sound_1 reached end of file
842.8992 	EXP 	Playing sound sound_1 on speaker Speakers (Realtek(R) Audio)
843.2007 	EXP 	Sound sound_1 stopped
843.2143 	EXP 	text: autoDraw = True
843.2143 	EXP 	textbox: autoDraw = True
843.5988 	DATA 	Keypress: 9
843.5994 	EXP 	Device response: <KeyPress from None: t=843.5869181999005, value=9, duration=None>
843.6992 	EXP 	Device response: <KeyPress from None: t=843.5869181999005, value=9, duration=0.10182169987820089>
843.8149 	DATA 	Keypress: 0
843.8157 	EXP 	Device response: <KeyPress from None: t=843.8085941998288, value=0, duration=None>
843.9152 	EXP 	Device response: <KeyPress from None: t=843.8085941998288, value=0, duration=0.09442050009965897>
843.9648 	DATA 	Keypress: 0
843.9658 	EXP 	Device response: <KeyPress from None: t=843.9580259998329, value=0, duration=None>
844.0647 	EXP 	Device response: <KeyPress from None: t=843.9580259998329, value=0, duration=0.09146609995514154>
844.8838 	DATA 	Mouse: Left button down, pos=(617,158)
844.8978 	EXP 	New trial (rep=3, index=46): <Trial 190 (46 in rep 3) data={'delay': 0.4, 'freq': 1000, 'condition': 'exp', 'thisN': 190, 'thisTrialN': 46, 'thisRepN': 3}>
844.9136 	EXP 	text: autoDraw = False
844.9136 	EXP 	textbox: autoDraw = False
844.9136 	EXP 	polygon: autoDraw = True
845.1155 	DATA 	Mouse:  Left button up, pos=(617,158)
845.8974 	INFO 	Keyboard events cleared
845.8972 	EXP 	polygon_2: autoDraw = True
845.9134 	EXP 	polygon: autoDraw = False
846.2141 	EXP 	Device response: <KeyPress from None: t=846.2001252998598, value=space, duration=None>
846.2162 	DATA 	Keypress: space
846.2296 	EXP 	polygon: autoDraw = False
846.2296 	EXP 	polygon_2: autoDraw = False
846.3961 	EXP 	Device response: <KeyPress from None: t=846.2001252998598, value=space, duration=0.1837025999557227>
846.6134 	EXP 	Sound sound_1 reached end of file
846.6297 	EXP 	Playing sound sound_1 on speaker Speakers (Realtek(R) Audio)
846.9274 	EXP 	Sound sound_1 stopped
846.9445 	EXP 	text: autoDraw = True
846.9445 	EXP 	textbox: autoDraw = True
847.4290 	DATA 	Keypress: 4
847.4296 	EXP 	Device response: <KeyPress from None: t=847.4236712998245, value=4, duration=None>
847.5957 	EXP 	Device response: <KeyPress from None: t=847.4236712998245, value=4, duration=0.16046230006031692>
847.8288 	DATA 	Keypress: 0
847.8294 	EXP 	Device response: <KeyPress from None: t=847.8255925998092, value=0, duration=None>
847.9457 	EXP 	Device response: <KeyPress from None: t=847.8255925998092, value=0, duration=0.1119011000264436>
848.0448 	DATA 	Keypress: 0
848.0456 	EXP 	Device response: <KeyPress from None: t=848.0376009999309, value=0, duration=None>
848.1117 	EXP 	Device response: <KeyPress from None: t=848.0376009999309, value=0, duration=0.06559480004943907>
849.1106 	DATA 	Mouse: Left button down, pos=(617,158)
849.1111 	EXP 	New trial (rep=3, index=47): <Trial 191 (47 in rep 3) data={'delay': 0.7, 'freq': 1000, 'condition': 'exp', 'thisN': 191, 'thisTrialN': 47, 'thisRepN': 3}>
849.1271 	EXP 	text: autoDraw = False
849.1271 	EXP 	textbox: autoDraw = False
849.1271 	EXP 	polygon: autoDraw = True
849.3298 	DATA 	Mouse:  Left button up, pos=(617,158)
850.1275 	INFO 	Keyboard events cleared
850.1273 	EXP 	polygon: autoDraw = False
850.1273 	EXP 	polygon_2: autoDraw = True
850.4442 	EXP 	Device response: <KeyPress from None: t=850.4404585999437, value=space, duration=None>
850.4456 	DATA 	Keypress: space
850.4600 	EXP 	polygon: autoDraw = False
850.4600 	EXP 	polygon_2: autoDraw = False
850.6103 	EXP 	Device response: <KeyPress from None: t=850.4404585999437, value=space, duration=0.15710749989375472>
851.1436 	EXP 	Sound sound_1 reached end of file
851.1599 	EXP 	Playing sound sound_1 on speaker Speakers (Realtek(R) Audio)
851.4557 	EXP 	Sound sound_1 stopped
851.4742 	EXP 	text: autoDraw = True
851.4742 	EXP 	textbox: autoDraw = True
851.7090 	DATA 	Keypress: 9
851.7096 	EXP 	Device response: <KeyPress from None: t=851.7067963997833, value=9, duration=None>
851.8258 	EXP 	Device response: <KeyPress from None: t=851.7067963997833, value=9, duration=0.11196780018508434>
851.9099 	DATA 	Keypress: 0
851.9250 	EXP 	Device response: <KeyPress from None: t=851.9091213999782, value=0, duration=None>
852.0248 	EXP 	Device response: <KeyPress from None: t=851.9091213999782, value=0, duration=0.10132779995910823>
852.0749 	DATA 	Keypress: 0
852.0757 	EXP 	Device response: <KeyPress from None: t=852.0691241999157, value=0, duration=None>
852.1752 	EXP 	Device response: <KeyPress from None: t=852.0691241999157, value=0, duration=0.09644560003653169>
852.9575 	DATA 	Mouse: Left button down, pos=(617,158)
852.9579 	EXP 	New trial (rep=4, index=0): <Trial 192 (0 in rep 4) data={'delay': 0.7, 'freq': 1000, 'condition': 'exp', 'thisN': 192, 'thisTrialN': 0, 'thisRepN': 4}>
852.9738 	EXP 	text: autoDraw = False
852.9738 	EXP 	textbox: autoDraw = False
852.9738 	EXP 	polygon: autoDraw = True
853.1762 	DATA 	Mouse:  Left button up, pos=(617,158)
853.9576 	INFO 	Keyboard events cleared
853.9575 	EXP 	polygon_2: autoDraw = True
853.9731 	EXP 	polygon: autoDraw = False
854.2234 	EXP 	Device response: <KeyPress from None: t=854.2159137998242, value=space, duration=None>
854.2247 	DATA 	Keypress: space
854.2392 	EXP 	polygon: autoDraw = False
854.2392 	EXP 	polygon_2: autoDraw = False
854.3732 	EXP 	Device response: <KeyPress from None: t=854.2159137998242, value=space, duration=0.14379880018532276>
854.9062 	EXP 	Sound sound_1 reached end of file
854.9226 	EXP 	Playing sound sound_1 on speaker Speakers (Realtek(R) Audio)
855.2189 	EXP 	Sound sound_1 stopped
855.2377 	EXP 	text: autoDraw = True
855.2377 	EXP 	textbox: autoDraw = True
856.0548 	DATA 	Keypress: 2
856.0557 	EXP 	Device response: <KeyPress from None: t=856.0502766999416, value=2, duration=None>
856.2054 	EXP 	Device response: <KeyPress from None: t=856.0502766999416, value=2, duration=0.14414549991488457>
856.4726 	DATA 	Keypress: 0
856.4877 	EXP 	Device response: <KeyPress from None: t=856.4714386998676, value=0, duration=None>
856.5883 	EXP 	Device response: <KeyPress from None: t=856.4714386998676, value=0, duration=0.11169770010747015>
856.6378 	DATA 	Keypress: 0
856.6385 	EXP 	Device response: <KeyPress from None: t=856.6331210997887, value=0, duration=None>
856.7383 	EXP 	Device response: <KeyPress from None: t=856.6331210997887, value=0, duration=0.0912978001870215>
857.6703 	DATA 	Mouse: Left button down, pos=(617,158)
857.6708 	EXP 	New trial (rep=4, index=1): <Trial 193 (1 in rep 4) data={'delay': 0.1, 'freq': 1000, 'condition': 'exp', 'thisN': 193, 'thisTrialN': 1, 'thisRepN': 4}>
857.6863 	EXP 	text: autoDraw = False
857.6863 	EXP 	textbox: autoDraw = False
857.6863 	EXP 	polygon: autoDraw = True
857.8893 	DATA 	Mouse:  Left button up, pos=(617,158)
858.6697 	INFO 	Keyboard events cleared
858.6696 	EXP 	polygon_2: autoDraw = True
858.6862 	EXP 	polygon: autoDraw = False
858.9864 	EXP 	Device response: <KeyPress from None: t=858.9824033000041, value=space, duration=None>
858.9877 	DATA 	Keypress: space
859.0022 	EXP 	polygon: autoDraw = False
859.0022 	EXP 	polygon_2: autoDraw = False
859.0699 	EXP 	Sound sound_1 reached end of file
859.0863 	EXP 	Playing sound sound_1 on speaker Speakers (Realtek(R) Audio)
859.1691 	EXP 	Device response: <KeyPress from None: t=858.9824033000041, value=space, duration=0.17174839996732771>
859.3890 	EXP 	Sound sound_1 stopped
859.4013 	EXP 	text: autoDraw = True
859.4013 	EXP 	textbox: autoDraw = True
859.8849 	DATA 	Keypress: 1
859.8859 	EXP 	Device response: <KeyPress from None: t=859.88038459979, value=1, duration=None>
860.0190 	EXP 	Device response: <KeyPress from None: t=859.88038459979, value=1, duration=0.1314983000047505>
860.3679 	DATA 	Keypress: 0
860.3686 	EXP 	Device response: <KeyPress from None: t=860.3639400999527, value=0, duration=None>
860.4516 	EXP 	Device response: <KeyPress from None: t=860.3639400999527, value=0, duration=0.07717279996722937>
861.4179 	DATA 	Mouse: Left button down, pos=(617,158)
861.4183 	EXP 	New trial (rep=4, index=2): <Trial 194 (2 in rep 4) data={'delay': 0.1, 'freq': 400, 'condition': 'unexp', 'thisN': 194, 'thisTrialN': 2, 'thisRepN': 4}>
861.4334 	EXP 	text: autoDraw = False
861.4334 	EXP 	textbox: autoDraw = False
861.4334 	EXP 	polygon: autoDraw = True
861.6370 	DATA 	Mouse:  Left button up, pos=(617,158)
862.4335 	INFO 	Keyboard events cleared
862.4333 	EXP 	polygon: autoDraw = False
862.4333 	EXP 	polygon_2: autoDraw = True
862.7340 	EXP 	Device response: <KeyPress from None: t=862.7312288999092, value=space, duration=None>
862.7361 	DATA 	Keypress: space
862.7494 	EXP 	polygon: autoDraw = False
862.7494 	EXP 	polygon_2: autoDraw = False
862.8332 	EXP 	Sound sound_1 reached end of file
862.8494 	EXP 	Playing sound sound_1 on speaker Speakers (Realtek(R) Audio)
862.9000 	EXP 	Device response: <KeyPress from None: t=862.7312288999092, value=space, duration=0.1638958000112325>
863.1471 	EXP 	Sound sound_1 stopped
863.1647 	EXP 	text: autoDraw = True
863.1647 	EXP 	textbox: autoDraw = True
864.0150 	DATA 	Keypress: 9
864.0159 	EXP 	Device response: <KeyPress from None: t=864.0037962999195, value=9, duration=None>
864.1315 	EXP 	Device response: <KeyPress from None: t=864.0037962999195, value=9, duration=0.11174859991297126>
864.2150 	DATA 	Keypress: 0
864.2156 	EXP 	Device response: <KeyPress from None: t=864.2116939998232, value=0, duration=None>
864.3320 	EXP 	Device response: <KeyPress from None: t=864.2116939998232, value=0, duration=0.11683890013955534>
864.4313 	DATA 	Keypress: 0
864.4319 	EXP 	Device response: <KeyPress from None: t=864.4231537999585, value=0, duration=None>
864.5319 	EXP 	Device response: <KeyPress from None: t=864.4231537999585, value=0, duration=0.09495439985767007>
865.4139 	DATA 	Mouse: Left button down, pos=(617,158)
865.4144 	EXP 	New trial (rep=4, index=3): <Trial 195 (3 in rep 4) data={'delay': 0.7, 'freq': 1000, 'condition': 'exp', 'thisN': 195, 'thisTrialN': 3, 'thisRepN': 4}>
865.4300 	EXP 	text: autoDraw = False
865.4300 	EXP 	textbox: autoDraw = False
865.4300 	EXP 	polygon: autoDraw = True
865.6336 	DATA 	Mouse:  Left button up, pos=(617,158)
866.4294 	INFO 	Keyboard events cleared
866.4293 	EXP 	polygon: autoDraw = False
866.4293 	EXP 	polygon_2: autoDraw = True
866.6633 	EXP 	Device response: <KeyPress from None: t=866.6561459999066, value=space, duration=None>
866.6654 	DATA 	Keypress: space
866.6791 	EXP 	polygon: autoDraw = False
866.6791 	EXP 	polygon_2: autoDraw = False
866.8464 	EXP 	Device response: <KeyPress from None: t=866.6561459999066, value=space, duration=0.18271930003538728>
867.3465 	EXP 	Sound sound_1 reached end of file
867.3628 	EXP 	Playing sound sound_1 on speaker Speakers (Realtek(R) Audio)
867.6592 	EXP 	Sound sound_1 stopped
867.6779 	EXP 	text: autoDraw = True
867.6779 	EXP 	textbox: autoDraw = True
868.0950 	DATA 	Keypress: 7
868.0958 	EXP 	Device response: <KeyPress from None: t=868.0895395998377, value=7, duration=None>
868.2448 	EXP 	Device response: <KeyPress from None: t=868.0895395998377, value=7, duration=0.1391187000554055>
868.3631 	DATA 	Keypress: 0
868.3783 	EXP 	Device response: <KeyPress from None: t=868.3618895998225, value=0, duration=None>
868.5110 	EXP 	Device response: <KeyPress from None: t=868.3618895998225, value=0, duration=0.1345015000551939>
868.5614 	DATA 	Keypress: 0
868.5621 	EXP 	Device response: <KeyPress from None: t=868.5581963998266, value=0, duration=None>
868.6449 	EXP 	Device response: <KeyPress from None: t=868.5581963998266, value=0, duration=0.07831420004367828>
869.4772 	DATA 	Mouse: Left button down, pos=(617,158)
869.4777 	EXP 	New trial (rep=4, index=4): <Trial 196 (4 in rep 4) data={'delay': 0.4, 'freq': 400, 'condition': 'unexp', 'thisN': 196, 'thisTrialN': 4, 'thisRepN': 4}>
869.4933 	EXP 	text: autoDraw = False
869.4933 	EXP 	textbox: autoDraw = False
869.4933 	EXP 	polygon: autoDraw = True
869.7612 	DATA 	Mouse:  Left button up, pos=(617,158)
869.8281 	DATA 	Mouse: Left button down, pos=(617,158)
869.9794 	DATA 	Mouse:  Left button up, pos=(617,158)
870.4934 	INFO 	Keyboard events cleared
870.4932 	EXP 	polygon: autoDraw = False
870.4932 	EXP 	polygon_2: autoDraw = True
870.7774 	EXP 	Device response: <KeyPress from None: t=870.7753800000064, value=space, duration=None>
870.7791 	DATA 	Keypress: space
870.7925 	EXP 	polygon: autoDraw = False
870.7925 	EXP 	polygon_2: autoDraw = False
870.9271 	EXP 	Device response: <KeyPress from None: t=870.7753800000064, value=space, duration=0.1477902999613434>
871.1760 	EXP 	Sound sound_1 reached end of file
871.1924 	EXP 	Playing sound sound_1 on speaker Speakers (Realtek(R) Audio)
871.4873 	EXP 	Sound sound_1 stopped
871.5080 	EXP 	text: autoDraw = True
871.5080 	EXP 	textbox: autoDraw = True
871.9918 	DATA 	Keypress: 6
871.9924 	EXP 	Device response: <KeyPress from None: t=871.9830719998572, value=6, duration=None>
872.1256 	EXP 	Device response: <KeyPress from None: t=871.9830719998572, value=6, duration=0.13417770015075803>
872.2914 	DATA 	Keypress: 0
872.2924 	EXP 	Device response: <KeyPress from None: t=872.2838048997801, value=0, duration=None>
872.3912 	EXP 	Device response: <KeyPress from None: t=872.2838048997801, value=0, duration=0.09131889999844134>
872.4746 	DATA 	Keypress: 0
872.4756 	EXP 	Device response: <KeyPress from None: t=872.4609295998234, value=0, duration=None>
872.5579 	EXP 	Device response: <KeyPress from None: t=872.4609295998234, value=0, duration=0.08246110007166862>
873.4742 	DATA 	Mouse: Left button down, pos=(617,158)
873.4749 	EXP 	New trial (rep=4, index=5): <Trial 197 (5 in rep 4) data={'delay': 0.4, 'freq': 400, 'condition': 'unexp', 'thisN': 197, 'thisTrialN': 5, 'thisRepN': 4}>
873.4899 	EXP 	text: autoDraw = False
873.4899 	EXP 	textbox: autoDraw = False
873.4899 	EXP 	polygon: autoDraw = True
873.6911 	DATA 	Mouse:  Left button up, pos=(617,158)
874.4738 	INFO 	Keyboard events cleared
874.4736 	EXP 	polygon_2: autoDraw = True
874.4900 	EXP 	polygon: autoDraw = False
874.8232 	EXP 	Device response: <KeyPress from None: t=874.8101670998149, value=space, duration=None>
874.8247 	DATA 	Keypress: space
874.8389 	EXP 	polygon: autoDraw = False
874.8389 	EXP 	polygon_2: autoDraw = False
874.9399 	EXP 	Device response: <KeyPress from None: t=874.8101670998149, value=space, duration=0.11806630017235875>
875.2069 	EXP 	Sound sound_1 reached end of file
875.2233 	EXP 	Playing sound sound_1 on speaker Speakers (Realtek(R) Audio)
875.5172 	EXP 	Sound sound_1 stopped
875.5379 	EXP 	text: autoDraw = True
875.5379 	EXP 	textbox: autoDraw = True
876.2054 	DATA 	Keypress: 5
876.2060 	EXP 	Device response: <KeyPress from None: t=876.2032956997864, value=5, duration=None>
876.3384 	EXP 	Device response: <KeyPress from None: t=876.2032956997864, value=5, duration=0.12740660016424954>
876.6046 	DATA 	Keypress: 0
876.6056 	EXP 	Device response: <KeyPress from None: t=876.5909278998151, value=0, duration=None>
876.6881 	EXP 	Device response: <KeyPress from None: t=876.5909278998151, value=0, duration=0.08234890014864504>
876.7546 	DATA 	Keypress: 0
876.7553 	EXP 	Device response: <KeyPress from None: t=876.7519662999548, value=0, duration=None>
876.8546 	EXP 	Device response: <KeyPress from None: t=876.7519662999548, value=0, duration=0.09570809989236295>
878.0368 	DATA 	Mouse: Left button down, pos=(617,158)
878.0373 	EXP 	New trial (rep=4, index=6): <Trial 198 (6 in rep 4) data={'delay': 0.1, 'freq': 1000, 'condition': 'exp', 'thisN': 198, 'thisTrialN': 6, 'thisRepN': 4}>
878.0530 	EXP 	text: autoDraw = False
878.0530 	EXP 	textbox: autoDraw = False
878.0530 	EXP 	polygon: autoDraw = True
878.2742 	DATA 	Mouse:  Left button up, pos=(617,158)
879.0531 	INFO 	Keyboard events cleared
879.0529 	EXP 	polygon: autoDraw = False
879.0529 	EXP 	polygon_2: autoDraw = True
879.3693 	EXP 	Device response: <KeyPress from None: t=879.3598232998047, value=space, duration=None>
879.3705 	DATA 	Keypress: space
879.3855 	EXP 	polygon: autoDraw = False
879.3855 	EXP 	polygon_2: autoDraw = False
879.4531 	EXP 	Sound sound_1 reached end of file
879.4695 	EXP 	Playing sound sound_1 on speaker Speakers (Realtek(R) Audio)
879.5360 	EXP 	Device response: <KeyPress from None: t=879.3598232998047, value=space, duration=0.1701363001484424>
879.7687 	EXP 	Sound sound_1 stopped
879.7843 	EXP 	text: autoDraw = True
879.7843 	EXP 	textbox: autoDraw = True
880.3849 	DATA 	Keypress: 8
880.3860 	EXP 	Device response: <KeyPress from None: t=880.3827780999709, value=8, duration=None>
880.5182 	EXP 	Device response: <KeyPress from None: t=880.3827780999709, value=8, duration=0.1251508998684585>
880.6847 	DATA 	Keypress: 6
880.6855 	EXP 	Device response: <KeyPress from None: t=880.6740273998585, value=6, duration=None>
880.7353 	EXP 	Device response: <KeyPress from None: t=880.6740273998585, value=6, duration=0.04896620009094477>
881.0541 	DATA 	Keypress: 0
881.0678 	EXP 	Device response: <KeyPress from None: t=881.0538818999194, value=0, duration=None>
881.2014 	EXP 	Device response: <KeyPress from None: t=881.0538818999194, value=0, duration=0.1343360000755638>
882.3665 	DATA 	Mouse: Left button down, pos=(617,158)
882.3671 	EXP 	New trial (rep=4, index=7): <Trial 199 (7 in rep 4) data={'delay': 0.1, 'freq': 400, 'condition': 'unexp', 'thisN': 199, 'thisTrialN': 7, 'thisRepN': 4}>
882.3829 	EXP 	text: autoDraw = False
882.3829 	EXP 	textbox: autoDraw = False
882.3829 	EXP 	polygon: autoDraw = True
882.5847 	DATA 	Mouse:  Left button up, pos=(617,158)
883.3664 	INFO 	Keyboard events cleared
883.3662 	EXP 	polygon_2: autoDraw = True
883.3828 	EXP 	polygon: autoDraw = False
883.6500 	EXP 	Device response: <KeyPress from None: t=883.6363825998269, value=space, duration=None>
883.6522 	DATA 	Keypress: space
883.6654 	EXP 	polygon: autoDraw = False
883.6654 	EXP 	polygon_2: autoDraw = False
883.7330 	EXP 	Sound sound_1 reached end of file
883.7493 	EXP 	Playing sound sound_1 on speaker Speakers (Realtek(R) Audio)
883.7827 	EXP 	Device response: <KeyPress from None: t=883.6363825998269, value=space, duration=0.1327427001670003>
884.0500 	EXP 	Sound sound_1 stopped
884.0641 	EXP 	text: autoDraw = True
884.0641 	EXP 	textbox: autoDraw = True
884.3983 	DATA 	Keypress: 4
884.3988 	EXP 	Device response: <KeyPress from None: t=884.3903457999695, value=4, duration=None>
884.5154 	EXP 	Device response: <KeyPress from None: t=884.3903457999695, value=4, duration=0.11113189999014139>
884.7646 	DATA 	Keypress: 0
884.7655 	EXP 	Device response: <KeyPress from None: t=884.7528871998657, value=0, duration=None>
884.8813 	EXP 	Device response: <KeyPress from None: t=884.7528871998657, value=0, duration=0.11818070011213422>
884.9145 	DATA 	Keypress: 0
884.9152 	EXP 	Device response: <KeyPress from None: t=884.9065357998479, value=0, duration=None>
884.9983 	EXP 	Device response: <KeyPress from None: t=884.9065357998479, value=0, duration=0.08814060012809932>
886.2301 	DATA 	Mouse: Left button down, pos=(617,158)
886.2306 	EXP 	New trial (rep=4, index=8): <Trial 200 (8 in rep 4) data={'delay': 0.7, 'freq': 400, 'condition': 'unexp', 'thisN': 200, 'thisTrialN': 8, 'thisRepN': 4}>
886.2466 	EXP 	text: autoDraw = False
886.2466 	EXP 	textbox: autoDraw = False
886.2466 	EXP 	polygon: autoDraw = True
886.4656 	DATA 	Mouse:  Left button up, pos=(617,158)
887.2298 	INFO 	Keyboard events cleared
887.2297 	EXP 	polygon_2: autoDraw = True
887.2463 	EXP 	polygon: autoDraw = False
887.6461 	EXP 	Device response: <KeyPress from None: t=887.6397462999448, value=space, duration=None>
887.6474 	DATA 	Keypress: space
887.6617 	EXP 	polygon: autoDraw = False
887.6617 	EXP 	polygon_2: autoDraw = False
887.7460 	EXP 	Device response: <KeyPress from None: t=887.6397462999448, value=space, duration=0.10148009983822703>
888.3291 	EXP 	Sound sound_1 reached end of file
888.3455 	EXP 	Playing sound sound_1 on speaker Speakers (Realtek(R) Audio)
888.6466 	EXP 	Sound sound_1 stopped
888.6603 	EXP 	text: autoDraw = True
888.6603 	EXP 	textbox: autoDraw = True
889.1107 	DATA 	Keypress: 8
889.1113 	EXP 	Device response: <KeyPress from None: t=889.1093878999818, value=8, duration=None>
889.2108 	EXP 	Device response: <KeyPress from None: t=889.1093878999818, value=8, duration=0.08672819985076785>
889.3606 	DATA 	Keypress: 0
889.3612 	EXP 	Device response: <KeyPress from None: t=889.3519737999886, value=0, duration=None>
889.4611 	EXP 	Device response: <KeyPress from None: t=889.3519737999886, value=0, duration=0.09837269992567599>
889.5113 	DATA 	Keypress: 0
889.5120 	EXP 	Device response: <KeyPress from None: t=889.5107994999271, value=0, duration=None>
889.6111 	EXP 	Device response: <KeyPress from None: t=889.5107994999271, value=0, duration=0.09551530005410314>
890.5787 	DATA 	Mouse: Left button down, pos=(617,158)
890.5932 	EXP 	New trial (rep=4, index=9): <Trial 201 (9 in rep 4) data={'delay': 0.1, 'freq': 400, 'condition': 'unexp', 'thisN': 201, 'thisTrialN': 9, 'thisRepN': 4}>
890.6092 	EXP 	text: autoDraw = False
890.6092 	EXP 	textbox: autoDraw = False
890.6092 	EXP 	polygon: autoDraw = True
890.8106 	DATA 	Mouse:  Left button up, pos=(617,158)
891.5922 	INFO 	Keyboard events cleared
891.5921 	EXP 	polygon_2: autoDraw = True
891.6093 	EXP 	polygon: autoDraw = False
891.9258 	EXP 	Device response: <KeyPress from None: t=891.9202321998309, value=space, duration=None>
891.9270 	DATA 	Keypress: space
891.9416 	EXP 	polygon: autoDraw = False
891.9416 	EXP 	polygon_2: autoDraw = False
892.0096 	EXP 	Sound sound_1 reached end of file
892.0260 	EXP 	Playing sound sound_1 on speaker Speakers (Realtek(R) Audio)
892.0601 	EXP 	Device response: <KeyPress from None: t=891.9202321998309, value=space, duration=0.13736560009419918>
892.3285 	EXP 	Sound sound_1 stopped
892.3411 	EXP 	text: autoDraw = True
892.3411 	EXP 	textbox: autoDraw = True
892.8578 	DATA 	Keypress: 7
892.8585 	EXP 	Device response: <KeyPress from None: t=892.8493490999099, value=7, duration=None>
892.9584 	EXP 	Device response: <KeyPress from None: t=892.8493490999099, value=7, duration=0.10128629999235272>
893.1076 	DATA 	Keypress: 0
893.1082 	EXP 	Device response: <KeyPress from None: t=893.1009344998747, value=0, duration=None>
893.1911 	EXP 	Device response: <KeyPress from None: t=893.1009344998747, value=0, duration=0.0892197999637574>
893.2578 	DATA 	Keypress: 0
893.2585 	EXP 	Device response: <KeyPress from None: t=893.2444806999993, value=0, duration=None>
893.3415 	EXP 	Device response: <KeyPress from None: t=893.2444806999993, value=0, duration=0.08877779985778034>
894.3069 	DATA 	Mouse: Left button down, pos=(617,158)
894.3074 	EXP 	New trial (rep=4, index=10): <Trial 202 (10 in rep 4) data={'delay': 0.7, 'freq': 1000, 'condition': 'exp', 'thisN': 202, 'thisTrialN': 10, 'thisRepN': 4}>
894.3229 	EXP 	text: autoDraw = False
894.3229 	EXP 	textbox: autoDraw = False
894.3229 	EXP 	polygon: autoDraw = True
894.5423 	DATA 	Mouse:  Left button up, pos=(617,158)
895.3230 	INFO 	Keyboard events cleared
895.3229 	EXP 	polygon: autoDraw = False
895.3229 	EXP 	polygon_2: autoDraw = True
895.6728 	EXP 	Device response: <KeyPress from None: t=895.6623369997833, value=space, duration=None>
895.6742 	DATA 	Keypress: space
895.6889 	EXP 	polygon: autoDraw = False
895.6889 	EXP 	polygon_2: autoDraw = False
895.8395 	EXP 	Device response: <KeyPress from None: t=895.6623369997833, value=space, duration=0.1641454000491649>
896.3558 	EXP 	Sound sound_1 reached end of file
896.3721 	EXP 	Playing sound sound_1 on speaker Speakers (Realtek(R) Audio)
896.6716 	EXP 	Sound sound_1 stopped
896.6878 	EXP 	text: autoDraw = True
896.6878 	EXP 	textbox: autoDraw = True
896.7415 	DATA 	Keypress: 9
896.7544 	EXP 	Device response: <KeyPress from None: t=896.7412610999309, value=9, duration=None>
896.8887 	EXP 	Device response: <KeyPress from None: t=896.7412610999309, value=9, duration=0.144865500042215>
897.0043 	DATA 	Keypress: 0
897.0049 	EXP 	Device response: <KeyPress from None: t=897.0038413999137, value=0, duration=None>
897.1054 	EXP 	Device response: <KeyPress from None: t=897.0038413999137, value=0, duration=0.09612459992058575>
897.1570 	DATA 	Keypress: 0
897.1708 	EXP 	Device response: <KeyPress from None: t=897.15682129981, value=0, duration=None>
897.2542 	EXP 	Device response: <KeyPress from None: t=897.15682129981, value=0, duration=0.08188239997252822>
898.1868 	DATA 	Mouse: Left button down, pos=(617,158)
898.1873 	EXP 	New trial (rep=4, index=11): <Trial 203 (11 in rep 4) data={'delay': 0.1, 'freq': 400, 'condition': 'unexp', 'thisN': 203, 'thisTrialN': 11, 'thisRepN': 4}>
898.2031 	EXP 	text: autoDraw = False
898.2031 	EXP 	textbox: autoDraw = False
898.2031 	EXP 	polygon: autoDraw = True
898.4070 	DATA 	Mouse:  Left button up, pos=(617,158)
899.2024 	INFO 	Keyboard events cleared
899.2023 	EXP 	polygon: autoDraw = False
899.2023 	EXP 	polygon_2: autoDraw = True
899.5523 	EXP 	Device response: <KeyPress from None: t=899.5402000998147, value=space, duration=None>
899.5532 	DATA 	Keypress: space
899.5688 	EXP 	polygon: autoDraw = False
899.5688 	EXP 	polygon_2: autoDraw = False
899.6353 	EXP 	Sound sound_1 reached end of file
899.6517 	EXP 	Playing sound sound_1 on speaker Speakers (Realtek(R) Audio)
899.7371 	EXP 	Device response: <KeyPress from None: t=899.5402000998147, value=space, duration=0.19319540006108582>
899.9464 	EXP 	Sound sound_1 stopped
899.9682 	EXP 	text: autoDraw = True
899.9682 	EXP 	textbox: autoDraw = True
900.8344 	DATA 	Keypress: 3
900.8350 	EXP 	Device response: <KeyPress from None: t=900.8319800999016, value=3, duration=None>
900.9853 	EXP 	Device response: <KeyPress from None: t=900.8319800999016, value=3, duration=0.1418117000721395>
901.2843 	DATA 	Keypress: minus
901.2850 	EXP 	Device response: <KeyPress from None: t=901.2707183999009, value=minus, duration=None>
901.4015 	EXP 	Device response: <KeyPress from None: t=901.2707183999009, value=minus, duration=0.1182965999469161>
901.5179 	DATA 	Keypress: 0
901.5186 	EXP 	Device response: <KeyPress from None: t=901.5157525998075, value=0, duration=None>
901.6180 	EXP 	Device response: <KeyPress from None: t=901.5157525998075, value=0, duration=0.09225290012545884>
901.8702 	DATA 	Keypress: backspace
901.8837 	EXP 	Device response: <KeyPress from None: t=901.87003250001, value=backspace, duration=None>
901.9510 	EXP 	Device response: <KeyPress from None: t=901.87003250001, value=backspace, duration=0.07560079987160861>
902.0336 	DATA 	Keypress: backspace
902.0342 	EXP 	Device response: <KeyPress from None: t=902.029008399928, value=backspace, duration=None>
902.1345 	EXP 	Device response: <KeyPress from None: t=902.029008399928, value=backspace, duration=0.098697500070557>
902.3166 	DATA 	Keypress: 0
902.3179 	EXP 	Device response: <KeyPress from None: t=902.3162126999814, value=0, duration=None>
902.4008 	EXP 	Device response: <KeyPress from None: t=902.3162126999814, value=0, duration=0.08156389999203384>
902.4998 	DATA 	Keypress: 0
902.5004 	EXP 	Device response: <KeyPress from None: t=902.4862704998814, value=0, duration=None>
902.5672 	EXP 	Device response: <KeyPress from None: t=902.4862704998814, value=0, duration=0.07888519996777177>
903.5825 	DATA 	Mouse: Left button down, pos=(617,158)
903.5830 	EXP 	New trial (rep=4, index=12): <Trial 204 (12 in rep 4) data={'delay': 0.4, 'freq': 1000, 'condition': 'exp', 'thisN': 204, 'thisTrialN': 12, 'thisRepN': 4}>
903.5990 	EXP 	text: autoDraw = False
903.5990 	EXP 	textbox: autoDraw = False
903.5990 	EXP 	polygon: autoDraw = True
903.8012 	DATA 	Mouse:  Left button up, pos=(617,158)
904.5985 	INFO 	Keyboard events cleared
904.5984 	EXP 	polygon: autoDraw = False
904.5984 	EXP 	polygon_2: autoDraw = True
904.8664 	DATA 	Keypress: space
904.8813 	EXP 	Device response: <KeyPress from None: t=904.865680199815, value=space, duration=None>
904.8978 	EXP 	polygon: autoDraw = False
904.8978 	EXP 	polygon_2: autoDraw = False
905.1156 	EXP 	Device response: <KeyPress from None: t=904.865680199815, value=space, duration=0.23329720017500222>
905.2644 	EXP 	Sound sound_1 reached end of file
905.2808 	EXP 	Playing sound sound_1 on speaker Speakers (Realtek(R) Audio)
905.5806 	EXP 	Sound sound_1 stopped
905.5959 	EXP 	text: autoDraw = True
905.5959 	EXP 	textbox: autoDraw = True
906.0471 	DATA 	Keypress: 5
906.0477 	EXP 	Device response: <KeyPress from None: t=906.0389622999355, value=5, duration=None>
906.1971 	EXP 	Device response: <KeyPress from None: t=906.0389622999355, value=5, duration=0.1433407999575138>
906.5965 	DATA 	Keypress: 0
906.5971 	EXP 	Device response: <KeyPress from None: t=906.5909449998289, value=0, duration=None>
906.7135 	EXP 	Device response: <KeyPress from None: t=906.5909449998289, value=0, duration=0.1149726000148803>
906.7968 	DATA 	Keypress: 0
906.7975 	EXP 	Device response: <KeyPress from None: t=906.7946030998137, value=0, duration=None>
906.8969 	EXP 	Device response: <KeyPress from None: t=906.7946030998137, value=0, duration=0.10170530015602708>
907.8957 	DATA 	Mouse: Left button down, pos=(617,158)
907.8962 	EXP 	New trial (rep=4, index=13): <Trial 205 (13 in rep 4) data={'delay': 0.7, 'freq': 400, 'condition': 'unexp', 'thisN': 205, 'thisTrialN': 13, 'thisRepN': 4}>
907.9122 	EXP 	text: autoDraw = False
907.9122 	EXP 	textbox: autoDraw = False
907.9122 	EXP 	polygon: autoDraw = True
908.1148 	DATA 	Mouse:  Left button up, pos=(617,158)
908.8956 	INFO 	Keyboard events cleared
908.8954 	EXP 	polygon_2: autoDraw = True
908.9115 	EXP 	polygon: autoDraw = False
909.1788 	EXP 	Device response: <KeyPress from None: t=909.1711304998025, value=space, duration=None>
909.1803 	DATA 	Keypress: space
909.1962 	EXP 	polygon: autoDraw = False
909.1962 	EXP 	polygon_2: autoDraw = False
909.3287 	EXP 	Device response: <KeyPress from None: t=909.1711304998025, value=space, duration=0.15203250013291836>
909.8617 	EXP 	Sound sound_1 reached end of file
909.8780 	EXP 	Playing sound sound_1 on speaker Speakers (Realtek(R) Audio)
910.1779 	EXP 	Sound sound_1 stopped
910.1922 	EXP 	text: autoDraw = True
910.1922 	EXP 	textbox: autoDraw = True
910.3434 	DATA 	Keypress: 8
910.3440 	EXP 	Device response: <KeyPress from None: t=910.3368508999702, value=8, duration=None>
910.4940 	EXP 	Device response: <KeyPress from None: t=910.3368508999702, value=8, duration=0.1541054998524487>
910.6096 	DATA 	Keypress: 0
910.6102 	EXP 	Device response: <KeyPress from None: t=910.6091797999106, value=0, duration=None>
910.7102 	EXP 	Device response: <KeyPress from None: t=910.6091797999106, value=0, duration=0.09807369997724891>
910.7933 	DATA 	Keypress: 0
910.7940 	EXP 	Device response: <KeyPress from None: t=910.7800355998334, value=0, duration=None>
910.8766 	EXP 	Device response: <KeyPress from None: t=910.7800355998334, value=0, duration=0.08963910001330078>
911.7092 	DATA 	Mouse: Left button down, pos=(617,158)
911.7096 	EXP 	New trial (rep=4, index=14): <Trial 206 (14 in rep 4) data={'delay': 0.7, 'freq': 1000, 'condition': 'exp', 'thisN': 206, 'thisTrialN': 14, 'thisRepN': 4}>
911.7255 	EXP 	text: autoDraw = False
911.7255 	EXP 	textbox: autoDraw = False
911.7255 	EXP 	polygon: autoDraw = True
911.9270 	DATA 	Mouse:  Left button up, pos=(617,158)
912.7256 	INFO 	Keyboard events cleared
912.7254 	EXP 	polygon: autoDraw = False
912.7254 	EXP 	polygon_2: autoDraw = True
913.0251 	EXP 	Device response: <KeyPress from None: t=913.0139182999264, value=space, duration=None>
913.0266 	DATA 	Keypress: space
913.0410 	EXP 	polygon: autoDraw = False
913.0410 	EXP 	polygon_2: autoDraw = False
913.1754 	EXP 	Device response: <KeyPress from None: t=913.0139182999264, value=space, duration=0.15472249989397824>
913.7253 	EXP 	Sound sound_1 reached end of file
913.7413 	EXP 	Playing sound sound_1 on speaker Speakers (Realtek(R) Audio)
914.0372 	EXP 	Sound sound_1 stopped
914.0559 	EXP 	text: autoDraw = True
914.0559 	EXP 	textbox: autoDraw = True
914.1764 	DATA 	Keypress: 9
914.1903 	EXP 	Device response: <KeyPress from None: t=914.1744589000009, value=9, duration=None>
914.3402 	EXP 	Device response: <KeyPress from None: t=914.1744589000009, value=9, duration=0.15116759994998574>
914.5733 	DATA 	Keypress: 0
914.5744 	EXP 	Device response: <KeyPress from None: t=914.5722938999534, value=0, duration=None>
914.6903 	EXP 	Device response: <KeyPress from None: t=914.5722938999534, value=0, duration=0.11607420002110302>
914.7563 	DATA 	Keypress: 0
914.7570 	EXP 	Device response: <KeyPress from None: t=914.7528537998442, value=0, duration=None>
914.8568 	EXP 	Device response: <KeyPress from None: t=914.7528537998442, value=0, duration=0.09564399998635054>
915.9223 	DATA 	Mouse: Left button down, pos=(617,158)
915.9227 	EXP 	New trial (rep=4, index=15): <Trial 207 (15 in rep 4) data={'delay': 0.1, 'freq': 1000, 'condition': 'exp', 'thisN': 207, 'thisTrialN': 15, 'thisRepN': 4}>
915.9385 	EXP 	text: autoDraw = False
915.9385 	EXP 	textbox: autoDraw = False
915.9385 	EXP 	polygon: autoDraw = True
916.1412 	DATA 	Mouse:  Left button up, pos=(617,158)
916.9213 	INFO 	Keyboard events cleared
916.9212 	EXP 	polygon_2: autoDraw = True
916.9387 	EXP 	polygon: autoDraw = False
917.4911 	EXP 	Device response: <KeyPress from None: t=917.4765985999256, value=space, duration=None>
917.4923 	DATA 	Keypress: space
917.5043 	EXP 	polygon: autoDraw = False
917.5043 	EXP 	polygon_2: autoDraw = False
917.5883 	EXP 	Sound sound_1 reached end of file
917.6047 	EXP 	Playing sound sound_1 on speaker Speakers (Realtek(R) Audio)
917.6714 	EXP 	Device response: <KeyPress from None: t=917.4765985999256, value=space, duration=0.1873345000203699>
917.8971 	EXP 	Sound sound_1 stopped
917.9196 	EXP 	text: autoDraw = True
917.9196 	EXP 	textbox: autoDraw = True
918.4039 	DATA 	Keypress: 8
918.4045 	EXP 	Device response: <KeyPress from None: t=918.401586699998, value=8, duration=None>
918.5205 	EXP 	Device response: <KeyPress from None: t=918.401586699998, value=8, duration=0.11530339997261763>
918.6366 	DATA 	Keypress: 0
918.6374 	EXP 	Device response: <KeyPress from None: t=918.6342424999457, value=0, duration=None>
918.7370 	EXP 	Device response: <KeyPress from None: t=918.6342424999457, value=0, duration=0.09169339993968606>
918.7864 	DATA 	Keypress: 0
918.7871 	EXP 	Device response: <KeyPress from None: t=918.7796910000034, value=0, duration=None>
918.8867 	EXP 	Device response: <KeyPress from None: t=918.7796910000034, value=0, duration=0.1029094997793436>
919.9023 	DATA 	Mouse: Left button down, pos=(617,158)
919.9028 	EXP 	New trial (rep=4, index=16): <Trial 208 (16 in rep 4) data={'delay': 0.4, 'freq': 1000, 'condition': 'exp', 'thisN': 208, 'thisTrialN': 16, 'thisRepN': 4}>
919.9189 	EXP 	text: autoDraw = False
919.9189 	EXP 	textbox: autoDraw = False
919.9189 	EXP 	polygon: autoDraw = True
920.1208 	DATA 	Mouse:  Left button up, pos=(617,158)
920.8694 	EXP 	Device response: <KeyPress from None: t=920.8532674999442, value=space, duration=None>
920.8703 	DATA 	Keypress: space
920.9188 	INFO 	Keyboard events cleared
920.9186 	EXP 	polygon: autoDraw = False
920.9186 	EXP 	polygon_2: autoDraw = True
920.9852 	EXP 	Device response: <KeyPress from None: t=920.8532674999442, value=space, duration=0.12541379989124835>
921.3533 	DATA 	Keypress: space
921.3685 	EXP 	Device response: <KeyPress from None: t=921.3527308998164, value=space, duration=None>
921.3843 	EXP 	polygon: autoDraw = False
921.3843 	EXP 	polygon_2: autoDraw = False
921.4690 	EXP 	Device response: <KeyPress from None: t=921.3527308998164, value=space, duration=0.10836110007949173>
921.7518 	EXP 	Sound sound_1 reached end of file
921.7680 	EXP 	Playing sound sound_1 on speaker Speakers (Realtek(R) Audio)
922.0707 	EXP 	Sound sound_1 stopped
922.0827 	EXP 	text: autoDraw = True
922.0827 	EXP 	textbox: autoDraw = True
922.4167 	DATA 	Keypress: 7
922.4174 	EXP 	Device response: <KeyPress from None: t=922.4099085999187, value=7, duration=None>
922.5173 	EXP 	Device response: <KeyPress from None: t=922.4099085999187, value=7, duration=0.10480999993160367>
922.7001 	DATA 	Keypress: 0
922.7007 	EXP 	Device response: <KeyPress from None: t=922.6898887997959, value=0, duration=None>
922.7834 	EXP 	Device response: <KeyPress from None: t=922.6898887997959, value=0, duration=0.08903750008903444>
922.8499 	DATA 	Keypress: 0
922.8506 	EXP 	Device response: <KeyPress from None: t=922.848187699914, value=0, duration=None>
922.9505 	EXP 	Device response: <KeyPress from None: t=922.848187699914, value=0, duration=0.09864920005202293>
924.0174 	DATA 	Mouse: Left button down, pos=(617,158)
924.0324 	EXP 	New trial (rep=4, index=17): <Trial 209 (17 in rep 4) data={'delay': 0.7, 'freq': 400, 'condition': 'unexp', 'thisN': 209, 'thisTrialN': 17, 'thisRepN': 4}>
924.0489 	EXP 	text: autoDraw = False
924.0489 	EXP 	textbox: autoDraw = False
924.0489 	EXP 	polygon: autoDraw = True
924.2507 	DATA 	Mouse:  Left button up, pos=(617,158)
925.0477 	INFO 	Keyboard events cleared
925.0476 	EXP 	polygon_2: autoDraw = True
925.0644 	EXP 	polygon: autoDraw = False
925.3655 	EXP 	Device response: <KeyPress from None: t=925.3585820998996, value=space, duration=None>
925.3670 	DATA 	Keypress: space
925.3808 	EXP 	polygon: autoDraw = False
925.3808 	EXP 	polygon_2: autoDraw = False
925.4481 	EXP 	Device response: <KeyPress from None: t=925.3585820998996, value=space, duration=0.08831769996322691>
926.0647 	EXP 	Sound sound_1 reached end of file
926.0809 	EXP 	Playing sound sound_1 on speaker Speakers (Realtek(R) Audio)
926.3771 	EXP 	Sound sound_1 stopped
926.3958 	EXP 	text: autoDraw = True
926.3958 	EXP 	textbox: autoDraw = True
926.7632 	DATA 	Keypress: 5
926.7638 	EXP 	Device response: <KeyPress from None: t=926.7581920998637, value=5, duration=None>
926.8467 	EXP 	Device response: <KeyPress from None: t=926.7581920998637, value=5, duration=0.08262469992041588>
927.0813 	DATA 	Keypress: 0
927.0964 	EXP 	Device response: <KeyPress from None: t=927.0797772998922, value=0, duration=None>
927.1463 	EXP 	Device response: <KeyPress from None: t=927.0797772998922, value=0, duration=0.06306770001538098>
927.2462 	DATA 	Keypress: 0
927.2468 	EXP 	Device response: <KeyPress from None: t=927.2385367997922, value=0, duration=None>
927.3296 	EXP 	Device response: <KeyPress from None: t=927.2385367997922, value=0, duration=0.07965740002691746>
928.1119 	DATA 	Mouse: Left button down, pos=(617,158)
928.1124 	EXP 	New trial (rep=4, index=18): <Trial 210 (18 in rep 4) data={'delay': 0.4, 'freq': 1000, 'condition': 'exp', 'thisN': 210, 'thisTrialN': 18, 'thisRepN': 4}>
928.1289 	EXP 	text: autoDraw = False
928.1289 	EXP 	textbox: autoDraw = False
928.1289 	EXP 	polygon: autoDraw = True
928.3293 	DATA 	Mouse:  Left button up, pos=(617,158)
929.1280 	INFO 	Keyboard events cleared
929.1279 	EXP 	polygon_2: autoDraw = True
929.1442 	EXP 	polygon: autoDraw = False
929.5447 	EXP 	Device response: <KeyPress from None: t=929.5319110997953, value=space, duration=None>
929.5463 	DATA 	Keypress: space
929.5606 	EXP 	polygon: autoDraw = False
929.5606 	EXP 	polygon_2: autoDraw = False
929.7278 	EXP 	Device response: <KeyPress from None: t=929.5319110997953, value=space, duration=0.1900512999854982>
929.9283 	EXP 	Sound sound_1 reached end of file
929.9447 	EXP 	Playing sound sound_1 on speaker Speakers (Realtek(R) Audio)
930.2475 	EXP 	Sound sound_1 stopped
930.2592 	EXP 	text: autoDraw = True
930.2592 	EXP 	textbox: autoDraw = True
930.7957 	DATA 	Keypress: 3
930.8101 	EXP 	Device response: <KeyPress from None: t=930.7955527999438, value=3, duration=None>
930.8934 	EXP 	Device response: <KeyPress from None: t=930.7955527999438, value=3, duration=0.08511519990861416>
931.1934 	DATA 	Keypress: 0
931.1940 	EXP 	Device response: <KeyPress from None: t=931.1865013998467, value=0, duration=None>
931.2762 	EXP 	Device response: <KeyPress from None: t=931.1865013998467, value=0, duration=0.07529149996116757>
931.3427 	DATA 	Keypress: 0
931.3436 	EXP 	Device response: <KeyPress from None: t=931.3379201998468, value=0, duration=None>
931.4263 	EXP 	Device response: <KeyPress from None: t=931.3379201998468, value=0, duration=0.07824810012243688>
932.4253 	DATA 	Mouse: Left button down, pos=(617,158)
932.4258 	EXP 	New trial (rep=4, index=19): <Trial 211 (19 in rep 4) data={'delay': 0.4, 'freq': 1000, 'condition': 'exp', 'thisN': 211, 'thisTrialN': 19, 'thisRepN': 4}>
932.4415 	EXP 	text: autoDraw = False
932.4415 	EXP 	textbox: autoDraw = False
932.4415 	EXP 	polygon: autoDraw = True
932.6458 	DATA 	Mouse:  Left button up, pos=(617,158)
933.4253 	INFO 	Keyboard events cleared
933.4251 	EXP 	polygon_2: autoDraw = True
933.4416 	EXP 	polygon: autoDraw = False
933.7254 	EXP 	Device response: <KeyPress from None: t=933.7213920999784, value=space, duration=None>
933.7270 	DATA 	Keypress: space
933.7406 	EXP 	polygon: autoDraw = False
933.7406 	EXP 	polygon_2: autoDraw = False
933.9083 	EXP 	Device response: <KeyPress from None: t=933.7213920999784, value=space, duration=0.1745062000118196>
934.1245 	EXP 	Sound sound_1 reached end of file
934.1409 	EXP 	Playing sound sound_1 on speaker Speakers (Realtek(R) Audio)
934.4359 	EXP 	Sound sound_1 stopped
934.4561 	EXP 	text: autoDraw = True
934.4561 	EXP 	textbox: autoDraw = True
934.9729 	DATA 	Keypress: 4
934.9735 	EXP 	Device response: <KeyPress from None: t=934.9724183999933, value=4, duration=None>
935.1073 	EXP 	Device response: <KeyPress from None: t=934.9724183999933, value=4, duration=0.13390479981899261>
935.3728 	DATA 	Keypress: 0
935.3735 	EXP 	Device response: <KeyPress from None: t=935.3717143000104, value=0, duration=None>
935.4558 	EXP 	Device response: <KeyPress from None: t=935.3717143000104, value=0, duration=0.06855599978007376>
935.5061 	DATA 	Keypress: 0
935.5067 	EXP 	Device response: <KeyPress from None: t=935.503826599801, value=0, duration=None>
935.6063 	EXP 	Device response: <KeyPress from None: t=935.503826599801, value=0, duration=0.09236880019307137>
936.6888 	DATA 	Mouse: Left button down, pos=(617,158)
936.6893 	EXP 	New trial (rep=4, index=20): <Trial 212 (20 in rep 4) data={'delay': 0.4, 'freq': 400, 'condition': 'unexp', 'thisN': 212, 'thisTrialN': 20, 'thisRepN': 4}>
936.7047 	EXP 	text: autoDraw = False
936.7047 	EXP 	textbox: autoDraw = False
936.7047 	EXP 	polygon: autoDraw = True
936.9073 	DATA 	Mouse:  Left button up, pos=(617,158)
937.7049 	INFO 	Keyboard events cleared
937.7047 	EXP 	polygon: autoDraw = False
937.7047 	EXP 	polygon_2: autoDraw = True
938.0716 	EXP 	Device response: <KeyPress from None: t=938.064057999989, value=space, duration=None>
938.0734 	DATA 	Keypress: space
938.0876 	EXP 	polygon: autoDraw = False
938.0876 	EXP 	polygon_2: autoDraw = False
938.2217 	EXP 	Device response: <KeyPress from None: t=938.064057999989, value=space, duration=0.14699309994466603>
938.4708 	EXP 	Sound sound_1 reached end of file
938.4871 	EXP 	Playing sound sound_1 on speaker Speakers (Realtek(R) Audio)
938.7877 	EXP 	Sound sound_1 stopped
938.8020 	EXP 	text: autoDraw = True
938.8020 	EXP 	textbox: autoDraw = True
939.7191 	DATA 	Keypress: 3
939.7197 	EXP 	Device response: <KeyPress from None: t=939.7107005999424, value=3, duration=None>
939.8693 	EXP 	Device response: <KeyPress from None: t=939.7107005999424, value=3, duration=0.14193719998002052>
939.9190 	DATA 	Keypress: 0
939.9197 	EXP 	Device response: <KeyPress from None: t=939.9060372998938, value=0, duration=None>
940.0024 	EXP 	Device response: <KeyPress from None: t=939.9060372998938, value=0, duration=0.08246439998038113>
940.0689 	DATA 	Keypress: 0
940.0696 	EXP 	Device response: <KeyPress from None: t=940.0655029998161, value=0, duration=None>
940.1527 	EXP 	Device response: <KeyPress from None: t=940.0655029998161, value=0, duration=0.08005740004591644>
940.9873 	DATA 	Mouse: Left button down, pos=(617,158)
941.0019 	EXP 	New trial (rep=4, index=21): <Trial 213 (21 in rep 4) data={'delay': 0.4, 'freq': 400, 'condition': 'unexp', 'thisN': 213, 'thisTrialN': 21, 'thisRepN': 4}>
941.0180 	EXP 	text: autoDraw = False
941.0180 	EXP 	textbox: autoDraw = False
941.0180 	EXP 	polygon: autoDraw = True
941.2207 	DATA 	Mouse:  Left button up, pos=(617,158)
942.0019 	INFO 	Keyboard events cleared
942.0018 	EXP 	polygon_2: autoDraw = True
942.0175 	EXP 	polygon: autoDraw = False
942.2186 	EXP 	Device response: <KeyPress from None: t=942.2166192999575, value=space, duration=None>
942.2204 	DATA 	Keypress: space
942.2340 	EXP 	polygon: autoDraw = False
942.2340 	EXP 	polygon_2: autoDraw = False
942.3680 	EXP 	Device response: <KeyPress from None: t=942.2166192999575, value=space, duration=0.1414405000396073>
942.6180 	EXP 	Sound sound_1 reached end of file
942.6344 	EXP 	Playing sound sound_1 on speaker Speakers (Realtek(R) Audio)
942.9288 	EXP 	Sound sound_1 stopped
942.9489 	EXP 	text: autoDraw = True
942.9489 	EXP 	textbox: autoDraw = True
943.0500 	DATA 	Keypress: 5
943.0506 	EXP 	Device response: <KeyPress from None: t=943.0449147999752, value=5, duration=None>
943.1515 	DATA 	Keypress: 0
943.1668 	EXP 	Device response: <KeyPress from None: t=943.1511366998311, value=0, duration=None>
943.1669 	EXP 	Device response: <KeyPress from None: t=943.0449147999752, value=5, duration=0.11374809988774359>
943.2661 	EXP 	Device response: <KeyPress from None: t=943.1511366998311, value=0, duration=0.09856930002570152>
943.3161 	DATA 	Keypress: 0
943.3167 	EXP 	Device response: <KeyPress from None: t=943.3156751999632, value=0, duration=None>
943.3997 	EXP 	Device response: <KeyPress from None: t=943.3156751999632, value=0, duration=0.07967490004375577>
944.3495 	DATA 	Mouse: Left button down, pos=(617,158)
944.3500 	EXP 	New trial (rep=4, index=22): <Trial 214 (22 in rep 4) data={'delay': 0.1, 'freq': 400, 'condition': 'unexp', 'thisN': 214, 'thisTrialN': 22, 'thisRepN': 4}>
944.3653 	EXP 	text: autoDraw = False
944.3653 	EXP 	textbox: autoDraw = False
944.3653 	EXP 	polygon: autoDraw = True
944.5838 	DATA 	Mouse:  Left button up, pos=(617,158)
945.3647 	INFO 	Keyboard events cleared
945.3646 	EXP 	polygon: autoDraw = False
945.3646 	EXP 	polygon_2: autoDraw = True
945.7158 	EXP 	Device response: <KeyPress from None: t=945.7116764998063, value=space, duration=None>
945.7173 	DATA 	Keypress: space
945.7309 	EXP 	polygon: autoDraw = False
945.7309 	EXP 	polygon_2: autoDraw = False
945.7996 	EXP 	Sound sound_1 reached end of file
945.8160 	EXP 	Playing sound sound_1 on speaker Speakers (Realtek(R) Audio)
945.8987 	EXP 	Device response: <KeyPress from None: t=945.7116764998063, value=space, duration=0.18170930002816021>
946.1157 	EXP 	Sound sound_1 reached end of file
946.1470 	EXP 	text: autoDraw = True
946.1470 	EXP 	textbox: autoDraw = True
946.3305 	DATA 	Keypress: 5
946.3311 	EXP 	Device response: <KeyPress from None: t=946.3198797998484, value=5, duration=None>
946.4305 	EXP 	Device response: <KeyPress from None: t=946.3198797998484, value=5, duration=0.10501769999973476>
946.7467 	DATA 	Keypress: backspace
946.7472 	EXP 	Device response: <KeyPress from None: t=946.7429535998963, value=backspace, duration=None>
946.8638 	EXP 	Device response: <KeyPress from None: t=946.7429535998963, value=backspace, duration=0.11771079991012812>
946.9466 	DATA 	Keypress: 1
946.9472 	EXP 	Device response: <KeyPress from None: t=946.9352243999019, value=1, duration=None>
947.0966 	EXP 	Device response: <KeyPress from None: t=946.9352243999019, value=1, duration=0.14682719996199012>
947.2296 	DATA 	Keypress: 0
947.2302 	EXP 	Device response: <KeyPress from None: t=947.2260199999437, value=0, duration=None>
947.3635 	EXP 	Device response: <KeyPress from None: t=947.2260199999437, value=0, duration=0.13381759985350072>
947.4143 	DATA 	Keypress: 0
947.4294 	EXP 	Device response: <KeyPress from None: t=947.4131062999368, value=0, duration=None>
947.5299 	EXP 	Device response: <KeyPress from None: t=947.4131062999368, value=0, duration=0.11253459984436631>
948.3455 	DATA 	Mouse: Left button down, pos=(617,158)
948.3460 	EXP 	New trial (rep=4, index=23): <Trial 215 (23 in rep 4) data={'delay': 0.7, 'freq': 1000, 'condition': 'exp', 'thisN': 215, 'thisTrialN': 23, 'thisRepN': 4}>
948.3619 	EXP 	text: autoDraw = False
948.3619 	EXP 	textbox: autoDraw = False
948.3619 	EXP 	polygon: autoDraw = True
948.5638 	DATA 	Mouse:  Left button up, pos=(617,158)
949.3454 	INFO 	Keyboard events cleared
949.3452 	EXP 	polygon_2: autoDraw = True
949.3617 	EXP 	polygon: autoDraw = False
949.6116 	EXP 	Device response: <KeyPress from None: t=949.598760599969, value=space, duration=None>
949.6132 	DATA 	Keypress: space
949.6272 	EXP 	polygon: autoDraw = False
949.6272 	EXP 	polygon_2: autoDraw = False
949.7790 	EXP 	Device response: <KeyPress from None: t=949.598760599969, value=space, duration=0.16766689997166395>
950.2947 	EXP 	Sound sound_1 reached end of file
950.3110 	EXP 	Playing sound sound_1 on speaker Speakers (Realtek(R) Audio)
950.6093 	EXP 	Sound sound_1 stopped
950.6257 	EXP 	text: autoDraw = True
950.6257 	EXP 	textbox: autoDraw = True
950.7294 	DATA 	Keypress: 9
950.7434 	EXP 	Device response: <KeyPress from None: t=950.7271375998389, value=9, duration=None>
950.8439 	EXP 	Device response: <KeyPress from None: t=950.7271375998389, value=9, duration=0.10522120003588498>
950.9599 	DATA 	Keypress: 0
950.9611 	EXP 	Device response: <KeyPress from None: t=950.9587514998857, value=0, duration=None>
951.0597 	EXP 	Device response: <KeyPress from None: t=950.9587514998857, value=0, duration=0.08524719998240471>
951.1461 	DATA 	Keypress: 0
951.1596 	EXP 	Device response: <KeyPress from None: t=951.1458260999061, value=0, duration=None>
951.2265 	EXP 	Device response: <KeyPress from None: t=951.1458260999061, value=0, duration=0.07926469994708896>
952.3258 	DATA 	Mouse: Left button down, pos=(617,158)
952.3262 	EXP 	New trial (rep=4, index=24): <Trial 216 (24 in rep 4) data={'delay': 0.1, 'freq': 1000, 'condition': 'exp', 'thisN': 216, 'thisTrialN': 24, 'thisRepN': 4}>
952.3419 	EXP 	text: autoDraw = False
952.3419 	EXP 	textbox: autoDraw = False
952.3419 	EXP 	polygon: autoDraw = True
952.5454 	DATA 	Mouse:  Left button up, pos=(617,158)
953.3255 	INFO 	Keyboard events cleared
953.3253 	EXP 	polygon_2: autoDraw = True
953.3416 	EXP 	polygon: autoDraw = False
953.7588 	EXP 	Device response: <KeyPress from None: t=953.7527107999194, value=space, duration=None>
953.7608 	DATA 	Keypress: space
953.7744 	EXP 	polygon: autoDraw = False
953.7744 	EXP 	polygon_2: autoDraw = False
953.8418 	EXP 	Sound sound_1 reached end of file
953.8580 	EXP 	Playing sound sound_1 on speaker Speakers (Realtek(R) Audio)
953.9083 	EXP 	Device response: <KeyPress from None: t=953.7527107999194, value=space, duration=0.15352589986287057>
954.1605 	EXP 	Sound sound_1 reached end of file
954.1901 	EXP 	text: autoDraw = True
954.1901 	EXP 	textbox: autoDraw = True
955.5068 	DATA 	Keypress: 4
955.5074 	EXP 	Device response: <KeyPress from None: t=955.496181699913, value=4, duration=None>
955.5899 	EXP 	Device response: <KeyPress from None: t=955.496181699913, value=4, duration=0.08778339996933937>
955.8228 	DATA 	Keypress: 0
955.8235 	EXP 	Device response: <KeyPress from None: t=955.8196573997848, value=0, duration=None>
955.9062 	EXP 	Device response: <KeyPress from None: t=955.8196573997848, value=0, duration=0.07870740001089871>
955.9894 	DATA 	Keypress: 0
955.9902 	EXP 	Device response: <KeyPress from None: t=955.9869083999656, value=0, duration=None>
956.0896 	EXP 	Device response: <KeyPress from None: t=955.9869083999656, value=0, duration=0.08861039998009801>
956.2224 	WARNING 	Keypress was given unknown key code (174)
956.2224 	EXP 	Device response: <KeyPress from None: t=956.2184028998017, value=unknown, duration=None>
957.5385 	EXP 	Device response: <KeyPress from None: t=956.2184028998017, value=unknown, duration=1.3069190999958664>
958.3871 	DATA 	Mouse: Left button down, pos=(687,156)
958.3876 	EXP 	New trial (rep=4, index=25): <Trial 217 (25 in rep 4) data={'delay': 0.1, 'freq': 400, 'condition': 'unexp', 'thisN': 217, 'thisTrialN': 25, 'thisRepN': 4}>
958.4030 	EXP 	text: autoDraw = False
958.4030 	EXP 	textbox: autoDraw = False
958.4030 	EXP 	polygon: autoDraw = True
958.6075 	DATA 	Mouse:  Left button up, pos=(687,156)
959.3873 	INFO 	Keyboard events cleared
959.3871 	EXP 	polygon_2: autoDraw = True
959.4038 	EXP 	polygon: autoDraw = False
959.7041 	EXP 	Device response: <KeyPress from None: t=959.7004240998067, value=space, duration=None>
959.7064 	DATA 	Keypress: space
959.7192 	EXP 	polygon: autoDraw = False
959.7192 	EXP 	polygon_2: autoDraw = False
959.7875 	EXP 	Sound sound_1 reached end of file
959.8038 	EXP 	Playing sound sound_1 on speaker Speakers (Realtek(R) Audio)
959.8706 	EXP 	Device response: <KeyPress from None: t=959.7004240998067, value=space, duration=0.16734510008245707>
960.0975 	EXP 	Sound sound_1 stopped
960.1178 	EXP 	text: autoDraw = True
960.1178 	EXP 	textbox: autoDraw = True
961.0378 	DATA 	Keypress: 5
961.0517 	EXP 	Device response: <KeyPress from None: t=961.0356444998179, value=5, duration=None>
961.1519 	EXP 	Device response: <KeyPress from None: t=961.0356444998179, value=5, duration=0.11237800004892051>
961.1853 	DATA 	Keypress: 0
961.1859 	EXP 	Device response: <KeyPress from None: t=961.1820642999373, value=0, duration=None>
961.2693 	EXP 	Device response: <KeyPress from None: t=961.1820642999373, value=0, duration=0.08487819996662438>
961.3514 	DATA 	Keypress: 0
961.3520 	EXP 	Device response: <KeyPress from None: t=961.3460219998378, value=0, duration=None>
961.4185 	EXP 	Device response: <KeyPress from None: t=961.3460219998378, value=0, duration=0.06796710006892681>
962.2341 	DATA 	Mouse: Left button down, pos=(687,156)
962.2346 	EXP 	New trial (rep=4, index=26): <Trial 218 (26 in rep 4) data={'delay': 0.4, 'freq': 1000, 'condition': 'exp', 'thisN': 218, 'thisTrialN': 26, 'thisRepN': 4}>
962.2502 	EXP 	text: autoDraw = False
962.2502 	EXP 	textbox: autoDraw = False
962.2502 	EXP 	polygon: autoDraw = True
962.4693 	DATA 	Mouse:  Left button up, pos=(687,156)
963.2335 	INFO 	Keyboard events cleared
963.2333 	EXP 	polygon_2: autoDraw = True
963.2505 	EXP 	polygon: autoDraw = False
963.6169 	EXP 	Device response: <KeyPress from None: t=963.6157826997805, value=space, duration=None>
963.6180 	DATA 	Keypress: space
963.6330 	EXP 	polygon: autoDraw = False
963.6330 	EXP 	polygon_2: autoDraw = False
963.7664 	EXP 	Device response: <KeyPress from None: t=963.6157826997805, value=space, duration=0.13421030016615987>
963.9997 	EXP 	Sound sound_1 reached end of file
964.0161 	EXP 	Playing sound sound_1 on speaker Speakers (Realtek(R) Audio)
964.3184 	EXP 	Sound sound_1 stopped
964.3312 	EXP 	text: autoDraw = True
964.3312 	EXP 	textbox: autoDraw = True
964.6321 	DATA 	Keypress: 5
964.6327 	EXP 	Device response: <KeyPress from None: t=964.6288787999656, value=5, duration=None>
964.7327 	EXP 	Device response: <KeyPress from None: t=964.6288787999656, value=5, duration=0.10080239991657436>
964.7819 	DATA 	Keypress: 0
964.7824 	EXP 	Device response: <KeyPress from None: t=964.7816677999217, value=0, duration=None>
964.8823 	EXP 	Device response: <KeyPress from None: t=964.7816677999217, value=0, duration=0.0952292000874877>
964.9819 	DATA 	Keypress: 0
964.9826 	EXP 	Device response: <KeyPress from None: t=964.9716856998857, value=0, duration=None>
965.0489 	EXP 	Device response: <KeyPress from None: t=964.9716856998857, value=0, duration=0.06577019998803735>
966.1142 	DATA 	Mouse: Left button down, pos=(687,156)
966.1147 	EXP 	New trial (rep=4, index=27): <Trial 219 (27 in rep 4) data={'delay': 0.4, 'freq': 400, 'condition': 'unexp', 'thisN': 219, 'thisTrialN': 27, 'thisRepN': 4}>
966.1305 	EXP 	text: autoDraw = False
966.1305 	EXP 	textbox: autoDraw = False
966.1305 	EXP 	polygon: autoDraw = True
966.3334 	DATA 	Mouse:  Left button up, pos=(687,156)
967.1141 	INFO 	Keyboard events cleared
967.1139 	EXP 	polygon_2: autoDraw = True
967.1306 	EXP 	polygon: autoDraw = False
967.7473 	EXP 	Device response: <KeyPress from None: t=967.7383729999419, value=space, duration=None>
967.7489 	DATA 	Keypress: space
967.7627 	EXP 	polygon: autoDraw = False
967.7627 	EXP 	polygon_2: autoDraw = False
967.8973 	EXP 	Device response: <KeyPress from None: t=967.7383729999419, value=space, duration=0.1446573999710381>
968.1302 	EXP 	Sound sound_1 reached end of file
968.1465 	EXP 	Playing sound sound_1 on speaker Speakers (Realtek(R) Audio)
968.4406 	EXP 	Sound sound_1 stopped
968.4611 	EXP 	text: autoDraw = True
968.4611 	EXP 	textbox: autoDraw = True
970.0943 	DATA 	Keypress: 5
970.0949 	EXP 	Device response: <KeyPress from None: t=970.0884806998074, value=5, duration=None>
970.1951 	EXP 	Device response: <KeyPress from None: t=970.0884806998074, value=5, duration=0.10459470003843307>
970.2438 	DATA 	Keypress: 0
970.2444 	EXP 	Device response: <KeyPress from None: t=970.23810279998, value=0, duration=None>
970.3278 	EXP 	Device response: <KeyPress from None: t=970.23810279998, value=0, duration=0.0890557998791337>
970.4105 	DATA 	Keypress: 0
970.4111 	EXP 	Device response: <KeyPress from None: t=970.399679399794, value=0, duration=None>
970.4943 	EXP 	Device response: <KeyPress from None: t=970.399679399794, value=0, duration=0.08439440000802279>
971.2789 	DATA 	Mouse: Left button down, pos=(687,156)
971.2935 	EXP 	New trial (rep=4, index=28): <Trial 220 (28 in rep 4) data={'delay': 0.1, 'freq': 1000, 'condition': 'exp', 'thisN': 220, 'thisTrialN': 28, 'thisRepN': 4}>
971.3093 	EXP 	text: autoDraw = False
971.3093 	EXP 	textbox: autoDraw = False
971.3093 	EXP 	polygon: autoDraw = True
971.5122 	DATA 	Mouse:  Left button up, pos=(687,156)
972.2927 	INFO 	Keyboard events cleared
972.2925 	EXP 	polygon_2: autoDraw = True
972.3099 	EXP 	polygon: autoDraw = False
972.8438 	DATA 	Keypress: space
972.8593 	EXP 	Device response: <KeyPress from None: t=972.8431447998155, value=space, duration=None>
972.8753 	EXP 	polygon: autoDraw = False
972.8753 	EXP 	polygon_2: autoDraw = False
972.9426 	EXP 	Sound sound_1 reached end of file
972.9590 	EXP 	Playing sound sound_1 on speaker Speakers (Realtek(R) Audio)
973.0091 	EXP 	Device response: <KeyPress from None: t=972.8431447998155, value=space, duration=0.15776069997809827>
973.2557 	EXP 	Sound sound_1 stopped
973.2737 	EXP 	text: autoDraw = True
973.2737 	EXP 	textbox: autoDraw = True
973.5087 	DATA 	Keypress: 5
973.5093 	EXP 	Device response: <KeyPress from None: t=973.5059568998404, value=5, duration=None>
973.6415 	DATA 	Keypress: 0
973.6425 	EXP 	Device response: <KeyPress from None: t=973.637303999858, value=0, duration=None>
973.6586 	EXP 	Device response: <KeyPress from None: t=973.5059568998404, value=5, duration=0.14788280008360744>
973.7415 	EXP 	Device response: <KeyPress from None: t=973.637303999858, value=0, duration=0.09872450004331768>
973.8079 	DATA 	Keypress: 0
973.8085 	EXP 	Device response: <KeyPress from None: t=973.7999477998819, value=0, duration=None>
973.9082 	EXP 	Device response: <KeyPress from None: t=973.7999477998819, value=0, duration=0.0980545999482274>
974.8735 	DATA 	Mouse: Left button down, pos=(687,156)
974.8740 	EXP 	New trial (rep=4, index=29): <Trial 221 (29 in rep 4) data={'delay': 0.7, 'freq': 1000, 'condition': 'exp', 'thisN': 221, 'thisTrialN': 29, 'thisRepN': 4}>
974.8898 	EXP 	text: autoDraw = False
974.8898 	EXP 	textbox: autoDraw = False
974.8898 	EXP 	polygon: autoDraw = True
975.1093 	DATA 	Mouse:  Left button up, pos=(687,156)
975.8736 	INFO 	Keyboard events cleared
975.8734 	EXP 	polygon_2: autoDraw = True
975.8900 	EXP 	polygon: autoDraw = False
976.1728 	EXP 	Device response: <KeyPress from None: t=976.1725337000098, value=space, duration=None>
976.1733 	DATA 	Keypress: space
976.2053 	EXP 	polygon: autoDraw = False
976.2053 	EXP 	polygon_2: autoDraw = False
976.4893 	EXP 	Device response: <KeyPress from None: t=976.1725337000098, value=space, duration=0.3010568998288363>
976.8731 	EXP 	Sound sound_1 reached end of file
976.8894 	EXP 	Playing sound sound_1 on speaker Speakers (Realtek(R) Audio)
977.1905 	EXP 	Sound sound_1 stopped
977.2038 	EXP 	text: autoDraw = True
977.2038 	EXP 	textbox: autoDraw = True
977.4715 	DATA 	Keypress: 4
977.4721 	EXP 	Device response: <KeyPress from None: t=977.4589639999904, value=4, duration=None>
977.5890 	EXP 	Device response: <KeyPress from None: t=977.4589639999904, value=4, duration=0.12808309984393418>
977.6547 	DATA 	Keypress: 0
977.6554 	EXP 	Device response: <KeyPress from None: t=977.6506752998102, value=0, duration=None>
977.7547 	EXP 	Device response: <KeyPress from None: t=977.6506752998102, value=0, duration=0.09524290007539093>
977.8237 	DATA 	Keypress: 0
977.8377 	EXP 	Device response: <KeyPress from None: t=977.8231183998287, value=0, duration=None>
977.9053 	EXP 	Device response: <KeyPress from None: t=977.8231183998287, value=0, duration=0.07599789998494089>
978.9395 	DATA 	Mouse: Left button down, pos=(687,156)
978.9537 	EXP 	New trial (rep=4, index=30): <Trial 222 (30 in rep 4) data={'delay': 0.7, 'freq': 400, 'condition': 'unexp', 'thisN': 222, 'thisTrialN': 30, 'thisRepN': 4}>
978.9698 	EXP 	text: autoDraw = False
978.9698 	EXP 	textbox: autoDraw = False
978.9698 	EXP 	polygon: autoDraw = True
979.1722 	DATA 	Mouse:  Left button up, pos=(687,156)
979.9531 	INFO 	Keyboard events cleared
979.9529 	EXP 	polygon_2: autoDraw = True
979.9699 	EXP 	polygon: autoDraw = False
980.3537 	EXP 	Device response: <KeyPress from None: t=980.3496791999787, value=space, duration=None>
980.3558 	DATA 	Keypress: space
980.3691 	EXP 	polygon: autoDraw = False
980.3691 	EXP 	polygon_2: autoDraw = False
980.5535 	EXP 	Device response: <KeyPress from None: t=980.3496791999787, value=space, duration=0.19404520001262426>
981.0530 	EXP 	Sound sound_1 reached end of file
981.0693 	EXP 	Playing sound sound_1 on speaker Speakers (Realtek(R) Audio)
981.3706 	EXP 	Sound sound_1 stopped
981.3839 	EXP 	text: autoDraw = True
981.3839 	EXP 	textbox: autoDraw = True
981.7513 	DATA 	Keypress: 6
981.7519 	EXP 	Device response: <KeyPress from None: t=981.7445032999385, value=6, duration=None>
981.8682 	EXP 	Device response: <KeyPress from None: t=981.7445032999385, value=6, duration=0.11537100002169609>
982.0677 	DATA 	Keypress: 0
982.0683 	EXP 	Device response: <KeyPress from None: t=982.0598135998007, value=0, duration=None>
982.1519 	EXP 	Device response: <KeyPress from None: t=982.0598135998007, value=0, duration=0.08823090000078082>
982.2174 	DATA 	Keypress: 0
982.2180 	EXP 	Device response: <KeyPress from None: t=982.211444699904, value=0, duration=None>
982.3178 	EXP 	Device response: <KeyPress from None: t=982.211444699904, value=0, duration=0.09570450009778142>
984.6321 	DATA 	Mouse: Left button down, pos=(687,156)
984.6327 	EXP 	New trial (rep=4, index=31): <Trial 223 (31 in rep 4) data={'delay': 0.4, 'freq': 1000, 'condition': 'exp', 'thisN': 223, 'thisTrialN': 31, 'thisRepN': 4}>
984.6486 	EXP 	text: autoDraw = False
984.6486 	EXP 	textbox: autoDraw = False
984.6486 	EXP 	polygon: autoDraw = True
984.8681 	DATA 	Mouse:  Left button up, pos=(687,156)
985.6321 	INFO 	Keyboard events cleared
985.6320 	EXP 	polygon_2: autoDraw = True
985.6491 	EXP 	polygon: autoDraw = False
985.9988 	EXP 	Device response: <KeyPress from None: t=985.9950448998716, value=space, duration=None>
986.0007 	DATA 	Keypress: space
986.0144 	EXP 	polygon: autoDraw = False
986.0144 	EXP 	polygon_2: autoDraw = False
986.1479 	EXP 	Device response: <KeyPress from None: t=985.9950448998716, value=space, duration=0.1444963999092579>
986.3817 	EXP 	Sound sound_1 reached end of file
986.3980 	EXP 	Playing sound sound_1 on speaker Speakers (Realtek(R) Audio)
986.6995 	EXP 	Sound sound_1 stopped
986.7128 	EXP 	text: autoDraw = True
986.7128 	EXP 	textbox: autoDraw = True
987.1800 	DATA 	Keypress: 6
987.1806 	EXP 	Device response: <KeyPress from None: t=987.1715938998386, value=6, duration=None>
987.2801 	EXP 	Device response: <KeyPress from None: t=987.1715938998386, value=6, duration=0.10766500001773238>
987.5313 	DATA 	Keypress: 0
987.5463 	EXP 	Device response: <KeyPress from None: t=987.530846899841, value=0, duration=None>
987.6138 	EXP 	Device response: <KeyPress from None: t=987.530846899841, value=0, duration=0.08228480000980198>
987.7130 	DATA 	Keypress: 0
987.7136 	EXP 	Device response: <KeyPress from None: t=987.7034942999016, value=0, duration=None>
987.7796 	EXP 	Device response: <KeyPress from None: t=987.7034942999016, value=0, duration=0.07252199994400144>
988.8458 	DATA 	Mouse: Left button down, pos=(687,156)
988.8463 	EXP 	New trial (rep=4, index=32): <Trial 224 (32 in rep 4) data={'delay': 0.4, 'freq': 400, 'condition': 'unexp', 'thisN': 224, 'thisTrialN': 32, 'thisRepN': 4}>
988.8618 	EXP 	text: autoDraw = False
988.8618 	EXP 	textbox: autoDraw = False
988.8618 	EXP 	polygon: autoDraw = True
989.0624 	DATA 	Mouse:  Left button up, pos=(687,156)
989.8450 	INFO 	Keyboard events cleared
989.8447 	EXP 	polygon_2: autoDraw = True
989.8615 	EXP 	polygon: autoDraw = False
990.1612 	EXP 	Device response: <KeyPress from None: t=990.1460051999893, value=space, duration=None>
990.1626 	DATA 	Keypress: space
990.1777 	EXP 	polygon: autoDraw = False
990.1777 	EXP 	polygon_2: autoDraw = False
990.2791 	EXP 	Device response: <KeyPress from None: t=990.1460051999893, value=space, duration=0.13111249986104667>
990.5455 	EXP 	Sound sound_1 reached end of file
990.5615 	EXP 	Playing sound sound_1 on speaker Speakers (Realtek(R) Audio)
990.8558 	EXP 	Sound sound_1 stopped
990.8762 	EXP 	text: autoDraw = True
990.8762 	EXP 	textbox: autoDraw = True
991.5605 	DATA 	Keypress: 3
991.5612 	EXP 	Device response: <KeyPress from None: t=991.5602074998897, value=3, duration=None>
991.6765 	EXP 	Device response: <KeyPress from None: t=991.5602074998897, value=3, duration=0.10187039989978075>
991.6930 	DATA 	Keypress: 0
991.6936 	EXP 	Device response: <KeyPress from None: t=991.6794826998375, value=0, duration=None>
991.7930 	EXP 	Device response: <KeyPress from None: t=991.6794826998375, value=0, duration=0.09881040011532605>
991.8761 	DATA 	Keypress: 0
991.8768 	EXP 	Device response: <KeyPress from None: t=991.8697928998154, value=0, duration=None>
991.9599 	EXP 	Device response: <KeyPress from None: t=991.8697928998154, value=0, duration=0.08611869998276234>
993.0086 	DATA 	Mouse: Left button down, pos=(687,156)
993.0091 	EXP 	New trial (rep=4, index=33): <Trial 225 (33 in rep 4) data={'delay': 0.4, 'freq': 1000, 'condition': 'exp', 'thisN': 225, 'thisTrialN': 33, 'thisRepN': 4}>
993.0253 	EXP 	text: autoDraw = False
993.0253 	EXP 	textbox: autoDraw = False
993.0253 	EXP 	polygon: autoDraw = True
993.2273 	DATA 	Mouse:  Left button up, pos=(687,156)
994.0086 	INFO 	Keyboard events cleared
994.0085 	EXP 	polygon_2: autoDraw = True
994.0253 	EXP 	polygon: autoDraw = False
994.4915 	EXP 	Device response: <KeyPress from None: t=994.4827929998282, value=space, duration=None>
994.4932 	DATA 	Keypress: space
994.5078 	EXP 	polygon: autoDraw = False
994.5078 	EXP 	polygon_2: autoDraw = False
994.5908 	EXP 	Device response: <KeyPress from None: t=994.4827929998282, value=space, duration=0.09852860006503761>
994.8750 	EXP 	Sound sound_1 reached end of file
994.8912 	EXP 	Playing sound sound_1 on speaker Speakers (Realtek(R) Audio)
995.1854 	EXP 	Sound sound_1 stopped
995.2059 	EXP 	text: autoDraw = True
995.2059 	EXP 	textbox: autoDraw = True
995.6068 	DATA 	Keypress: 4
995.6073 	EXP 	Device response: <KeyPress from None: t=995.6055643998552, value=4, duration=None>
995.7065 	DATA 	Keypress: 0
995.7071 	EXP 	Device response: <KeyPress from None: t=995.7053717998788, value=0, duration=None>
995.7234 	EXP 	Device response: <KeyPress from None: t=995.6055643998552, value=4, duration=0.10994210001081228>
995.7900 	EXP 	Device response: <KeyPress from None: t=995.7053717998788, value=0, duration=0.07851959997788072>
995.8711 	DATA 	Keypress: 0
995.8888 	EXP 	Device response: <KeyPress from None: t=995.8705907999538, value=0, duration=None>
995.9567 	EXP 	Device response: <KeyPress from None: t=995.8705907999538, value=0, duration=0.07718029990792274>
996.7555 	DATA 	Mouse: Left button down, pos=(687,156)
996.7560 	EXP 	New trial (rep=4, index=34): <Trial 226 (34 in rep 4) data={'delay': 0.1, 'freq': 400, 'condition': 'unexp', 'thisN': 226, 'thisTrialN': 34, 'thisRepN': 4}>
996.7721 	EXP 	text: autoDraw = False
996.7721 	EXP 	textbox: autoDraw = False
996.7721 	EXP 	polygon: autoDraw = True
996.9915 	DATA 	Mouse:  Left button up, pos=(687,156)
997.7545 	INFO 	Keyboard events cleared
997.7544 	EXP 	polygon_2: autoDraw = True
997.7888 	EXP 	polygon: autoDraw = False
998.4215 	EXP 	Device response: <KeyPress from None: t=998.4122829998378, value=space, duration=None>
998.4227 	DATA 	Keypress: space
998.4375 	EXP 	polygon: autoDraw = False
998.4375 	EXP 	polygon_2: autoDraw = False
998.5057 	EXP 	Sound sound_1 reached end of file
998.5219 	EXP 	Playing sound sound_1 on speaker Speakers (Realtek(R) Audio)
998.5225 	EXP 	Device response: <KeyPress from None: t=998.4122829998378, value=space, duration=0.10892170015722513>
998.8199 	EXP 	Sound sound_1 stopped
998.8360 	EXP 	text: autoDraw = True
998.8360 	EXP 	textbox: autoDraw = True
999.2036 	DATA 	Keypress: 5
999.2042 	EXP 	Device response: <KeyPress from None: t=999.1956879999489, value=5, duration=None>
999.3370 	DATA 	Keypress: 0
999.3376 	EXP 	Device response: <KeyPress from None: t=999.1956879999489, value=5, duration=0.1299759999383241>
999.3376 	EXP 	Device response: <KeyPress from None: t=999.3363587998319, value=0, duration=None>
999.4370 	EXP 	Device response: <KeyPress from None: t=999.3363587998319, value=0, duration=0.09641080000437796>
999.5034 	DATA 	Keypress: 0
999.5040 	EXP 	Device response: <KeyPress from None: t=999.4957495999988, value=0, duration=None>
999.6040 	EXP 	Device response: <KeyPress from None: t=999.4957495999988, value=0, duration=0.10583579982630908>
1000.6387 	DATA 	Mouse: Left button down, pos=(687,156)
1000.6527 	EXP 	New trial (rep=4, index=35): <Trial 227 (35 in rep 4) data={'delay': 0.7, 'freq': 1000, 'condition': 'exp', 'thisN': 227, 'thisTrialN': 35, 'thisRepN': 4}>
1000.6687 	EXP 	text: autoDraw = False
1000.6687 	EXP 	textbox: autoDraw = False
1000.6687 	EXP 	polygon: autoDraw = True
1000.8706 	DATA 	Mouse:  Left button up, pos=(687,156)
1001.6510 	INFO 	Keyboard events cleared
1001.6509 	EXP 	polygon_2: autoDraw = True
1001.6850 	EXP 	polygon: autoDraw = False
1002.4687 	EXP 	Device response: <KeyPress from None: t=1002.4529954998288, value=space, duration=None>
1002.4700 	DATA 	Keypress: space
1002.4850 	EXP 	polygon: autoDraw = False
1002.4850 	EXP 	polygon_2: autoDraw = False
1002.6350 	EXP 	Device response: <KeyPress from None: t=1002.4529954998288, value=space, duration=0.17084020003676414>
1003.1683 	EXP 	Sound sound_1 reached end of file
1003.1845 	EXP 	Playing sound sound_1 on speaker Speakers (Realtek(R) Audio)
1003.4804 	EXP 	Sound sound_1 stopped
1003.4987 	EXP 	text: autoDraw = True
1003.4987 	EXP 	textbox: autoDraw = True
1003.9331 	DATA 	Keypress: 4
1003.9338 	EXP 	Device response: <KeyPress from None: t=1003.9207073999569, value=4, duration=None>
1004.0334 	EXP 	Device response: <KeyPress from None: t=1003.9207073999569, value=4, duration=0.10153169999830425>
1004.0663 	DATA 	Keypress: 0
1004.0669 	EXP 	Device response: <KeyPress from None: t=1004.0603024999145, value=0, duration=None>
1004.1998 	EXP 	Device response: <KeyPress from None: t=1004.0603024999145, value=0, duration=0.1314350999891758>
1004.2659 	DATA 	Keypress: 0
1004.2665 	EXP 	Device response: <KeyPress from None: t=1004.2564179999754, value=0, duration=None>
1004.3496 	EXP 	Device response: <KeyPress from None: t=1004.2564179999754, value=0, duration=0.08188189985230565>
1005.6150 	DATA 	Mouse: Left button down, pos=(612,126)
1005.6156 	EXP 	New trial (rep=4, index=36): <Trial 228 (36 in rep 4) data={'delay': 0.7, 'freq': 400, 'condition': 'unexp', 'thisN': 228, 'thisTrialN': 36, 'thisRepN': 4}>
1005.6313 	EXP 	text: autoDraw = False
1005.6313 	EXP 	textbox: autoDraw = False
1005.6313 	EXP 	polygon: autoDraw = True
1005.8509 	DATA 	Mouse:  Left button up, pos=(612,126)
1006.6145 	INFO 	Keyboard events cleared
1006.6144 	EXP 	polygon_2: autoDraw = True
1006.6314 	EXP 	polygon: autoDraw = False
1006.9150 	EXP 	Device response: <KeyPress from None: t=1006.9084311998449, value=space, duration=None>
1006.9166 	DATA 	Keypress: space
1006.9305 	EXP 	polygon: autoDraw = False
1006.9305 	EXP 	polygon_2: autoDraw = False
1007.0986 	EXP 	Device response: <KeyPress from None: t=1006.9084311998449, value=space, duration=0.18702730000950396>
1007.5982 	EXP 	Sound sound_1 reached end of file
1007.6144 	EXP 	Playing sound sound_1 on speaker Speakers (Realtek(R) Audio)
1007.9086 	EXP 	Sound sound_1 stopped
1007.9284 	EXP 	text: autoDraw = True
1007.9284 	EXP 	textbox: autoDraw = True
1008.1652 	DATA 	Keypress: 3
1008.1795 	EXP 	Device response: <KeyPress from None: t=1008.1636043998878, value=3, duration=None>
1008.3295 	EXP 	Device response: <KeyPress from None: t=1008.1636043998878, value=3, duration=0.15621190005913377>
1008.3629 	DATA 	Keypress: 0
1008.3635 	EXP 	Device response: <KeyPress from None: t=1008.3622264999431, value=0, duration=None>
1008.4795 	EXP 	Device response: <KeyPress from None: t=1008.3622264999431, value=0, duration=0.1047819999512285>
1008.5456 	DATA 	Keypress: 0
1008.5463 	EXP 	Device response: <KeyPress from None: t=1008.5341676999815, value=0, duration=None>
1008.6466 	EXP 	Device response: <KeyPress from None: t=1008.5341676999815, value=0, duration=0.10879029985517263>
1009.5821 	DATA 	Mouse: Left button down, pos=(609,133)
1009.5955 	EXP 	New trial (rep=4, index=37): <Trial 229 (37 in rep 4) data={'delay': 0.7, 'freq': 400, 'condition': 'unexp', 'thisN': 229, 'thisTrialN': 37, 'thisRepN': 4}>
1009.6115 	EXP 	text: autoDraw = False
1009.6115 	EXP 	textbox: autoDraw = False
1009.6115 	EXP 	polygon: autoDraw = True
1009.8129 	DATA 	Mouse:  Left button up, pos=(609,133)
1010.6113 	INFO 	Keyboard events cleared
1010.6112 	EXP 	polygon: autoDraw = False
1010.6112 	EXP 	polygon_2: autoDraw = True
1011.3283 	EXP 	Device response: <KeyPress from None: t=1011.3122443999164, value=space, duration=None>
1011.3311 	DATA 	Keypress: space
1011.3436 	EXP 	polygon: autoDraw = False
1011.3436 	EXP 	polygon_2: autoDraw = False
1011.4283 	EXP 	Device response: <KeyPress from None: t=1011.3122443999164, value=space, duration=0.10539219994097948>
1012.0276 	EXP 	Sound sound_1 reached end of file
1012.0439 	EXP 	Playing sound sound_1 on speaker Speakers (Realtek(R) Audio)
1012.3394 	EXP 	Sound sound_1 stopped
1012.3582 	EXP 	text: autoDraw = True
1012.3582 	EXP 	textbox: autoDraw = True
1012.6757 	DATA 	Keypress: 9
1012.6763 	EXP 	Device response: <KeyPress from None: t=1012.6676624999382, value=9, duration=None>
1012.7259 	EXP 	Device response: <KeyPress from None: t=1012.6676624999382, value=9, duration=0.05302809993736446>
1012.8783 	DATA 	Keypress: 9
1012.8924 	EXP 	Device response: <KeyPress from None: t=1012.8780873999931, value=9, duration=None>
1012.9927 	EXP 	Device response: <KeyPress from None: t=1012.8780873999931, value=9, duration=0.10552300000563264>
1013.0609 	DATA 	Keypress: 0
1013.0755 	EXP 	Device response: <KeyPress from None: t=1013.0601166998968, value=0, duration=None>
1013.1924 	EXP 	Device response: <KeyPress from None: t=1013.0601166998968, value=0, duration=0.12424080003984272>
1014.1085 	DATA 	Mouse: Left button down, pos=(609,133)
1014.1090 	EXP 	New trial (rep=4, index=38): <Trial 230 (38 in rep 4) data={'delay': 0.7, 'freq': 400, 'condition': 'unexp', 'thisN': 230, 'thisTrialN': 38, 'thisRepN': 4}>
1014.1242 	EXP 	text: autoDraw = False
1014.1242 	EXP 	textbox: autoDraw = False
1014.1242 	EXP 	polygon: autoDraw = True
1014.3278 	DATA 	Mouse:  Left button up, pos=(609,133)
1015.1244 	INFO 	Keyboard events cleared
1015.1242 	EXP 	polygon: autoDraw = False
1015.1242 	EXP 	polygon_2: autoDraw = True
1015.3735 	EXP 	Device response: <KeyPress from None: t=1015.3698185998946, value=space, duration=None>
1015.3749 	DATA 	Keypress: space
1015.3903 	EXP 	polygon: autoDraw = False
1015.3903 	EXP 	polygon_2: autoDraw = False
1015.4914 	EXP 	Device response: <KeyPress from None: t=1015.3698185998946, value=space, duration=0.11170340003445745>
1016.0572 	EXP 	Sound sound_1 reached end of file
1016.0735 	EXP 	Playing sound sound_1 on speaker Speakers (Realtek(R) Audio)
1016.3672 	EXP 	Sound sound_1 stopped
1016.3885 	EXP 	text: autoDraw = True
1016.3885 	EXP 	textbox: autoDraw = True
1016.4059 	DATA 	Keypress: 9
1016.4065 	EXP 	Device response: <KeyPress from None: t=1016.40006109979, value=9, duration=None>
1016.5231 	EXP 	Device response: <KeyPress from None: t=1016.40006109979, value=9, duration=0.11531540006399155>
1016.6725 	DATA 	Keypress: 9
1016.6732 	EXP 	Device response: <KeyPress from None: t=1016.6600739997812, value=9, duration=None>
1016.7730 	EXP 	Device response: <KeyPress from None: t=1016.6600739997812, value=9, duration=0.10535060008987784>
1017.1254 	DATA 	Keypress: 0
1017.1387 	EXP 	Device response: <KeyPress from None: t=1017.1252372998279, value=0, duration=None>
1017.2225 	EXP 	Device response: <KeyPress from None: t=1017.1252372998279, value=0, duration=0.09574430016800761>
1018.2229 	DATA 	Mouse: Left button down, pos=(609,133)
1018.2385 	EXP 	New trial (rep=4, index=39): <Trial 231 (39 in rep 4) data={'delay': 0.4, 'freq': 400, 'condition': 'unexp', 'thisN': 231, 'thisTrialN': 39, 'thisRepN': 4}>
1018.2543 	EXP 	text: autoDraw = False
1018.2543 	EXP 	textbox: autoDraw = False
1018.2543 	EXP 	polygon: autoDraw = True
1018.4576 	DATA 	Mouse:  Left button up, pos=(609,133)
1019.2369 	INFO 	Keyboard events cleared
1019.2368 	EXP 	polygon_2: autoDraw = True
1019.2535 	EXP 	polygon: autoDraw = False
1019.5380 	EXP 	Device response: <KeyPress from None: t=1019.525522899814, value=space, duration=None>
1019.5399 	DATA 	Keypress: space
1019.5532 	EXP 	polygon: autoDraw = False
1019.5532 	EXP 	polygon_2: autoDraw = False
1019.6708 	EXP 	Device response: <KeyPress from None: t=1019.525522899814, value=space, duration=0.12837090017274022>
1019.9208 	EXP 	Sound sound_1 reached end of file
1019.9372 	EXP 	Playing sound sound_1 on speaker Speakers (Realtek(R) Audio)
1020.2390 	EXP 	Sound sound_1 stopped
1020.2518 	EXP 	text: autoDraw = True
1020.2518 	EXP 	textbox: autoDraw = True
1021.2691 	DATA 	Keypress: 5
1021.2700 	EXP 	Device response: <KeyPress from None: t=1021.2577534997836, value=5, duration=None>
1021.3857 	DATA 	Keypress: 0
1021.3863 	EXP 	Device response: <KeyPress from None: t=1021.378975499887, value=0, duration=None>
1021.4195 	EXP 	Device response: <KeyPress from None: t=1021.2577534997836, value=5, duration=0.14758100011385977>
1021.5023 	EXP 	Device response: <KeyPress from None: t=1021.378975499887, value=0, duration=0.11250149994157255>
1021.5535 	DATA 	Keypress: 0
1021.5682 	EXP 	Device response: <KeyPress from None: t=1021.5528923999518, value=0, duration=None>
1021.6360 	EXP 	Device response: <KeyPress from None: t=1021.5528923999518, value=0, duration=0.07573919999413192>
1022.4014 	DATA 	Mouse: Left button down, pos=(609,133)
1022.4020 	EXP 	New trial (rep=4, index=40): <Trial 232 (40 in rep 4) data={'delay': 0.1, 'freq': 1000, 'condition': 'exp', 'thisN': 232, 'thisTrialN': 40, 'thisRepN': 4}>
1022.4174 	EXP 	text: autoDraw = False
1022.4174 	EXP 	textbox: autoDraw = False
1022.4174 	EXP 	polygon: autoDraw = True
1022.6193 	DATA 	Mouse:  Left button up, pos=(609,133)
1023.4018 	INFO 	Keyboard events cleared
1023.4012 	EXP 	polygon_2: autoDraw = True
1023.4176 	EXP 	polygon: autoDraw = False
1023.7682 	EXP 	Device response: <KeyPress from None: t=1023.761536499951, value=space, duration=None>
1023.7702 	DATA 	Keypress: space
1023.7836 	EXP 	polygon: autoDraw = False
1023.7836 	EXP 	polygon_2: autoDraw = False
1023.8677 	EXP 	Sound sound_1 reached end of file
1023.8841 	EXP 	Playing sound sound_1 on speaker Speakers (Realtek(R) Audio)
1023.9345 	EXP 	Device response: <KeyPress from None: t=1023.761536499951, value=space, duration=0.1700633999425918>
1024.1824 	EXP 	Sound sound_1 stopped
1024.1983 	EXP 	text: autoDraw = True
1024.1983 	EXP 	textbox: autoDraw = True
1025.0683 	DATA 	Keypress: 3
1025.0822 	EXP 	Device response: <KeyPress from None: t=1025.0658649997786, value=3, duration=None>
1025.1996 	EXP 	Device response: <KeyPress from None: t=1025.0658649997786, value=3, duration=0.12167410016991198>
1025.2157 	DATA 	Keypress: 0
1025.2163 	EXP 	Device response: <KeyPress from None: t=1025.211020699935, value=0, duration=None>
1025.3322 	EXP 	Device response: <KeyPress from None: t=1025.211020699935, value=0, duration=0.11221729987300932>
1025.3994 	DATA 	Keypress: 0
1025.4002 	EXP 	Device response: <KeyPress from None: t=1025.3964327999856, value=0, duration=None>
1025.4824 	EXP 	Device response: <KeyPress from None: t=1025.3964327999856, value=0, duration=0.07268209988251328>
1026.5812 	DATA 	Mouse: Left button down, pos=(609,133)
1026.5817 	EXP 	New trial (rep=4, index=41): <Trial 233 (41 in rep 4) data={'delay': 0.1, 'freq': 1000, 'condition': 'exp', 'thisN': 233, 'thisTrialN': 41, 'thisRepN': 4}>
1026.5975 	EXP 	text: autoDraw = False
1026.5975 	EXP 	textbox: autoDraw = False
1026.5975 	EXP 	polygon: autoDraw = True
1026.8006 	DATA 	Mouse:  Left button up, pos=(609,133)
1027.5806 	INFO 	Keyboard events cleared
1027.5805 	EXP 	polygon_2: autoDraw = True
1027.5977 	EXP 	polygon: autoDraw = False
1027.8652 	EXP 	Device response: <KeyPress from None: t=1027.8605168999638, value=space, duration=None>
1027.8671 	DATA 	Keypress: space
1027.8800 	EXP 	polygon: autoDraw = False
1027.8800 	EXP 	polygon_2: autoDraw = False
1027.9641 	EXP 	Sound sound_1 reached end of file
1027.9805 	EXP 	Playing sound sound_1 on speaker Speakers (Realtek(R) Audio)
1027.9804 	EXP 	Device response: <KeyPress from None: t=1027.8605168999638, value=space, duration=0.1105316998437047>
1028.2761 	EXP 	Sound sound_1 stopped
1028.2951 	EXP 	text: autoDraw = True
1028.2951 	EXP 	textbox: autoDraw = True
1028.7825 	DATA 	Keypress: 1
1028.7957 	EXP 	Device response: <KeyPress from None: t=1028.7816611998715, value=1, duration=None>
1028.8962 	EXP 	Device response: <KeyPress from None: t=1028.7816611998715, value=1, duration=0.1080988000612706>
1028.9124 	DATA 	Keypress: 0
1028.9130 	EXP 	Device response: <KeyPress from None: t=1028.8997615999542, value=0, duration=None>
1029.0123 	EXP 	Device response: <KeyPress from None: t=1028.8997615999542, value=0, duration=0.0981175999622792>
1029.0789 	DATA 	Keypress: 0
1029.0795 	EXP 	Device response: <KeyPress from None: t=1029.0743527999148, value=0, duration=None>
1029.1465 	EXP 	Device response: <KeyPress from None: t=1029.0743527999148, value=0, duration=0.06572089996188879>
1030.2613 	DATA 	Mouse: Left button down, pos=(609,133)
1030.2618 	EXP 	New trial (rep=4, index=42): <Trial 234 (42 in rep 4) data={'delay': 0.4, 'freq': 400, 'condition': 'unexp', 'thisN': 234, 'thisTrialN': 42, 'thisRepN': 4}>
1030.2774 	EXP 	text: autoDraw = False
1030.2774 	EXP 	textbox: autoDraw = False
1030.2774 	EXP 	polygon: autoDraw = True
1030.4955 	DATA 	Mouse:  Left button up, pos=(609,133)
1031.2612 	INFO 	Keyboard events cleared
1031.2611 	EXP 	polygon_2: autoDraw = True
1031.2779 	EXP 	polygon: autoDraw = False
1031.5779 	EXP 	Device response: <KeyPress from None: t=1031.5741901998408, value=space, duration=None>
1031.5798 	DATA 	Keypress: space
1031.5938 	EXP 	polygon: autoDraw = False
1031.5938 	EXP 	polygon_2: autoDraw = False
1031.7279 	EXP 	Device response: <KeyPress from None: t=1031.5741901998408, value=space, duration=0.14548070007003844>
1031.9611 	EXP 	Sound sound_1 reached end of file
1031.9774 	EXP 	Playing sound sound_1 on speaker Speakers (Realtek(R) Audio)
1032.2765 	EXP 	Sound sound_1 stopped
1032.2916 	EXP 	text: autoDraw = True
1032.2916 	EXP 	textbox: autoDraw = True
1032.5429 	DATA 	Keypress: 9
1032.5435 	EXP 	Device response: <KeyPress from None: t=1032.539951799903, value=9, duration=None>
1032.6431 	EXP 	Device response: <KeyPress from None: t=1032.539951799903, value=9, duration=0.0934965000487864>
1032.7592 	DATA 	Keypress: 0
1032.7598 	EXP 	Device response: <KeyPress from None: t=1032.7515100999735, value=0, duration=None>
1032.8262 	EXP 	Device response: <KeyPress from None: t=1032.7515100999735, value=0, duration=0.07238589995540679>
1032.9097 	DATA 	Keypress: 0
1032.9103 	EXP 	Device response: <KeyPress from None: t=1032.9077498998959, value=0, duration=None>
1032.9923 	EXP 	Device response: <KeyPress from None: t=1032.9077498998959, value=0, duration=0.06871680007316172>
1033.8271 	DATA 	Mouse: Left button down, pos=(609,133)
1033.8423 	EXP 	New trial (rep=4, index=43): <Trial 235 (43 in rep 4) data={'delay': 0.7, 'freq': 1000, 'condition': 'exp', 'thisN': 235, 'thisTrialN': 43, 'thisRepN': 4}>
1033.8584 	EXP 	text: autoDraw = False
1033.8584 	EXP 	textbox: autoDraw = False
1033.8584 	EXP 	polygon: autoDraw = True
1034.0613 	DATA 	Mouse:  Left button up, pos=(609,133)
1034.8415 	INFO 	Keyboard events cleared
1034.8414 	EXP 	polygon_2: autoDraw = True
1034.8583 	EXP 	polygon: autoDraw = False
1035.4591 	DATA 	Keypress: n
1035.4904 	EXP 	Device response: <KeyPress from None: t=1035.4582739998586, value=n, duration=None>
1035.5411 	EXP 	Device response: <KeyPress from None: t=1035.4582739998586, value=n, duration=0.0797359999269247>
1035.7244 	EXP 	Device response: <KeyPress from None: t=1035.7115409998223, value=space, duration=None>
1035.7266 	DATA 	Keypress: space
1035.7400 	EXP 	polygon: autoDraw = False
1035.7400 	EXP 	polygon_2: autoDraw = False
1035.8090 	EXP 	Device response: <KeyPress from None: t=1035.7115409998223, value=space, duration=0.09501409996300936>
1036.4236 	EXP 	Sound sound_1 reached end of file
1036.4400 	EXP 	Playing sound sound_1 on speaker Speakers (Realtek(R) Audio)
1036.7405 	EXP 	Sound sound_1 stopped
1036.7551 	EXP 	text: autoDraw = True
1036.7551 	EXP 	textbox: autoDraw = True
1037.0264 	DATA 	Keypress: 9
1037.0390 	EXP 	Device response: <KeyPress from None: t=1037.0262398999184, value=9, duration=None>
1037.1725 	EXP 	Device response: <KeyPress from None: t=1037.0262398999184, value=9, duration=0.14159939996898174>
1037.2723 	DATA 	Keypress: 9
1037.2729 	EXP 	Device response: <KeyPress from None: t=1037.2609374998137, value=9, duration=None>
1037.3728 	EXP 	Device response: <KeyPress from None: t=1037.2609374998137, value=9, duration=0.10822330019436777>
1037.6883 	DATA 	Keypress: 9
1037.6889 	EXP 	Device response: <KeyPress from None: t=1037.6877088998444, value=9, duration=None>
1037.8384 	EXP 	Device response: <KeyPress from None: t=1037.6877088998444, value=9, duration=0.14937570015899837>
1038.6879 	DATA 	Mouse: Left button down, pos=(609,133)
1038.6884 	EXP 	New trial (rep=4, index=44): <Trial 236 (44 in rep 4) data={'delay': 0.1, 'freq': 400, 'condition': 'unexp', 'thisN': 236, 'thisTrialN': 44, 'thisRepN': 4}>
1038.7042 	EXP 	text: autoDraw = False
1038.7042 	EXP 	textbox: autoDraw = False
1038.7042 	EXP 	polygon: autoDraw = True
1038.9071 	DATA 	Mouse:  Left button up, pos=(609,133)
1039.6880 	INFO 	Keyboard events cleared
1039.6878 	EXP 	polygon_2: autoDraw = True
1039.7040 	EXP 	polygon: autoDraw = False
1039.9556 	EXP 	Device response: <KeyPress from None: t=1039.9531762998085, value=space, duration=None>
1039.9574 	DATA 	Keypress: space
1039.9705 	EXP 	polygon: autoDraw = False
1039.9705 	EXP 	polygon_2: autoDraw = False
1040.0540 	EXP 	Sound sound_1 reached end of file
1040.0703 	EXP 	Playing sound sound_1 on speaker Speakers (Realtek(R) Audio)
1040.0879 	EXP 	Device response: <KeyPress from None: t=1039.9531762998085, value=space, duration=0.12762450007721782>
1040.3684 	EXP 	Sound sound_1 stopped
1040.3851 	EXP 	text: autoDraw = True
1040.3851 	EXP 	textbox: autoDraw = True
1040.7527 	DATA 	Keypress: 4
1040.7533 	EXP 	Device response: <KeyPress from None: t=1040.745488599874, value=4, duration=None>
1040.8863 	EXP 	Device response: <KeyPress from None: t=1040.745488599874, value=4, duration=0.13530339999124408>
1040.9857 	DATA 	Keypress: 0
1040.9864 	EXP 	Device response: <KeyPress from None: t=1040.9805648999754, value=0, duration=None>
1041.1361 	EXP 	Device response: <KeyPress from None: t=1040.9805648999754, value=0, duration=0.14453099993988872>
1041.2023 	DATA 	Keypress: 0
1041.2032 	EXP 	Device response: <KeyPress from None: t=1041.195289599942, value=0, duration=None>
1041.3032 	EXP 	Device response: <KeyPress from None: t=1041.195289599942, value=0, duration=0.09836639999412>
1042.4543 	DATA 	Mouse: Left button down, pos=(609,133)
1042.4687 	EXP 	New trial (rep=4, index=45): <Trial 237 (45 in rep 4) data={'delay': 0.4, 'freq': 1000, 'condition': 'exp', 'thisN': 237, 'thisTrialN': 45, 'thisRepN': 4}>
1042.4843 	EXP 	text: autoDraw = False
1042.4843 	EXP 	textbox: autoDraw = False
1042.4843 	EXP 	polygon: autoDraw = True
1042.6863 	DATA 	Mouse:  Left button up, pos=(609,133)
1043.4680 	INFO 	Keyboard events cleared
1043.4678 	EXP 	polygon_2: autoDraw = True
1043.4848 	EXP 	polygon: autoDraw = False
1043.7349 	EXP 	Device response: <KeyPress from None: t=1043.7299409999978, value=space, duration=None>
1043.7371 	DATA 	Keypress: space
1043.7507 	EXP 	polygon: autoDraw = False
1043.7507 	EXP 	polygon_2: autoDraw = False
1043.8850 	EXP 	Device response: <KeyPress from None: t=1043.7299409999978, value=space, duration=0.15347599983215332>
1044.1343 	EXP 	Sound sound_1 reached end of file
1044.1506 	EXP 	Playing sound sound_1 on speaker Speakers (Realtek(R) Audio)
1044.4464 	EXP 	Sound sound_1 stopped
1044.4652 	EXP 	text: autoDraw = True
1044.4652 	EXP 	textbox: autoDraw = True
1044.7491 	DATA 	Keypress: 5
1044.7497 	EXP 	Device response: <KeyPress from None: t=1044.742704999866, value=5, duration=None>
1044.8826 	EXP 	Device response: <KeyPress from None: t=1044.742704999866, value=5, duration=0.12784600001759827>
1044.9160 	DATA 	Keypress: 0
1044.9166 	EXP 	Device response: <KeyPress from None: t=1044.9054475999437, value=0, duration=None>
1044.9994 	EXP 	Device response: <KeyPress from None: t=1044.9054475999437, value=0, duration=0.08962409989908338>
1045.0827 	DATA 	Keypress: 0
1045.0834 	EXP 	Device response: <KeyPress from None: t=1045.077253999887, value=0, duration=None>
1045.1661 	EXP 	Device response: <KeyPress from None: t=1045.077253999887, value=0, duration=0.08269670000299811>
1046.2483 	DATA 	Mouse: Left button down, pos=(609,133)
1046.2488 	EXP 	New trial (rep=4, index=46): <Trial 238 (46 in rep 4) data={'delay': 0.7, 'freq': 400, 'condition': 'unexp', 'thisN': 238, 'thisTrialN': 46, 'thisRepN': 4}>
1046.2643 	EXP 	text: autoDraw = False
1046.2643 	EXP 	textbox: autoDraw = False
1046.2643 	EXP 	polygon: autoDraw = True
1046.4837 	DATA 	Mouse:  Left button up, pos=(609,133)
1047.2483 	INFO 	Keyboard events cleared
1047.2482 	EXP 	polygon_2: autoDraw = True
1047.2649 	EXP 	polygon: autoDraw = False
1047.5477 	EXP 	Device response: <KeyPress from None: t=1047.5437441999093, value=space, duration=None>
1047.5497 	DATA 	Keypress: space
1047.5633 	EXP 	polygon: autoDraw = False
1047.5633 	EXP 	polygon_2: autoDraw = False
1047.6979 	EXP 	Device response: <KeyPress from None: t=1047.5437441999093, value=space, duration=0.1484620999544859>
1048.2309 	EXP 	Sound sound_1 reached end of file
1048.2473 	EXP 	Playing sound sound_1 on speaker Speakers (Realtek(R) Audio)
1048.5488 	EXP 	Sound sound_1 reached end of file
1048.5794 	EXP 	text: autoDraw = True
1048.5794 	EXP 	textbox: autoDraw = True
1048.8459 	DATA 	Keypress: 9
1048.8465 	EXP 	Device response: <KeyPress from None: t=1048.8454609999899, value=9, duration=None>
1048.9626 	EXP 	Device response: <KeyPress from None: t=1048.8454609999899, value=9, duration=0.1044036999810487>
1049.0648 	DATA 	Keypress: 0
1049.0789 	EXP 	Device response: <KeyPress from None: t=1049.063707999885, value=0, duration=None>
1049.1791 	EXP 	Device response: <KeyPress from None: t=1049.063707999885, value=0, duration=0.10493650007992983>
1049.2459 	DATA 	Keypress: 0
1049.2467 	EXP 	Device response: <KeyPress from None: t=1049.2386258998886, value=0, duration=None>
1049.3122 	EXP 	Device response: <KeyPress from None: t=1049.2386258998886, value=0, duration=0.06552459998056293>
1050.3614 	DATA 	Mouse: Left button down, pos=(609,133)
1050.3619 	EXP 	New trial (rep=4, index=47): <Trial 239 (47 in rep 4) data={'delay': 0.1, 'freq': 1000, 'condition': 'exp', 'thisN': 239, 'thisTrialN': 47, 'thisRepN': 4}>
1050.3780 	EXP 	text: autoDraw = False
1050.3780 	EXP 	textbox: autoDraw = False
1050.3780 	EXP 	polygon: autoDraw = True
1050.5953 	DATA 	Mouse:  Left button up, pos=(609,133)
1051.3781 	INFO 	Keyboard events cleared
1051.3779 	EXP 	polygon_2: autoDraw = True
1051.3949 	EXP 	polygon: autoDraw = False
1051.6781 	EXP 	Device response: <KeyPress from None: t=1051.6677045999095, value=space, duration=None>
1051.6797 	DATA 	Keypress: space
1051.6937 	EXP 	polygon: autoDraw = False
1051.6937 	EXP 	polygon_2: autoDraw = False
1051.7609 	EXP 	Sound sound_1 reached end of file
1051.7772 	EXP 	Playing sound sound_1 on speaker Speakers (Realtek(R) Audio)
1051.8284 	EXP 	Device response: <KeyPress from None: t=1051.6677045999095, value=space, duration=0.15716119995340705>
1052.0802 	EXP 	Sound sound_1 stopped
1052.0923 	EXP 	text: autoDraw = True
1052.0923 	EXP 	textbox: autoDraw = True
1052.3969 	DATA 	Keypress: 5
1052.4097 	EXP 	Device response: <KeyPress from None: t=1052.3962329998612, value=5, duration=None>
1052.5266 	EXP 	Device response: <KeyPress from None: t=1052.3962329998612, value=5, duration=0.12138419994153082>
1052.5435 	DATA 	Keypress: 0
1052.5441 	EXP 	Device response: <KeyPress from None: t=1052.5430112998001, value=0, duration=None>
1052.6431 	EXP 	Device response: <KeyPress from None: t=1052.5430112998001, value=0, duration=0.09946670010685921>
1052.7093 	DATA 	Keypress: 0
1052.7099 	EXP 	Device response: <KeyPress from None: t=1052.7083219999913, value=0, duration=None>
1052.8099 	EXP 	Device response: <KeyPress from None: t=1052.7083219999913, value=0, duration=0.09817090001888573>
1053.7757 	DATA 	Mouse: Left button down, pos=(609,133)
1053.7916 	EXP 	text: autoDraw = False
1053.7916 	EXP 	textbox: autoDraw = False
1053.7918 	EXP 	untitled: status = STOPPED
1053.8617 	INFO 	saved data to 'C:\\Users\\DELL\\Desktop\\intentional binding\\data\\193434_untitled_2025-11-13_16h02.47.043.csv'
1053.8655 	INFO 	saved data to C:\Users\DELL\Desktop\intentional binding\data\193434_untitled_2025-11-13_16h02.47.043.psydat
1054.1384 	WARNING 	Stopping key buffers but this could be dangerous ifother keyboards rely on the same.
1054.2145 	WARNING 	Stopping key buffers but this could be dangerous ifother keyboards rely on the same.
